Unity Editor version:    6000.3.13f1 (8c4f11e4fb20)
Branch:                  6000.3/staging
Build type:              Release
Batch mode:              YES
macOS version:           Version 26.6.2 (Build 25G83)
Darwin version:          25.6.0
Architecture:            arm64
Running under Rosetta:   NO
Available memory:        24576 MB
Date:                    2026-09-19T15:56:58Z
[Licensing::Module] Trying to connect to existing licensing client channel...
[Licensing::IpcConnector] Successfully connected to: "LicenseClient-riddh" at "2026-09-19T15:56:58.109135Z"

COMMAND LINE ARGUMENTS:
/Applications/Unity/Hub/Editor/6000.3.13f1/Unity.app/Contents/MacOS/Unity
-adb2
-batchMode
-noUpm
-name
AssetImportWorker0
-projectPath
/Users/riddh/Unity Projects/Ink Bound
-logFile
Logs/AssetImportWorker0.log
-srvPort
54896
-licensingIpc
LicenseClient-riddh
-job-worker-count
5
-background-job-worker-count
8
-gc-helper-count
1
-name AssetImport
Successfully changed project path to: /Users/riddh/Unity Projects/Ink Bound
/Users/riddh/Unity Projects/Ink Bound
[UnityMemory] Configuration Parameters - Can be set up in boot.config
    "memorysetup-allocator-temp-initial-block-size-main=262144"
    "memorysetup-allocator-temp-initial-block-size-worker=262144"
    "memorysetup-temp-allocator-size-background-worker=32768"
    "memorysetup-temp-allocator-size-job-worker=262144"
    "memorysetup-temp-allocator-size-preload-manager=33554432"
    "memorysetup-temp-allocator-size-nav-mesh-worker=65536"
    "memorysetup-temp-allocator-size-audio-worker=65536"
    "memorysetup-temp-allocator-size-cloud-worker=32768"
    "memorysetup-bucket-allocator-granularity=16"
    "memorysetup-bucket-allocator-bucket-count=8"
    "memorysetup-bucket-allocator-block-size=33554432"
    "memorysetup-bucket-allocator-block-count=8"
    "memorysetup-main-allocator-block-size=16777216"
    "memorysetup-thread-allocator-block-size=16777216"
    "memorysetup-gfx-main-allocator-block-size=16777216"
    "memorysetup-gfx-thread-allocator-block-size=16777216"
    "memorysetup-cache-allocator-block-size=4194304"
    "memorysetup-typetree-allocator-block-size=2097152"
    "memorysetup-profiler-bucket-allocator-granularity=16"
    "memorysetup-profiler-bucket-allocator-bucket-count=8"
    "memorysetup-profiler-bucket-allocator-block-size=33554432"
    "memorysetup-profiler-bucket-allocator-block-count=8"
    "memorysetup-profiler-allocator-block-size=16777216"
    "memorysetup-profiler-editor-allocator-block-size=1048576"
    "memorysetup-temp-allocator-size-main=16777216"
    "memorysetup-job-temp-allocator-block-size=2097152"
    "memorysetup-job-temp-allocator-block-size-background=1048576"
    "memorysetup-job-temp-allocator-reduction-small-platforms=262144"
    "memorysetup-temp-allocator-size-gi-baking-worker=262144"
    "memorysetup-temp-allocator-size-gi-baking-worker=262144"
    "memorysetup-temp-allocator-size-gi-baking-worker=262144"
    "memorysetup-temp-allocator-size-gi-baking-worker=262144"
    "memorysetup-temp-allocator-size-gi-baking-worker=262144"
    "memorysetup-temp-allocator-size-gfx=262144"
Player connection [8385798528]  Target information:

Player connection [8385798528]  * "[IP] 10.36.199.100 [Port] 0 [Flags] 2 [Guid] 428158802 [EditorId] 428158802 [Version] 1048832 [Id] OSXEditor(0,eduroam-campus-10-36-199-100.campus-dynamic.uwaterloo.ca) [Debug] 1 [PackageName] OSXEditor [ProjectName] Editor" 

Player connection [8385798528] Host joined multi-casting on [225.0.0.222:54997]...
Player connection [8385798528] Host joined alternative multi-casting on [225.0.0.222:34997]...
JobSystem: Creating JobQueue using job-worker-count value 5
Input System module state changed to: Initialized.
[Physics::Module] Initialized fallback backend.
[Physics::Module] Id: 0xdecafbad
Library Redirect Path: Library/
[Physics::Module] Selected backend.
[Physics::Module] Name: PhysX
[Physics::Module] Id: 0xf2b8ea05
[Physics::Module] SDK Version: 4.1.2
[Physics::Module] Integration Version: 1.0.0
[Physics::Module] Threading Mode: Multi-Threaded
[Licensing::Module] Licensing is not yet initialized.
[Licensing::Client] Handshaking with LicensingClient:
  Version:                 1.18.3+d7ffd15
  Session Id:              4ffbb465829f4b999f1275095210338b
  Correlation Id:          f87711e8bee48c96bbd9ffe2d73e16bd
  External correlation Id: 3621981968053527104
  Machine Id:              m3PPNyKNJOb/y4XIuOxqAksc8As=
[Licensing::Module] Successfully connected to LicensingClient on channel: "LicenseClient-riddh" (connect: 0.00s, validation: 0.00s, handshake: 0.63s)
[Licensing::IpcConnector] Successfully connected to: "LicenseClient-riddh-notifications" at "2026-09-19T15:56:58.742366Z"
[Licensing::Module] Licensing Background thread has ended after 0.63s
[Licensing::Module] Licensing is initialized (took 0.41s).
[Licensing::Client] Successfully resolved entitlement details
[Licensing::Module] License group:
  Id: 3574372603868-UnityPersXXXX
  Product: Unity Personal
  Type: Assigned
  Expiration: Unlimited
Refreshing native plugins compatible for Editor in 27.55 ms, found 18 plugins.
Preloading 1 native plugins for Editor in 1.47 ms.
Initialize engine version: 6000.3.13f1 (8c4f11e4fb20)
[Subsystems] Discovering subsystems at path /Applications/Unity/Hub/Editor/6000.3.13f1/Unity.app/Contents/Resources/UnitySubsystems
[Subsystems] Discovering subsystems at path /Users/riddh/Unity Projects/Ink Bound/Assets
GfxDevice: creating device client; kGfxThreadingModeNonThreaded
 preferred device: Apple M4 Pro (high power)
Metal devices available: 1
0: Apple M4 Pro (high power)
Using device Apple M4 Pro (high power)
Initializing Metal device caps: Apple M4 Pro
Mac GPU Family: 2
Apple GPU Family: 9
MSL Version: 3.0
Has Float MSAA: 1
Has Float Filtering: 1
ReadWrite Texture Tier: 2
Shader 'Meta/MRUK/Scene/HighlightsAndShadows': fallback shader 'Off' not found
Shader 'Oculus/OVRMRCameraFrameLit': fallback shader 'Alpha-Diffuse' not found
Initialize mono
Mono path[0] = '/Applications/Unity/Hub/Editor/6000.3.13f1/Unity.app/Contents/Resources/Scripting/Managed'
Mono path[1] = '/Applications/Unity/Hub/Editor/6000.3.13f1/Unity.app/Contents/Resources/Scripting/MonoBleedingEdge/lib/mono/unityjit-macos'
Mono config path = '/Applications/Unity/Hub/Editor/6000.3.13f1/Unity.app/Contents/Resources/Scripting/MonoBleedingEdge/etc'
Using monoOptions --debugger-agent=transport=dt_socket,embedding=1,server=y,suspend=n,address=127.0.0.1:56524
Begin MonoManager ReloadAssembly
Registering precompiled unity dll's ...
Register platform support module: /Applications/Unity/Hub/Editor/6000.3.13f1/Unity.app/Contents/PlaybackEngines/MacStandaloneSupport/UnityEditor.OSXStandalone.Extensions.dll
Register platform support module: /Applications/Unity/Hub/Editor/6000.3.13f1/PlaybackEngines/AndroidPlayer/UnityEditor.Android.Extensions.dll
[Licensing::Client] Successfully resolved entitlement details
Register platform support module: /Applications/Unity/Hub/Editor/6000.3.13f1/PlaybackEngines/iOSSupport/UnityEditor.iOS.Extensions.dll
Registered in 0.001240 seconds.
- Loaded All Assemblies, in  0.221 seconds
[usbmuxd] Start listen thread
[usbmuxd] Listen thread started
[usbmuxd] Send listen message
Native extension for iOS target not found
Native extension for Android target not found
Native extension for OSXStandalone target not found
Package Manager log level set to [2]
[Package Manager] Failed to launch server process. Reason: Unity was launched with the -noUpm command-line argument
[Package Manager] Unable to send message (not connected to server process).
[Package Manager] Cannot connect to Unity Package Manager local server
ScheduleIndexationOnStartup MainProcess:False IndexOnStartup:True
Mono: successfully reloaded assembly
- Finished resetting the current domain, in  0.235 seconds
Domain Reload Profiling: 457ms
	BeginReloadAssembly (68ms)
		ExecutionOrderSort (0ms)
		DisableScriptedObjects (0ms)
		BackupInstance (0ms)
		ReleaseScriptingObjects (0ms)
		CreateAndSetChildDomain (0ms)
	RebuildCommonClasses (20ms)
	RebuildNativeTypeToScriptingClass (7ms)
	initialDomainReloadingComplete (24ms)
	LoadAllAssembliesAndSetupDomain (102ms)
		LoadAssemblies (69ms)
		RebuildTransferFunctionScriptingTraits (0ms)
		AnalyzeDomain (100ms)
			TypeCache.Refresh (98ms)
				TypeCache.ScanAssembly (89ms)
			BuildScriptInfoCaches (0ms)
			ResolveRequiredComponents (0ms)
	FinalizeReload (236ms)
		ReleaseScriptCaches (0ms)
		RebuildScriptCaches (0ms)
		SetupLoadedEditorAssemblies (202ms)
			LogAssemblyErrors (0ms)
			InitializePlatformSupportModulesInManaged (50ms)
			SetLoadedEditorAssemblies (2ms)
			BeforeProcessingInitializeOnLoad (44ms)
			ProcessInitializeOnLoadAttributes (63ms)
			ProcessInitializeOnLoadMethodAttributes (43ms)
			AfterProcessingInitializeOnLoad (0ms)
			EditorAssembliesLoaded (0ms)
		ExecutionOrderSort2 (0ms)
		AwakeInstancesAfterBackupRestoration (0ms)
[CoreBusinessMetrics] Unexpected thread when updating session info.
========================================================================
Worker process is ready to serve import requests
Import Worker Mode flag is 0x00
Begin MonoManager ReloadAssembly
[Licensing::Client] Successfully resolved entitlement details
Symbol file LoadedFromMemory is not a mono symbol file
- Loaded All Assemblies, in  0.570 seconds
Script 'CharacterController' has the same name as built-in Unity component.
AddComponent and GetComponent will not work with this script.
'Packages/com.meta.xr.sdk.core/Editor/RuntimeOptimizer/RuntimeOptimizerNetworking.cs' contains partial class of Unity.Object, exactly 1 of the partial classes needs to be in a file with the same filename. This is to know the one that can be referenced from ie. GameObjects
'Packages/com.meta.xr.sdk.core/Editor/BuildingBlocks/BlocksWindow.cs' contains partial class of Unity.Object, exactly 1 of the partial classes needs to be in a file with the same filename. This is to know the one that can be referenced from ie. GameObjects
'Packages/com.meta.xr.sdk.core/Editor/RuntimeOptimizer/RuntimeOptimizerStyles.cs' contains partial class of Unity.Object, exactly 1 of the partial classes needs to be in a file with the same filename. This is to know the one that can be referenced from ie. GameObjects
'Packages/com.meta.xr.sdk.core/Editor/RuntimeOptimizer/RuntimeOptimizer.cs' contains partial class of Unity.Object, exactly 1 of the partial classes needs to be in a file with the same filename. This is to know the one that can be referenced from ie. GameObjects
'Packages/com.meta.xr.sdk.core/Editor/BuildingBlocks/BlocksWindowDetailsExtension.cs' contains partial class of Unity.Object, exactly 1 of the partial classes needs to be in a file with the same filename. This is to know the one that can be referenced from ie. GameObjects
'Packages/com.meta.xr.sdk.core/Editor/BuildingBlocks/BlocksWindowCollectionsPageExtension.cs' contains partial class of Unity.Object, exactly 1 of the partial classes needs to be in a file with the same filename. This is to know the one that can be referenced from ie. GameObjects
Refreshing native plugins compatible for Editor in 4.06 ms, found 18 plugins.
Native extension for iOS target not found
Native extension for Android target not found
Native extension for OSXStandalone target not found
[Package Manager] Failed to launch server process. Reason: Unity was launched with the -noUpm command-line argument
[Package Manager] Unable to send message (not connected to server process).
[Package Manager] Cannot connect to Unity Package Manager local server
Refreshing native plugins compatible for Editor in 3.83 ms, found 18 plugins.
I0919 11:57:00.859914 530355 OVRTelemetry.cpp:57] Telemetry_Init: calling startSession with engineName=Unity, pluginVersion=1.205.0
I0919 11:57:00.871722 530355 OVRTelemetry.cpp:61] Telemetry_Init: startSession completed successfully
[Package Manager] Failed to launch server process. Reason: Unity was launched with the -noUpm command-line argument
[Package Manager] Unable to send message (not connected to server process).
[Package Manager] Cannot connect to Unity Package Manager local server
[Package Manager] Failed to launch server process. Reason: Unity was launched with the -noUpm command-line argument
[Package Manager] Unable to send message (not connected to server process).
[Package Manager] Cannot connect to Unity Package Manager local server
[Package Manager] Failed to launch server process. Reason: Unity was launched with the -noUpm command-line argument
[Package Manager] Unable to send message (not connected to server process).
[Package Manager] Cannot connect to Unity Package Manager local server
ScheduleIndexationOnStartup MainProcess:False IndexOnStartup:True
Mono: successfully reloaded assembly
[Package Manager] Failed to launch server process. Reason: Unity was launched with the -noUpm command-line argument
[Package Manager] Unable to send message (not connected to server process).
[Package Manager] Cannot connect to Unity Package Manager local server
[Package Manager] Failed to launch server process. Reason: Unity was launched with the -noUpm command-line argument
[Package Manager] Unable to send message (not connected to server process).
[Package Manager] Cannot connect to Unity Package Manager local server
- Finished resetting the current domain, in  0.757 seconds
Domain Reload Profiling: 1327ms
	BeginReloadAssembly (63ms)
		ExecutionOrderSort (0ms)
		DisableScriptedObjects (2ms)
		BackupInstance (0ms)
		ReleaseScriptingObjects (0ms)
		CreateAndSetChildDomain (13ms)
	RebuildCommonClasses (19ms)
	RebuildNativeTypeToScriptingClass (7ms)
	initialDomainReloadingComplete (16ms)
	LoadAllAssembliesAndSetupDomain (464ms)
		LoadAssemblies (281ms)
		RebuildTransferFunctionScriptingTraits (0ms)
		AnalyzeDomain (210ms)
			TypeCache.Refresh (149ms)
				TypeCache.ScanAssembly (130ms)
			BuildScriptInfoCaches (47ms)
			ResolveRequiredComponents (11ms)
	FinalizeReload (758ms)
		ReleaseScriptCaches (0ms)
		RebuildScriptCaches (0ms)
		SetupLoadedEditorAssemblies (639ms)
			LogAssemblyErrors (0ms)
			InitializePlatformSupportModulesInManaged (8ms)
			SetLoadedEditorAssemblies (4ms)
			BeforeProcessingInitializeOnLoad (90ms)
			ProcessInitializeOnLoadAttributes (439ms)
			ProcessInitializeOnLoadMethodAttributes (96ms)
			AfterProcessingInitializeOnLoad (1ms)
			EditorAssembliesLoaded (0ms)
		ExecutionOrderSort2 (0ms)
		AwakeInstancesAfterBackupRestoration (2ms)
WARNING: Shader Unsupported: 'Universal Render Pipeline/VR/SpatialMapping/Wireframe' - All subshaders removed
WARNING: Shader Did you use #pragma only_renderers and omit this platform?
WARNING: Shader If subshaders removal was intentional, you may have forgotten turning Fallback off?
WARNING: Shader Unsupported: 'Universal Render Pipeline/VR/SpatialMapping/Wireframe' - All subshaders removed
WARNING: Shader Did you use #pragma only_renderers and omit this platform?
WARNING: Shader If subshaders removal was intentional, you may have forgotten turning Fallback off?
Shader 'Meta/MRUK/Scene/HighlightsAndShadows': fallback shader 'Off' not found
Shader 'Oculus/OVRMRCameraFrameLit': fallback shader 'Alpha-Diffuse' not found
[OVRPlugin][INFO] UnityPluginLoad called

Launching external process: /Applications/Unity/Hub/Editor/6000.3.13f1/Unity.app/Contents/Helpers/UnityShaderCompiler
Launched and connected shader compiler UnityShaderCompiler after 0.02 seconds
Refreshing native plugins compatible for Editor in 4.45 ms, found 18 plugins.
Preloading 1 native plugins for Editor in 0.27 ms.
Unloading 22 Unused Serialized files (Serialized files now loaded: 0)
Unloading 10040 unused Assets / (5.0 MB). Loaded Objects now: 10919.
Memory consumption went from 176.8 MB to 171.8 MB.
Total: 10.289750 ms (FindLiveObjects: 0.841542 ms CreateObjectMapping: 0.243292 ms MarkObjects: 7.512083 ms  DeleteObjects: 1.692416 ms)

========================================================================
Received Import Request.
  Time since last request: 26314.762723 seconds.
  path: Assets/Resources/MetaXRAcousticMaterialMapping.asset
  artifactKey: Guid(5948c470424864f51bd30ccfdd83e008) Importer(2089858483,b0f066a214c2f5e87bad3c948f4d605d)
Start importing Assets/Resources/MetaXRAcousticMaterialMapping.asset using Guid(5948c470424864f51bd30ccfdd83e008) Importer(2089858483,b0f066a214c2f5e87bad3c948f4d605d) (ScriptedImporter) -> (artifact id: '44433c8ce459ca232acf3490bfafc7d8') in 0.0274905 seconds
Number of updated asset objects reloaded before import = 0Number of asset objects unloaded after import = 1

========================================================================
Received Import Request.
  Time since last request: 0.000032 seconds.
  path: Assets/Resources/OculusRuntimeSettings.asset
  artifactKey: Guid(d66e9948255a44b718ed081c4a05661b) Importer(2089858483,b0f066a214c2f5e87bad3c948f4d605d)
Start importing Assets/Resources/OculusRuntimeSettings.asset using Guid(d66e9948255a44b718ed081c4a05661b) Importer(2089858483,b0f066a214c2f5e87bad3c948f4d605d) (ScriptedImporter) -> (artifact id: '0be8ca3f5dd96a72a379c995555e231f') in 0.010972417 seconds
Number of updated asset objects reloaded before import = 0Number of asset objects unloaded after import = 1

========================================================================
Received Import Request.
  Time since last request: 0.000053 seconds.
  path: Assets/XR/Settings/OpenXR Editor Settings.asset
  artifactKey: Guid(c5a7187762289421baccf1df9c8ae989) Importer(2089858483,b0f066a214c2f5e87bad3c948f4d605d)
Start importing Assets/XR/Settings/OpenXR Editor Settings.asset using Guid(c5a7187762289421baccf1df9c8ae989) Importer(2089858483,b0f066a214c2f5e87bad3c948f4d605d) (ScriptedImporter) -> (artifact id: '66cf78b0fe7c7d7e53a10b06a981512d') in 0.003312 seconds
Number of updated asset objects reloaded before import = 0Number of asset objects unloaded after import = 1

========================================================================
Received Import Request.
  Time since last request: 0.000036 seconds.
  path: Assets/Resources/DevAgentSettings.asset
  artifactKey: Guid(43a75eb13f90a4f749eaf2f0fff9c0d9) Importer(2089858483,b0f066a214c2f5e87bad3c948f4d605d)
Start importing Assets/Resources/DevAgentSettings.asset using Guid(43a75eb13f90a4f749eaf2f0fff9c0d9) Importer(2089858483,b0f066a214c2f5e87bad3c948f4d605d) (ScriptedImporter) -> (artifact id: 'dd0e082c96af356ad2dbc6ca6659bd35') in 0.010815542 seconds
Number of updated asset objects reloaded before import = 0Number of asset objects unloaded after import = 1

========================================================================
Received Import Request.
  Time since last request: 0.000074 seconds.
  path: Assets/XR/Settings
  artifactKey: Guid(fd81b61e355ff43ee9de71a37298cf7e) Importer(2089858483,b0f066a214c2f5e87bad3c948f4d605d)
Start importing Assets/XR/Settings using Guid(fd81b61e355ff43ee9de71a37298cf7e) Importer(2089858483,b0f066a214c2f5e87bad3c948f4d605d) (ScriptedImporter) -> (artifact id: 'c60b81b51ec10af0e767b45978a25176') in 0.00130375 seconds
Number of updated asset objects reloaded before import = 0Number of asset objects unloaded after import = 1

========================================================================
Received Import Request.
  Time since last request: 0.000033 seconds.
  path: Assets/Oculus
  artifactKey: Guid(7c3b4071bcba243378f9730037577258) Importer(2089858483,b0f066a214c2f5e87bad3c948f4d605d)
Start importing Assets/Oculus using Guid(7c3b4071bcba243378f9730037577258) Importer(2089858483,b0f066a214c2f5e87bad3c948f4d605d) (ScriptedImporter) -> (artifact id: '717830a47cbd80154f9ec11c8508d598') in 0.001292583 seconds
Number of updated asset objects reloaded before import = 0Number of asset objects unloaded after import = 1

========================================================================
Received Import Request.
  Time since last request: 0.000032 seconds.
  path: Assets/Oculus/OculusProjectConfig.asset
  artifactKey: Guid(61950848dd6b84350a16ac0b8f5db0ca) Importer(2089858483,b0f066a214c2f5e87bad3c948f4d605d)
Start importing Assets/Oculus/OculusProjectConfig.asset using Guid(61950848dd6b84350a16ac0b8f5db0ca) Importer(2089858483,b0f066a214c2f5e87bad3c948f4d605d) (ScriptedImporter) -> (artifact id: 'ae02f0ff60ee5dd27e88e798113a4357') in 0.007770292 seconds
Number of updated asset objects reloaded before import = 0Number of asset objects unloaded after import = 1

========================================================================
Received Import Request.
  Time since last request: 66.345908 seconds.
  path: Assets/Sci-Fi Styled Modular Pack/Prefabs/Lights/light_corner_1.prefab
  artifactKey: Guid(43373d8b4f572cf468859751b9dcbbfd) Importer(2089858483,b0f066a214c2f5e87bad3c948f4d605d)
Start importing Assets/Sci-Fi Styled Modular Pack/Prefabs/Lights/light_corner_1.prefab using Guid(43373d8b4f572cf468859751b9dcbbfd) Importer(2089858483,b0f066a214c2f5e87bad3c948f4d605d) (ScriptedImporter) -> (artifact id: 'ffd0fc8a40a62443f7927c64c12bb0ad') in 0.031106375 seconds
Number of updated asset objects reloaded before import = 0Number of asset objects unloaded after import = 13

========================================================================
Received Import Request.
  Time since last request: 0.000040 seconds.
  path: Assets/Sci-Fi Styled Modular Pack/Models/decorative_wall_4_no_computer_LOD0.fbx
  artifactKey: Guid(bf457f6799881e747bbd9e01d6dc3ef2) Importer(2089858483,b0f066a214c2f5e87bad3c948f4d605d)
Start importing Assets/Sci-Fi Styled Modular Pack/Models/decorative_wall_4_no_computer_LOD0.fbx using Guid(bf457f6799881e747bbd9e01d6dc3ef2) Importer(2089858483,b0f066a214c2f5e87bad3c948f4d605d) (ScriptedImporter) -> (artifact id: 'd6260f34860f8d4e50e25ac387ae8f4f') in 0.014976583 seconds
Number of updated asset objects reloaded before import = 0Number of asset objects unloaded after import = 10

========================================================================
Received Import Request.
  Time since last request: 0.000073 seconds.
  path: Assets/Sci-Fi Styled Modular Pack/Prefabs/Decorative elements/shelf.prefab
  artifactKey: Guid(db49253e161c21440b7ccf6d59865098) Importer(2089858483,b0f066a214c2f5e87bad3c948f4d605d)
Start importing Assets/Sci-Fi Styled Modular Pack/Prefabs/Decorative elements/shelf.prefab using Guid(db49253e161c21440b7ccf6d59865098) Importer(2089858483,b0f066a214c2f5e87bad3c948f4d605d) (ScriptedImporter) -> (artifact id: '959ed7f27f0bbb13dc2eea4bfe074169') in 0.003083 seconds
Number of updated asset objects reloaded before import = 0Number of asset objects unloaded after import = 9

========================================================================
Received Import Request.
  Time since last request: 0.000046 seconds.
  path: Assets/Sci-Fi Styled Modular Pack/Prefabs/Decorative elements/decorative_plant_small.prefab
  artifactKey: Guid(a4b101bd1cf6bc9478190c1aa0f3d52e) Importer(2089858483,b0f066a214c2f5e87bad3c948f4d605d)
Start importing Assets/Sci-Fi Styled Modular Pack/Prefabs/Decorative elements/decorative_plant_small.prefab using Guid(a4b101bd1cf6bc9478190c1aa0f3d52e) Importer(2089858483,b0f066a214c2f5e87bad3c948f4d605d) (ScriptedImporter) -> (artifact id: 'e8260f77cbd4884f6b382af5d07604bc') in 0.004756208 seconds
Number of updated asset objects reloaded before import = 0Number of asset objects unloaded after import = 12

========================================================================
Received Import Request.
  Time since last request: 0.000044 seconds.
  path: Assets/Sci-Fi Styled Modular Pack/Animations/glass_door_closed.anim
  artifactKey: Guid(308340e065945a047805a1d420547940) Importer(2089858483,b0f066a214c2f5e87bad3c948f4d605d)
Start importing Assets/Sci-Fi Styled Modular Pack/Animations/glass_door_closed.anim using Guid(308340e065945a047805a1d420547940) Importer(2089858483,b0f066a214c2f5e87bad3c948f4d605d) (ScriptedImporter) -> (artifact id: 'fa9ddb0181c96e651d98e4b1c14a2448') in 0.006732292 seconds
Number of updated asset objects reloaded before import = 0Number of asset objects unloaded after import = 1

========================================================================
Received Import Request.
  Time since last request: 0.000043 seconds.
  path: Assets/Sci-Fi Styled Modular Pack/Prefabs/Extended Primitives/Cube_1x2_extended.prefab
  artifactKey: Guid(20a37f90760425a44ad7a8650eecc7b7) Importer(2089858483,b0f066a214c2f5e87bad3c948f4d605d)
Start importing Assets/Sci-Fi Styled Modular Pack/Prefabs/Extended Primitives/Cube_1x2_extended.prefab using Guid(20a37f90760425a44ad7a8650eecc7b7) Importer(2089858483,b0f066a214c2f5e87bad3c948f4d605d) (ScriptedImporter) -> (artifact id: '727aeec531c0fd59121b92bf783468d5') in 0.00294175 seconds
Number of updated asset objects reloaded before import = 0Number of asset objects unloaded after import = 9

========================================================================
Received Import Request.
  Time since last request: 0.000066 seconds.
  path: Assets/Sci-Fi Styled Modular Pack/Models/floor_4.fbx
  artifactKey: Guid(106d47cb2df648043a2127f1a030963f) Importer(2089858483,b0f066a214c2f5e87bad3c948f4d605d)
Start importing Assets/Sci-Fi Styled Modular Pack/Models/floor_4.fbx using Guid(106d47cb2df648043a2127f1a030963f) Importer(2089858483,b0f066a214c2f5e87bad3c948f4d605d) (ScriptedImporter) -> (artifact id: 'ff3667fffd7c6149bced1d69f804fa0a') in 0.003662042 seconds
Number of updated asset objects reloaded before import = 0Number of asset objects unloaded after import = 8

========================================================================
Received Import Request.
  Time since last request: 0.000039 seconds.
  path: Assets/Sci-Fi Styled Modular Pack/Models/light_wall_2_blue.fbx
  artifactKey: Guid(d3a1262c7f860b5439d4734d0d8786fb) Importer(2089858483,b0f066a214c2f5e87bad3c948f4d605d)
Start importing Assets/Sci-Fi Styled Modular Pack/Models/light_wall_2_blue.fbx using Guid(d3a1262c7f860b5439d4734d0d8786fb) Importer(2089858483,b0f066a214c2f5e87bad3c948f4d605d) (ScriptedImporter) -> (artifact id: '2edb0c3f62c33e29a69a825b7db6a2d0') in 0.004044125 seconds
Number of updated asset objects reloaded before import = 0Number of asset objects unloaded after import = 9

========================================================================
Received Import Request.
  Time since last request: 0.000032 seconds.
  path: Assets/Sci-Fi Styled Modular Pack/Models/stairs_big_with_emmision.fbx
  artifactKey: Guid(ac0283f686985724b9b21574c3968db1) Importer(2089858483,b0f066a214c2f5e87bad3c948f4d605d)
Start importing Assets/Sci-Fi Styled Modular Pack/Models/stairs_big_with_emmision.fbx using Guid(ac0283f686985724b9b21574c3968db1) Importer(2089858483,b0f066a214c2f5e87bad3c948f4d605d) (ScriptedImporter) -> (artifact id: '728bfb6dc2cb5e41b6f0be2f3060062c') in 0.003532125 seconds
Number of updated asset objects reloaded before import = 0Number of asset objects unloaded after import = 9

========================================================================
Received Import Request.
  Time since last request: 0.000045 seconds.
  path: Assets/Sci-Fi Styled Modular Pack/Models/decorative_table_no_glass_only_top.fbx
  artifactKey: Guid(cd9aff1dff9e8e842adf7642284a5815) Importer(2089858483,b0f066a214c2f5e87bad3c948f4d605d)
Start importing Assets/Sci-Fi Styled Modular Pack/Models/decorative_table_no_glass_only_top.fbx using Guid(cd9aff1dff9e8e842adf7642284a5815) Importer(2089858483,b0f066a214c2f5e87bad3c948f4d605d) (ScriptedImporter) -> (artifact id: '2d766dfa83ba113e6c38b7e11346d73a') in 0.004763667 seconds
Number of updated asset objects reloaded before import = 0Number of asset objects unloaded after import = 8

========================================================================
Received Import Request.
  Time since last request: 0.000043 seconds.
  path: Assets/Sci-Fi Styled Modular Pack/Prefabs/Machines/projector stars.prefab
  artifactKey: Guid(496fa247adc61d44ebaeaf9d72671287) Importer(2089858483,b0f066a214c2f5e87bad3c948f4d605d)
Start importing Assets/Sci-Fi Styled Modular Pack/Prefabs/Machines/projector stars.prefab using Guid(496fa247adc61d44ebaeaf9d72671287) Importer(2089858483,b0f066a214c2f5e87bad3c948f4d605d) (ScriptedImporter) -> (artifact id: '33d165e6325261a4d459d7149e6157d1') in 0.005102917 seconds
Number of updated asset objects reloaded before import = 0Number of asset objects unloaded after import = 23

========================================================================
Received Import Request.
  Time since last request: 0.000042 seconds.
  path: Assets/Sci-Fi Styled Modular Pack/Models/decorative_half_wall_2_LOD1.fbx
  artifactKey: Guid(763877bc2c66e6641ad695116685b5a8) Importer(2089858483,b0f066a214c2f5e87bad3c948f4d605d)
Start importing Assets/Sci-Fi Styled Modular Pack/Models/decorative_half_wall_2_LOD1.fbx using Guid(763877bc2c66e6641ad695116685b5a8) Importer(2089858483,b0f066a214c2f5e87bad3c948f4d605d) (ScriptedImporter) -> (artifact id: '7815c70f492d709f2289f022a353627b') in 0.0037785 seconds
Number of updated asset objects reloaded before import = 0Number of asset objects unloaded after import = 8

========================================================================
Received Import Request.
  Time since last request: 0.000055 seconds.
  path: Assets/Sci-Fi Styled Modular Pack/Models/window_big_supplement.fbx
  artifactKey: Guid(38ed7ae4620514843b4f091b3a03d54c) Importer(2089858483,b0f066a214c2f5e87bad3c948f4d605d)
Start importing Assets/Sci-Fi Styled Modular Pack/Models/window_big_supplement.fbx using Guid(38ed7ae4620514843b4f091b3a03d54c) Importer(2089858483,b0f066a214c2f5e87bad3c948f4d605d) (ScriptedImporter) -> (artifact id: '0904e53b732bc7811cd06d26be7a3f02') in 0.00377 seconds
Number of updated asset objects reloaded before import = 0Number of asset objects unloaded after import = 8

========================================================================
Received Import Request.
  Time since last request: 0.000048 seconds.
  path: Assets/Sci-Fi Styled Modular Pack/Prefabs/Lights/light_wall_1.prefab
  artifactKey: Guid(bf47bd9e279487a4ca3d6f7a10492900) Importer(2089858483,b0f066a214c2f5e87bad3c948f4d605d)
Start importing Assets/Sci-Fi Styled Modular Pack/Prefabs/Lights/light_wall_1.prefab using Guid(bf47bd9e279487a4ca3d6f7a10492900) Importer(2089858483,b0f066a214c2f5e87bad3c948f4d605d) (ScriptedImporter) -> (artifact id: '456efe2696a29c861863504a6608483d') in 0.003026959 seconds
Number of updated asset objects reloaded before import = 0Number of asset objects unloaded after import = 13

========================================================================
Received Import Request.
  Time since last request: 0.000039 seconds.
  path: Assets/Sci-Fi Styled Modular Pack/Materials/nature_root.mat
  artifactKey: Guid(00fc27719fc29924b9a34aab914dc83a) Importer(2089858483,b0f066a214c2f5e87bad3c948f4d605d)
Start importing Assets/Sci-Fi Styled Modular Pack/Materials/nature_root.mat using Guid(00fc27719fc29924b9a34aab914dc83a) Importer(2089858483,b0f066a214c2f5e87bad3c948f4d605d) (ScriptedImporter) -> (artifact id: 'c8b7c03ded9e51de3c6e496614712980') in 0.006787208 seconds
Number of updated asset objects reloaded before import = 0Number of asset objects unloaded after import = 1

========================================================================
Received Import Request.
  Time since last request: 0.000047 seconds.
  path: Assets/Sci-Fi Styled Modular Pack/Models/light_celing_1.fbx
  artifactKey: Guid(f9a81df43f44a034bb591be3029197f1) Importer(2089858483,b0f066a214c2f5e87bad3c948f4d605d)
Start importing Assets/Sci-Fi Styled Modular Pack/Models/light_celing_1.fbx using Guid(f9a81df43f44a034bb591be3029197f1) Importer(2089858483,b0f066a214c2f5e87bad3c948f4d605d) (ScriptedImporter) -> (artifact id: '85dc9f766e011b3598a0b689ed00d518') in 0.004447416 seconds
Number of updated asset objects reloaded before import = 0Number of asset objects unloaded after import = 10

========================================================================
Received Import Request.
  Time since last request: 0.000043 seconds.
  path: Assets/Sci-Fi Styled Modular Pack/Models/floor_3.fbx
  artifactKey: Guid(b7a322c99327cd54e93247179413bca8) Importer(2089858483,b0f066a214c2f5e87bad3c948f4d605d)
Start importing Assets/Sci-Fi Styled Modular Pack/Models/floor_3.fbx using Guid(b7a322c99327cd54e93247179413bca8) Importer(2089858483,b0f066a214c2f5e87bad3c948f4d605d) (ScriptedImporter) -> (artifact id: '0904f50e9b65199a3793177308fa3335') in 0.003601584 seconds
Number of updated asset objects reloaded before import = 0Number of asset objects unloaded after import = 8

========================================================================
Received Import Request.
  Time since last request: 0.000039 seconds.
  path: Assets/Sci-Fi Styled Modular Pack/Prefabs/Decorative elements/Tables/decorative_table_glass.prefab
  artifactKey: Guid(74f8de2ddfdb61644af2f84484b176a0) Importer(2089858483,b0f066a214c2f5e87bad3c948f4d605d)
Start importing Assets/Sci-Fi Styled Modular Pack/Prefabs/Decorative elements/Tables/decorative_table_glass.prefab using Guid(74f8de2ddfdb61644af2f84484b176a0) Importer(2089858483,b0f066a214c2f5e87bad3c948f4d605d) (ScriptedImporter) -> (artifact id: 'b7b72b93e284c1ce1bc6941c174926dd') in 0.003039625 seconds
Number of updated asset objects reloaded before import = 0Number of asset objects unloaded after import = 10

========================================================================
Received Import Request.
  Time since last request: 0.000043 seconds.
  path: Assets/Sci-Fi Styled Modular Pack/Prefabs/Decorative elements/Column/column_middle.prefab
  artifactKey: Guid(736d23d832d564c42a6b81c9fefb19bb) Importer(2089858483,b0f066a214c2f5e87bad3c948f4d605d)
Start importing Assets/Sci-Fi Styled Modular Pack/Prefabs/Decorative elements/Column/column_middle.prefab using Guid(736d23d832d564c42a6b81c9fefb19bb) Importer(2089858483,b0f066a214c2f5e87bad3c948f4d605d) (ScriptedImporter) -> (artifact id: '1722dae136da1ce2041989500530a9d0') in 0.003844459 seconds
Number of updated asset objects reloaded before import = 0Number of asset objects unloaded after import = 9

========================================================================
Received Import Request.
  Time since last request: 0.000040 seconds.
  path: Assets/Sci-Fi Styled Modular Pack/Prefabs/Walls/Simple/decorative_wall_E.prefab
  artifactKey: Guid(c70dd99c5cd1cbf4c9b8f226c3284b85) Importer(2089858483,b0f066a214c2f5e87bad3c948f4d605d)
Start importing Assets/Sci-Fi Styled Modular Pack/Prefabs/Walls/Simple/decorative_wall_E.prefab using Guid(c70dd99c5cd1cbf4c9b8f226c3284b85) Importer(2089858483,b0f066a214c2f5e87bad3c948f4d605d) (ScriptedImporter) -> (artifact id: '0c32caa84446d10c8c3df95a76e62d38') in 0.002585625 seconds
Number of updated asset objects reloaded before import = 0Number of asset objects unloaded after import = 9

========================================================================
Received Import Request.
  Time since last request: 0.000039 seconds.
  path: Assets/Sci-Fi Styled Modular Pack/Models/decorative_wall_2_LOD1.fbx
  artifactKey: Guid(bd208c72ef68e624cadf7858b9e8f17d) Importer(2089858483,b0f066a214c2f5e87bad3c948f4d605d)
Start importing Assets/Sci-Fi Styled Modular Pack/Models/decorative_wall_2_LOD1.fbx using Guid(bd208c72ef68e624cadf7858b9e8f17d) Importer(2089858483,b0f066a214c2f5e87bad3c948f4d605d) (ScriptedImporter) -> (artifact id: '516d5cb1c6ad235ea969b0bee7e0a22e') in 0.003551791 seconds
Number of updated asset objects reloaded before import = 0Number of asset objects unloaded after import = 8

========================================================================
Received Import Request.
  Time since last request: 0.000039 seconds.
  path: Assets/Sci-Fi Styled Modular Pack/Models/shelf_small.fbx
  artifactKey: Guid(1a1f17f76719e914bb284c62df5cc6bb) Importer(2089858483,b0f066a214c2f5e87bad3c948f4d605d)
Start importing Assets/Sci-Fi Styled Modular Pack/Models/shelf_small.fbx using Guid(1a1f17f76719e914bb284c62df5cc6bb) Importer(2089858483,b0f066a214c2f5e87bad3c948f4d605d) (ScriptedImporter) -> (artifact id: 'ab53a2447518bb9f7ce3377eb85d825a') in 0.003801375 seconds
Number of updated asset objects reloaded before import = 0Number of asset objects unloaded after import = 8

========================================================================
Received Import Request.
  Time since last request: 0.000036 seconds.
  path: Assets/Sci-Fi Styled Modular Pack/Prefabs/Extended Primitives/Sphere_32_extended.prefab
  artifactKey: Guid(de147e9408aafd44da3a10d9b4fdc046) Importer(2089858483,b0f066a214c2f5e87bad3c948f4d605d)
Start importing Assets/Sci-Fi Styled Modular Pack/Prefabs/Extended Primitives/Sphere_32_extended.prefab using Guid(de147e9408aafd44da3a10d9b4fdc046) Importer(2089858483,b0f066a214c2f5e87bad3c948f4d605d) (ScriptedImporter) -> (artifact id: '017c58f9d6f8682b38e2fa999aed7047') in 0.003104583 seconds
Number of updated asset objects reloaded before import = 0Number of asset objects unloaded after import = 9

========================================================================
Received Import Request.
  Time since last request: 0.000059 seconds.
  path: Assets/Sci-Fi Styled Modular Pack/Models/shelf.fbx
  artifactKey: Guid(885fc31b4eec82746bf3f7ee9b1a65b3) Importer(2089858483,b0f066a214c2f5e87bad3c948f4d605d)
Start importing Assets/Sci-Fi Styled Modular Pack/Models/shelf.fbx using Guid(885fc31b4eec82746bf3f7ee9b1a65b3) Importer(2089858483,b0f066a214c2f5e87bad3c948f4d605d) (ScriptedImporter) -> (artifact id: '4f811400883408f8ec1dbaa79e766f54') in 0.003640375 seconds
Number of updated asset objects reloaded before import = 0Number of asset objects unloaded after import = 8

========================================================================
Received Import Request.
  Time since last request: 0.000040 seconds.
  path: Assets/Sci-Fi Styled Modular Pack/Prefabs/Extended Primitives/Sphere_16_extended.prefab
  artifactKey: Guid(a8db70ed00a022d4ca7f82df02fbc4fb) Importer(2089858483,b0f066a214c2f5e87bad3c948f4d605d)
Start importing Assets/Sci-Fi Styled Modular Pack/Prefabs/Extended Primitives/Sphere_16_extended.prefab using Guid(a8db70ed00a022d4ca7f82df02fbc4fb) Importer(2089858483,b0f066a214c2f5e87bad3c948f4d605d) (ScriptedImporter) -> (artifact id: '361dad33a715e05f4fb8f97ed20cb40c') in 0.002755167 seconds
Number of updated asset objects reloaded before import = 0Number of asset objects unloaded after import = 9

========================================================================
Received Import Request.
  Time since last request: 0.000046 seconds.
  path: Assets/Sci-Fi Styled Modular Pack/Models/decorative_half_wall_4_LOD1.fbx
  artifactKey: Guid(b57b8db81ab64b04c817c7c3feabc2a0) Importer(2089858483,b0f066a214c2f5e87bad3c948f4d605d)
Start importing Assets/Sci-Fi Styled Modular Pack/Models/decorative_half_wall_4_LOD1.fbx using Guid(b57b8db81ab64b04c817c7c3feabc2a0) Importer(2089858483,b0f066a214c2f5e87bad3c948f4d605d) (ScriptedImporter) -> (artifact id: '7aee1ec915f9d76642e3d4e966208657') in 0.003903625 seconds
Number of updated asset objects reloaded before import = 0Number of asset objects unloaded after import = 10

========================================================================
Received Import Request.
  Time since last request: 0.000048 seconds.
  path: Assets/Sci-Fi Styled Modular Pack/Animations/frame_door_2.controller
  artifactKey: Guid(4195026f5c9772c40a9e4ebd5d4c6e08) Importer(2089858483,b0f066a214c2f5e87bad3c948f4d605d)
Start importing Assets/Sci-Fi Styled Modular Pack/Animations/frame_door_2.controller using Guid(4195026f5c9772c40a9e4ebd5d4c6e08) Importer(2089858483,b0f066a214c2f5e87bad3c948f4d605d) (ScriptedImporter) -> (artifact id: 'ab24fe50541823410a1107dab9858190') in 0.004127542 seconds
Number of updated asset objects reloaded before import = 0Number of asset objects unloaded after import = 14

========================================================================
Received Import Request.
  Time since last request: 0.000039 seconds.
  path: Assets/Sci-Fi Styled Modular Pack/Materials/glass.mat
  artifactKey: Guid(2ce01831e9f3ae441bb48623e5fbe0c0) Importer(2089858483,b0f066a214c2f5e87bad3c948f4d605d)
Start importing Assets/Sci-Fi Styled Modular Pack/Materials/glass.mat using Guid(2ce01831e9f3ae441bb48623e5fbe0c0) Importer(2089858483,b0f066a214c2f5e87bad3c948f4d605d) (ScriptedImporter) -> (artifact id: '00acdfb11ab54afbd910001cda19ff92') in 0.770434792 seconds
Number of updated asset objects reloaded before import = 0Number of asset objects unloaded after import = 1

========================================================================
Received Import Request.
  Time since last request: 0.000045 seconds.
  path: Assets/Sci-Fi Styled Modular Pack/Materials/blue emission.mat
  artifactKey: Guid(5476ae29e2e50194abce19e5cacce575) Importer(2089858483,b0f066a214c2f5e87bad3c948f4d605d)
Start importing Assets/Sci-Fi Styled Modular Pack/Materials/blue emission.mat using Guid(5476ae29e2e50194abce19e5cacce575) Importer(2089858483,b0f066a214c2f5e87bad3c948f4d605d) (ScriptedImporter) -> (artifact id: 'c8717406e534776bd789482adbd6d4a6') in 0.002069166 seconds
Number of updated asset objects reloaded before import = 0Number of asset objects unloaded after import = 1

========================================================================
Received Import Request.
  Time since last request: 0.000039 seconds.
  path: Assets/Sci-Fi Styled Modular Pack/Prefabs/Decorative elements/shelf_small.prefab
  artifactKey: Guid(27b528ce18adf6f48bd23431f0fd8f26) Importer(2089858483,b0f066a214c2f5e87bad3c948f4d605d)
Start importing Assets/Sci-Fi Styled Modular Pack/Prefabs/Decorative elements/shelf_small.prefab using Guid(27b528ce18adf6f48bd23431f0fd8f26) Importer(2089858483,b0f066a214c2f5e87bad3c948f4d605d) (ScriptedImporter) -> (artifact id: 'ce5b4c1f0a81fc9033e668d5b34bab58') in 0.002726542 seconds
Number of updated asset objects reloaded before import = 0Number of asset objects unloaded after import = 9

========================================================================
Received Import Request.
  Time since last request: 0.000033 seconds.
  path: Assets/Sci-Fi Styled Modular Pack/Prefabs/Decorative elements/cabinet.prefab
  artifactKey: Guid(b3f6e169466f65a4aa48e83805d9e440) Importer(2089858483,b0f066a214c2f5e87bad3c948f4d605d)
Start importing Assets/Sci-Fi Styled Modular Pack/Prefabs/Decorative elements/cabinet.prefab using Guid(b3f6e169466f65a4aa48e83805d9e440) Importer(2089858483,b0f066a214c2f5e87bad3c948f4d605d) (ScriptedImporter) -> (artifact id: '4ff4faacf7f7cf6106bedfee3c0d0f1f') in 0.002826958 seconds
Number of updated asset objects reloaded before import = 0Number of asset objects unloaded after import = 9

========================================================================
Received Import Request.
  Time since last request: 0.000056 seconds.
  path: Assets/Sci-Fi Styled Modular Pack/Models/decorative_wall_F.fbx
  artifactKey: Guid(8561b8e487bb76348be22e3801a11dc1) Importer(2089858483,b0f066a214c2f5e87bad3c948f4d605d)
Start importing Assets/Sci-Fi Styled Modular Pack/Models/decorative_wall_F.fbx using Guid(8561b8e487bb76348be22e3801a11dc1) Importer(2089858483,b0f066a214c2f5e87bad3c948f4d605d) (ScriptedImporter) -> (artifact id: '5a5ec88198c9dd3717413774c75e8408') in 0.003458875 seconds
Number of updated asset objects reloaded before import = 0Number of asset objects unloaded after import = 8

========================================================================
Received Import Request.
  Time since last request: 0.000039 seconds.
  path: Assets/Sci-Fi Styled Modular Pack/Models/window_big_corner_far_LOD0.fbx
  artifactKey: Guid(254583c05ed99994fa03f4a03e218dae) Importer(2089858483,b0f066a214c2f5e87bad3c948f4d605d)
Start importing Assets/Sci-Fi Styled Modular Pack/Models/window_big_corner_far_LOD0.fbx using Guid(254583c05ed99994fa03f4a03e218dae) Importer(2089858483,b0f066a214c2f5e87bad3c948f4d605d) (ScriptedImporter) -> (artifact id: '9a9cdec6dfdd95ea20121315e9fd3ed1') in 0.003645125 seconds
Number of updated asset objects reloaded before import = 0Number of asset objects unloaded after import = 8

========================================================================
Received Import Request.
  Time since last request: 0.000040 seconds.
  path: Assets/Sci-Fi Styled Modular Pack/Models/decorative_chair_LOD1.fbx
  artifactKey: Guid(aba422dda12c21b4497dd186a005e8b2) Importer(2089858483,b0f066a214c2f5e87bad3c948f4d605d)
Start importing Assets/Sci-Fi Styled Modular Pack/Models/decorative_chair_LOD1.fbx using Guid(aba422dda12c21b4497dd186a005e8b2) Importer(2089858483,b0f066a214c2f5e87bad3c948f4d605d) (ScriptedImporter) -> (artifact id: '4b938170548cce65f29bf1e96214e987') in 0.003377625 seconds
Number of updated asset objects reloaded before import = 0Number of asset objects unloaded after import = 8

========================================================================
Received Import Request.
  Time since last request: 0.000039 seconds.
  path: Assets/Sci-Fi Styled Modular Pack/Textures/mettalic.png
  artifactKey: Guid(5ef1ecb17b682174ebbeed9a9d7af166) Importer(2089858483,b0f066a214c2f5e87bad3c948f4d605d)
Start importing Assets/Sci-Fi Styled Modular Pack/Textures/mettalic.png using Guid(5ef1ecb17b682174ebbeed9a9d7af166) Importer(2089858483,b0f066a214c2f5e87bad3c948f4d605d) (ScriptedImporter)[Licensing::Client] Successfully resolved entitlement details
[Licensing::Client] Successfully resolved entitlement details
 -> (artifact id: '4fb10041e93d12ca1dce10aa44910f84') in 0.03016325 seconds
Number of updated asset objects reloaded before import = 0Number of asset objects unloaded after import = 3

========================================================================
Received Import Request.
  Time since last request: 0.000070 seconds.
  path: Assets/Sci-Fi Styled Modular Pack/Models/console_celing.fbx
  artifactKey: Guid(a6a5e0bb41ac5234fb1d67dd58baab40) Importer(2089858483,b0f066a214c2f5e87bad3c948f4d605d)
Start importing Assets/Sci-Fi Styled Modular Pack/Models/console_celing.fbx using Guid(a6a5e0bb41ac5234fb1d67dd58baab40) Importer(2089858483,b0f066a214c2f5e87bad3c948f4d605d) (ScriptedImporter) -> (artifact id: 'a16ab612a674de3c5a2985a47ca2ac5d') in 0.005292458 seconds
Number of updated asset objects reloaded before import = 0Number of asset objects unloaded after import = 9

========================================================================
Received Import Request.
  Time since last request: 0.000045 seconds.
  path: Assets/Sci-Fi Styled Modular Pack/Models/floor_2_no_lattice_LOD0.fbx
  artifactKey: Guid(9036409ea7a8c974f80d52b06c8a4af8) Importer(2089858483,b0f066a214c2f5e87bad3c948f4d605d)
Start importing Assets/Sci-Fi Styled Modular Pack/Models/floor_2_no_lattice_LOD0.fbx using Guid(9036409ea7a8c974f80d52b06c8a4af8) Importer(2089858483,b0f066a214c2f5e87bad3c948f4d605d) (ScriptedImporter) -> (artifact id: 'af5929fa735c6c0ba6fb0ec15816d537') in 0.00379625 seconds
Number of updated asset objects reloaded before import = 0Number of asset objects unloaded after import = 9

========================================================================
Received Import Request.
  Time since last request: 0.000036 seconds.
  path: Assets/Sci-Fi Styled Modular Pack/Models/generator.fbx
  artifactKey: Guid(6cd83fcc4adf4ed4a8c93b3706ff1da1) Importer(2089858483,b0f066a214c2f5e87bad3c948f4d605d)
Start importing Assets/Sci-Fi Styled Modular Pack/Models/generator.fbx using Guid(6cd83fcc4adf4ed4a8c93b3706ff1da1) Importer(2089858483,b0f066a214c2f5e87bad3c948f4d605d) (ScriptedImporter) -> (artifact id: 'e6534a41d726c7332a903692eb347071') in 0.003488541 seconds
Number of updated asset objects reloaded before import = 0Number of asset objects unloaded after import = 8

========================================================================
Received Import Request.
  Time since last request: 0.000024 seconds.
  path: Assets/Sci-Fi Styled Modular Pack/Models/floor_2_LOD1.fbx
  artifactKey: Guid(5c776899fe0928242bb27cc11ad3f81e) Importer(2089858483,b0f066a214c2f5e87bad3c948f4d605d)
Start importing Assets/Sci-Fi Styled Modular Pack/Models/floor_2_LOD1.fbx using Guid(5c776899fe0928242bb27cc11ad3f81e) Importer(2089858483,b0f066a214c2f5e87bad3c948f4d605d) (ScriptedImporter) -> (artifact id: '12b0beb5bcc119471b541646e5e56f28') in 0.003732042 seconds
Number of updated asset objects reloaded before import = 0Number of asset objects unloaded after import = 10

========================================================================
Received Import Request.
  Time since last request: 0.000041 seconds.
  path: Assets/Sci-Fi Styled Modular Pack/Prefabs/Windows/window_big_supplement.prefab
  artifactKey: Guid(0f6d27018f3822b4f871d6e402510f77) Importer(2089858483,b0f066a214c2f5e87bad3c948f4d605d)
Start importing Assets/Sci-Fi Styled Modular Pack/Prefabs/Windows/window_big_supplement.prefab using Guid(0f6d27018f3822b4f871d6e402510f77) Importer(2089858483,b0f066a214c2f5e87bad3c948f4d605d) (ScriptedImporter) -> (artifact id: '38331ee18764b283a69d757f8a23d00c') in 0.002951834 seconds
Number of updated asset objects reloaded before import = 0Number of asset objects unloaded after import = 9

========================================================================
Received Import Request.
  Time since last request: 0.000046 seconds.
  path: Assets/Sci-Fi Styled Modular Pack/Prefabs/Walls/Half walls/decorative_half_wall_3_LOD.prefab
  artifactKey: Guid(9cf71dac1b15d4546836049ad611cbc9) Importer(2089858483,b0f066a214c2f5e87bad3c948f4d605d)
Start importing Assets/Sci-Fi Styled Modular Pack/Prefabs/Walls/Half walls/decorative_half_wall_3_LOD.prefab using Guid(9cf71dac1b15d4546836049ad611cbc9) Importer(2089858483,b0f066a214c2f5e87bad3c948f4d605d) (ScriptedImporter) -> (artifact id: 'ff8d6590502e7ea4a5237c4da7ad41ec') in 0.00239075 seconds
Number of updated asset objects reloaded before import = 0Number of asset objects unloaded after import = 16

========================================================================
Received Import Request.
  Time since last request: 0.000068 seconds.
  path: Assets/Sci-Fi Styled Modular Pack/Textures/nature_leaves.png
  artifactKey: Guid(144d5c35043c7f04193d57dc3c38bbcb) Importer(2089858483,b0f066a214c2f5e87bad3c948f4d605d)
Start importing Assets/Sci-Fi Styled Modular Pack/Textures/nature_leaves.png using Guid(144d5c35043c7f04193d57dc3c38bbcb) Importer(2089858483,b0f066a214c2f5e87bad3c948f4d605d) (ScriptedImporter) -> (artifact id: '2a8fb71e3ef7bdd13c12675fa4f7ef8c') in 0.004701125 seconds
Number of updated asset objects reloaded before import = 0Number of asset objects unloaded after import = 3

========================================================================
Received Import Request.
  Time since last request: 0.000038 seconds.
  path: Assets/Sci-Fi Styled Modular Pack/Materials/Palletes/dark color.mat
  artifactKey: Guid(14e5822a3f4e21e4d9ef3d687fe27b01) Importer(2089858483,b0f066a214c2f5e87bad3c948f4d605d)
Start importing Assets/Sci-Fi Styled Modular Pack/Materials/Palletes/dark color.mat using Guid(14e5822a3f4e21e4d9ef3d687fe27b01) Importer(2089858483,b0f066a214c2f5e87bad3c948f4d605d) (ScriptedImporter) -> (artifact id: '7697228764a3fbcbabf23f17ddd79c04') in 0.095598333 seconds
Number of updated asset objects reloaded before import = 0Number of asset objects unloaded after import = 4

========================================================================
Received Import Request.
  Time since last request: 0.000041 seconds.
  path: Assets/Sci-Fi Styled Modular Pack/Prefabs/Lights/light_wall_2_blue.prefab
  artifactKey: Guid(5412c75372d92be4484fa4a55b5c99e3) Importer(2089858483,b0f066a214c2f5e87bad3c948f4d605d)
Start importing Assets/Sci-Fi Styled Modular Pack/Prefabs/Lights/light_wall_2_blue.prefab using Guid(5412c75372d92be4484fa4a55b5c99e3) Importer(2089858483,b0f066a214c2f5e87bad3c948f4d605d) (ScriptedImporter) -> (artifact id: '17ec50b7a2c331b21e66f2fc4c7c16bd') in 0.002921375 seconds
Number of updated asset objects reloaded before import = 0Number of asset objects unloaded after import = 13

========================================================================
Received Import Request.
  Time since last request: 0.000042 seconds.
  path: Assets/Sci-Fi Styled Modular Pack/Textures/green-color.png
  artifactKey: Guid(ba91a1c5cb9dd2a4d96a74f4a569b02b) Importer(2089858483,b0f066a214c2f5e87bad3c948f4d605d)
Start importing Assets/Sci-Fi Styled Modular Pack/Textures/green-color.png using Guid(ba91a1c5cb9dd2a4d96a74f4a569b02b) Importer(2089858483,b0f066a214c2f5e87bad3c948f4d605d) (ScriptedImporter) -> (artifact id: '16177d8cb5418fe59a63e75344aa651d') in 0.004237416 seconds
Number of updated asset objects reloaded before import = 0Number of asset objects unloaded after import = 1

========================================================================
Received Import Request.
  Time since last request: 0.000025 seconds.
  path: Assets/Sci-Fi Styled Modular Pack/Models/wall_big_no_side_full_LOD1.fbx
  artifactKey: Guid(e6ffa3214ac5fbc44b55b9ec7e5fa952) Importer(2089858483,b0f066a214c2f5e87bad3c948f4d605d)
Start importing Assets/Sci-Fi Styled Modular Pack/Models/wall_big_no_side_full_LOD1.fbx using Guid(e6ffa3214ac5fbc44b55b9ec7e5fa952) Importer(2089858483,b0f066a214c2f5e87bad3c948f4d605d) (ScriptedImporter) -> (artifact id: 'd309eb8b0b83454ffc75757f2f4ecacc') in 0.003586917 seconds
Number of updated asset objects reloaded before import = 0Number of asset objects unloaded after import = 8

========================================================================
Received Import Request.
  Time since last request: 0.000045 seconds.
  path: Assets/Sci-Fi Styled Modular Pack/Models/decorative_half_wall_6.fbx
  artifactKey: Guid(f3f3969456048c64c8a9b962c9501f49) Importer(2089858483,b0f066a214c2f5e87bad3c948f4d605d)
Start importing Assets/Sci-Fi Styled Modular Pack/Models/decorative_half_wall_6.fbx using Guid(f3f3969456048c64c8a9b962c9501f49) Importer(2089858483,b0f066a214c2f5e87bad3c948f4d605d) (ScriptedImporter) -> (artifact id: 'd90538139a1310468d33d956e97b6e6c') in 0.003789125 seconds
Number of updated asset objects reloaded before import = 0Number of asset objects unloaded after import = 8

========================================================================
Received Import Request.
  Time since last request: 0.000037 seconds.
  path: Assets/Sci-Fi Styled Modular Pack/Models/decorative_half_wall_5.fbx
  artifactKey: Guid(04ddb21bd2b21374397dab89f91a4b86) Importer(2089858483,b0f066a214c2f5e87bad3c948f4d605d)
Start importing Assets/Sci-Fi Styled Modular Pack/Models/decorative_half_wall_5.fbx using Guid(04ddb21bd2b21374397dab89f91a4b86) Importer(2089858483,b0f066a214c2f5e87bad3c948f4d605d) (ScriptedImporter) -> (artifact id: '159b22cba772c74e09016dc6f82209ed') in 0.003509208 seconds
Number of updated asset objects reloaded before import = 0Number of asset objects unloaded after import = 8

========================================================================
Received Import Request.
  Time since last request: 0.000036 seconds.
  path: Assets/Sci-Fi Styled Modular Pack/Models/window_big_no_side_full_LOD1.fbx
  artifactKey: Guid(7ed7804698d136f41af808075536d7d9) Importer(2089858483,b0f066a214c2f5e87bad3c948f4d605d)
Start importing Assets/Sci-Fi Styled Modular Pack/Models/window_big_no_side_full_LOD1.fbx using Guid(7ed7804698d136f41af808075536d7d9) Importer(2089858483,b0f066a214c2f5e87bad3c948f4d605d) (ScriptedImporter) -> (artifact id: 'c24604b010c0ca539a8010512a6851d0') in 0.004524375 seconds
Number of updated asset objects reloaded before import = 0Number of asset objects unloaded after import = 11

========================================================================
Received Import Request.
  Time since last request: 0.000039 seconds.
  path: Assets/Sci-Fi Styled Modular Pack/Models/decorative_pilow_LOD0.fbx
  artifactKey: Guid(f3db2c97405c89448891b5f5e6f734db) Importer(2089858483,b0f066a214c2f5e87bad3c948f4d605d)
Start importing Assets/Sci-Fi Styled Modular Pack/Models/decorative_pilow_LOD0.fbx using Guid(f3db2c97405c89448891b5f5e6f734db) Importer(2089858483,b0f066a214c2f5e87bad3c948f4d605d) (ScriptedImporter) -> (artifact id: '1a45ed45113d381973358ed45e468eb9') in 0.003528917 seconds
Number of updated asset objects reloaded before import = 0Number of asset objects unloaded after import = 8

========================================================================
Received Import Request.
  Time since last request: 0.000042 seconds.
  path: Assets/Sci-Fi Styled Modular Pack/Models/blank_wall_B.fbx
  artifactKey: Guid(177afface069d0c47af680d3f8a5815e) Importer(2089858483,b0f066a214c2f5e87bad3c948f4d605d)
Start importing Assets/Sci-Fi Styled Modular Pack/Models/blank_wall_B.fbx using Guid(177afface069d0c47af680d3f8a5815e) Importer(2089858483,b0f066a214c2f5e87bad3c948f4d605d) (ScriptedImporter) -> (artifact id: '9285a842dc3be4d1cfd6ff9ed62809c1') in 0.004455833 seconds
Number of updated asset objects reloaded before import = 0Number of asset objects unloaded after import = 8

========================================================================
Received Import Request.
  Time since last request: 0.000034 seconds.
  path: Assets/Sci-Fi Styled Modular Pack/Models/desk_no_computer.fbx
  artifactKey: Guid(2b266aa81ca5c3c4fa93f8e7f25793d0) Importer(2089858483,b0f066a214c2f5e87bad3c948f4d605d)
Start importing Assets/Sci-Fi Styled Modular Pack/Models/desk_no_computer.fbx using Guid(2b266aa81ca5c3c4fa93f8e7f25793d0) Importer(2089858483,b0f066a214c2f5e87bad3c948f4d605d) (ScriptedImporter) -> (artifact id: 'b5831f5f7320b794beaeced907beb12f') in 0.003596375 seconds
Number of updated asset objects reloaded before import = 0Number of asset objects unloaded after import = 8

========================================================================
Received Import Request.
  Time since last request: 0.000040 seconds.
  path: Assets/Sci-Fi Styled Modular Pack/Models/window_big_plug.fbx
  artifactKey: Guid(f3bf6b5a90134a44c9aa28b43b484d59) Importer(2089858483,b0f066a214c2f5e87bad3c948f4d605d)
Start importing Assets/Sci-Fi Styled Modular Pack/Models/window_big_plug.fbx using Guid(f3bf6b5a90134a44c9aa28b43b484d59) Importer(2089858483,b0f066a214c2f5e87bad3c948f4d605d) (ScriptedImporter) -> (artifact id: '8b2e558429a16cd74508bb262d5c59b3') in 0.003606333 seconds
Number of updated asset objects reloaded before import = 0Number of asset objects unloaded after import = 8

========================================================================
Received Import Request.
  Time since last request: 0.000045 seconds.
  path: Assets/Sci-Fi Styled Modular Pack/Prefabs/Decorative elements/hydroponic.prefab
  artifactKey: Guid(1759eacdee08e12408d757d50755a6d0) Importer(2089858483,b0f066a214c2f5e87bad3c948f4d605d)
Start importing Assets/Sci-Fi Styled Modular Pack/Prefabs/Decorative elements/hydroponic.prefab using Guid(1759eacdee08e12408d757d50755a6d0) Importer(2089858483,b0f066a214c2f5e87bad3c948f4d605d) (ScriptedImporter) -> (artifact id: 'f822cc1cd8694c92c0c6830557db67c5') in 0.003039541 seconds
Number of updated asset objects reloaded before import = 0Number of asset objects unloaded after import = 11

========================================================================
Received Import Request.
  Time since last request: 0.000039 seconds.
  path: Assets/Sci-Fi Styled Modular Pack/Prefabs/Walls/Half walls/decorative_half_wall_6.prefab
  artifactKey: Guid(b2921be07fb71344985447616d3d64d7) Importer(2089858483,b0f066a214c2f5e87bad3c948f4d605d)
Start importing Assets/Sci-Fi Styled Modular Pack/Prefabs/Walls/Half walls/decorative_half_wall_6.prefab using Guid(b2921be07fb71344985447616d3d64d7) Importer(2089858483,b0f066a214c2f5e87bad3c948f4d605d) (ScriptedImporter) -> (artifact id: 'f67325758e9889dbf6e61a1e00827805') in 0.00268725 seconds
Number of updated asset objects reloaded before import = 0Number of asset objects unloaded after import = 9

========================================================================
Received Import Request.
  Time since last request: 0.000066 seconds.
  path: Assets/Sci-Fi Styled Modular Pack/Prefabs/Doors
  artifactKey: Guid(692fa680fe17e634b8013fab03acfba8) Importer(2089858483,b0f066a214c2f5e87bad3c948f4d605d)
Start importing Assets/Sci-Fi Styled Modular Pack/Prefabs/Doors using Guid(692fa680fe17e634b8013fab03acfba8) Importer(2089858483,b0f066a214c2f5e87bad3c948f4d605d) (ScriptedImporter) -> (artifact id: 'a8648371afe8fdd6b87c19788455b2d5') in 0.001232833 seconds
Number of updated asset objects reloaded before import = 0Number of asset objects unloaded after import = 1

========================================================================
Received Import Request.
  Time since last request: 0.000023 seconds.
  path: Assets/Sci-Fi Styled Modular Pack/Models/window_big_with_side.fbx
  artifactKey: Guid(459b4de4eb731864c8a8bec5b721f907) Importer(2089858483,b0f066a214c2f5e87bad3c948f4d605d)
Start importing Assets/Sci-Fi Styled Modular Pack/Models/window_big_with_side.fbx using Guid(459b4de4eb731864c8a8bec5b721f907) Importer(2089858483,b0f066a214c2f5e87bad3c948f4d605d) (ScriptedImporter) -> (artifact id: 'a395eec5c4c36c1b7906887fc5b0f9a1') in 0.003885209 seconds
Number of updated asset objects reloaded before import = 0Number of asset objects unloaded after import = 11

========================================================================
Received Import Request.
  Time since last request: 0.000042 seconds.
  path: Assets/Sci-Fi Styled Modular Pack/Models/torpedo_docking_station_1_side.fbx
  artifactKey: Guid(7e051df189fc7fe4b9ebfaa0a108f41a) Importer(2089858483,b0f066a214c2f5e87bad3c948f4d605d)
Start importing Assets/Sci-Fi Styled Modular Pack/Models/torpedo_docking_station_1_side.fbx using Guid(7e051df189fc7fe4b9ebfaa0a108f41a) Importer(2089858483,b0f066a214c2f5e87bad3c948f4d605d) (ScriptedImporter) -> (artifact id: '85775bbf79597a8663254d12b2c6704e') in 0.003470708 seconds
Number of updated asset objects reloaded before import = 0Number of asset objects unloaded after import = 8

========================================================================
Received Import Request.
  Time since last request: 0.000049 seconds.
  path: Assets/Sci-Fi Styled Modular Pack/Models/door_3_top_B.fbx
  artifactKey: Guid(9a1b5ea44f8fd5948bb54f69cdbeb568) Importer(2089858483,b0f066a214c2f5e87bad3c948f4d605d)
Start importing Assets/Sci-Fi Styled Modular Pack/Models/door_3_top_B.fbx using Guid(9a1b5ea44f8fd5948bb54f69cdbeb568) Importer(2089858483,b0f066a214c2f5e87bad3c948f4d605d) (ScriptedImporter) -> (artifact id: 'f2cb18ef6247579d886b4d6a70bbff37') in 0.009402417 seconds
Number of updated asset objects reloaded before import = 0Number of asset objects unloaded after import = 10

========================================================================
Received Import Request.
  Time since last request: 0.000042 seconds.
  path: Assets/Sci-Fi Styled Modular Pack/Prefabs/Floors/floor_4.prefab
  artifactKey: Guid(6c7bfc57a0f70db46b9b83dddca510e1) Importer(2089858483,b0f066a214c2f5e87bad3c948f4d605d)
Start importing Assets/Sci-Fi Styled Modular Pack/Prefabs/Floors/floor_4.prefab using Guid(6c7bfc57a0f70db46b9b83dddca510e1) Importer(2089858483,b0f066a214c2f5e87bad3c948f4d605d) (ScriptedImporter) -> (artifact id: '88414c71db7b53b29812466538d360f9') in 0.002752958 seconds
Number of updated asset objects reloaded before import = 0Number of asset objects unloaded after import = 9

========================================================================
Received Import Request.
  Time since last request: 0.000033 seconds.
  path: Assets/Sci-Fi Styled Modular Pack/Prefabs/Walls/Simple/blank_wall_A.prefab
  artifactKey: Guid(e37a5396a520a8e4e8e48c74975b6a61) Importer(2089858483,b0f066a214c2f5e87bad3c948f4d605d)
Start importing Assets/Sci-Fi Styled Modular Pack/Prefabs/Walls/Simple/blank_wall_A.prefab using Guid(e37a5396a520a8e4e8e48c74975b6a61) Importer(2089858483,b0f066a214c2f5e87bad3c948f4d605d) (ScriptedImporter) -> (artifact id: '9730c0af5168daca48c0e496ad48b86b') in 0.0025225 seconds
Number of updated asset objects reloaded before import = 0Number of asset objects unloaded after import = 9

========================================================================
Received Import Request.
  Time since last request: 0.000036 seconds.
  path: Assets/Sci-Fi Styled Modular Pack/Models/glass_panel_1.fbx
  artifactKey: Guid(45b0c780de07415429014e5e666d90ac) Importer(2089858483,b0f066a214c2f5e87bad3c948f4d605d)
Start importing Assets/Sci-Fi Styled Modular Pack/Models/glass_panel_1.fbx using Guid(45b0c780de07415429014e5e666d90ac) Importer(2089858483,b0f066a214c2f5e87bad3c948f4d605d) (ScriptedImporter) -> (artifact id: '805b3ef8b98a420688f6c9312a4668ae') in 0.003587209 seconds
Number of updated asset objects reloaded before import = 0Number of asset objects unloaded after import = 9

========================================================================
Received Import Request.
  Time since last request: 0.000031 seconds.
  path: Assets/Sci-Fi Styled Modular Pack/Prefabs/Machines/storage_container_small.prefab
  artifactKey: Guid(777d150aa6d8e1d48bcaea831bed7072) Importer(2089858483,b0f066a214c2f5e87bad3c948f4d605d)
Start importing Assets/Sci-Fi Styled Modular Pack/Prefabs/Machines/storage_container_small.prefab using Guid(777d150aa6d8e1d48bcaea831bed7072) Importer(2089858483,b0f066a214c2f5e87bad3c948f4d605d) (ScriptedImporter) -> (artifact id: 'b53ff12b49a3e1193727afa9c67efb09') in 0.002481542 seconds
Number of updated asset objects reloaded before import = 0Number of asset objects unloaded after import = 9

========================================================================
Received Import Request.
  Time since last request: 0.000042 seconds.
  path: Assets/Sci-Fi Styled Modular Pack/Models/decorative_wall_4_no_computer_LOD1.fbx
  artifactKey: Guid(5d3d38b9dc0d8f64db55c838c959297a) Importer(2089858483,b0f066a214c2f5e87bad3c948f4d605d)
Start importing Assets/Sci-Fi Styled Modular Pack/Models/decorative_wall_4_no_computer_LOD1.fbx using Guid(5d3d38b9dc0d8f64db55c838c959297a) Importer(2089858483,b0f066a214c2f5e87bad3c948f4d605d) (ScriptedImporter) -> (artifact id: '588c7745122a862f0f58c6ee4d3efaf7') in 0.00369075 seconds
Number of updated asset objects reloaded before import = 0Number of asset objects unloaded after import = 10

========================================================================
Received Import Request.
  Time since last request: 0.000041 seconds.
  path: Assets/Sci-Fi Styled Modular Pack/Prefabs/Decorative elements/Tables/decorative_table_small_glass.prefab
  artifactKey: Guid(f7511fb92e623b7469d7f61a89549084) Importer(2089858483,b0f066a214c2f5e87bad3c948f4d605d)
Start importing Assets/Sci-Fi Styled Modular Pack/Prefabs/Decorative elements/Tables/decorative_table_small_glass.prefab using Guid(f7511fb92e623b7469d7f61a89549084) Importer(2089858483,b0f066a214c2f5e87bad3c948f4d605d) (ScriptedImporter) -> (artifact id: '2f3734f8d69f05c135a80eafb04a5205') in 0.002885709 seconds
Number of updated asset objects reloaded before import = 0Number of asset objects unloaded after import = 11

========================================================================
Received Import Request.
  Time since last request: 0.000036 seconds.
  path: Assets/Sci-Fi Styled Modular Pack/Models/floor_3_no_clamps.fbx
  artifactKey: Guid(822e513722ef97840bad7ea57952a676) Importer(2089858483,b0f066a214c2f5e87bad3c948f4d605d)
Start importing Assets/Sci-Fi Styled Modular Pack/Models/floor_3_no_clamps.fbx using Guid(822e513722ef97840bad7ea57952a676) Importer(2089858483,b0f066a214c2f5e87bad3c948f4d605d) (ScriptedImporter) -> (artifact id: 'ac5f28e9087db58a80e45182be944fd1') in 0.004387083 seconds
Number of updated asset objects reloaded before import = 0Number of asset objects unloaded after import = 8

========================================================================
Received Import Request.
  Time since last request: 0.000044 seconds.
  path: Assets/Sci-Fi Styled Modular Pack/Prefabs/Decorative elements/decorative_sofa.prefab
  artifactKey: Guid(e4362215d2f4b974a9729be40db2af84) Importer(2089858483,b0f066a214c2f5e87bad3c948f4d605d)
Start importing Assets/Sci-Fi Styled Modular Pack/Prefabs/Decorative elements/decorative_sofa.prefab using Guid(e4362215d2f4b974a9729be40db2af84) Importer(2089858483,b0f066a214c2f5e87bad3c948f4d605d) (ScriptedImporter) -> (artifact id: '20b9f0e339990790f2f1a19439ab3173') in 0.002468334 seconds
Number of updated asset objects reloaded before import = 0Number of asset objects unloaded after import = 16

========================================================================
Received Import Request.
  Time since last request: 0.000035 seconds.
  path: Assets/Sci-Fi Styled Modular Pack/Models/window_big_blocker.fbx
  artifactKey: Guid(f1f8b886020c45442804bfb2a3995b9e) Importer(2089858483,b0f066a214c2f5e87bad3c948f4d605d)
Start importing Assets/Sci-Fi Styled Modular Pack/Models/window_big_blocker.fbx using Guid(f1f8b886020c45442804bfb2a3995b9e) Importer(2089858483,b0f066a214c2f5e87bad3c948f4d605d) (ScriptedImporter) -> (artifact id: '6509857e4796806b146e9b03bd06b657') in 0.003703959 seconds
Number of updated asset objects reloaded before import = 0Number of asset objects unloaded after import = 8

========================================================================
Received Import Request.
  Time since last request: 0.000050 seconds.
  path: Assets/Sci-Fi Styled Modular Pack/Prefabs/Decorative elements/Arts/art_4.prefab
  artifactKey: Guid(d958a3a196d271942ba6a229a5d5ccd8) Importer(2089858483,b0f066a214c2f5e87bad3c948f4d605d)
Start importing Assets/Sci-Fi Styled Modular Pack/Prefabs/Decorative elements/Arts/art_4.prefab using Guid(d958a3a196d271942ba6a229a5d5ccd8) Importer(2089858483,b0f066a214c2f5e87bad3c948f4d605d) (ScriptedImporter) -> (artifact id: 'b8fa54946be94b510ef167317cd0f274') in 0.002816959 seconds
Number of updated asset objects reloaded before import = 0Number of asset objects unloaded after import = 10

========================================================================
Received Import Request.
  Time since last request: 0.000041 seconds.
  path: Assets/Sci-Fi Styled Modular Pack/Models/window_big_with_side_full_LOD0.fbx
  artifactKey: Guid(5647c0f14586b7548ada96096f07fbcf) Importer(2089858483,b0f066a214c2f5e87bad3c948f4d605d)
Start importing Assets/Sci-Fi Styled Modular Pack/Models/window_big_with_side_full_LOD0.fbx using Guid(5647c0f14586b7548ada96096f07fbcf) Importer(2089858483,b0f066a214c2f5e87bad3c948f4d605d) (ScriptedImporter) -> (artifact id: '2092084dba2b5221253e6cadd8e2fda7') in 0.004109542 seconds
Number of updated asset objects reloaded before import = 0Number of asset objects unloaded after import = 11

========================================================================
Received Import Request.
  Time since last request: 0.000033 seconds.
  path: Assets/Sci-Fi Styled Modular Pack/Animations/glass_door_close.anim
  artifactKey: Guid(40faa0999e90a07488289732acbacac4) Importer(2089858483,b0f066a214c2f5e87bad3c948f4d605d)
Start importing Assets/Sci-Fi Styled Modular Pack/Animations/glass_door_close.anim using Guid(40faa0999e90a07488289732acbacac4) Importer(2089858483,b0f066a214c2f5e87bad3c948f4d605d) (ScriptedImporter) -> (artifact id: '68e1e67bcd6207cb7abb02ef325cb906') in 0.002099583 seconds
Number of updated asset objects reloaded before import = 0Number of asset objects unloaded after import = 1

========================================================================
Received Import Request.
  Time since last request: 0.000029 seconds.
  path: Assets/Sci-Fi Styled Modular Pack/Models/cabinet_L.fbx
  artifactKey: Guid(90f9643ad123a084381069ff86695c12) Importer(2089858483,b0f066a214c2f5e87bad3c948f4d605d)
Start importing Assets/Sci-Fi Styled Modular Pack/Models/cabinet_L.fbx using Guid(90f9643ad123a084381069ff86695c12) Importer(2089858483,b0f066a214c2f5e87bad3c948f4d605d) (ScriptedImporter) -> (artifact id: 'c6d8f408c40e61628f4f0e8fe0c89b8d') in 0.00356425 seconds
Number of updated asset objects reloaded before import = 0Number of asset objects unloaded after import = 8

========================================================================
Received Import Request.
  Time since last request: 0.000040 seconds.
  path: Assets/Sci-Fi Styled Modular Pack/Models/torpedo.fbx
  artifactKey: Guid(dd04980a43cc8ed45a5f9ff0f231bdee) Importer(2089858483,b0f066a214c2f5e87bad3c948f4d605d)
Start importing Assets/Sci-Fi Styled Modular Pack/Models/torpedo.fbx using Guid(dd04980a43cc8ed45a5f9ff0f231bdee) Importer(2089858483,b0f066a214c2f5e87bad3c948f4d605d) (ScriptedImporter) -> (artifact id: 'a91efe69bcdf9bf4a5ebda151f9ac26e') in 0.003311459 seconds
Number of updated asset objects reloaded before import = 0Number of asset objects unloaded after import = 8

========================================================================
Received Import Request.
  Time since last request: 0.000034 seconds.
  path: Assets/Sci-Fi Styled Modular Pack/Materials/hologram_particle.mat
  artifactKey: Guid(d37e8378fe566f84a8b75b0083ec4838) Importer(2089858483,b0f066a214c2f5e87bad3c948f4d605d)
Start importing Assets/Sci-Fi Styled Modular Pack/Materials/hologram_particle.mat using Guid(d37e8378fe566f84a8b75b0083ec4838) Importer(2089858483,b0f066a214c2f5e87bad3c948f4d605d) (ScriptedImporter) -> (artifact id: 'eb21d682900b9303ea9b2d2d681cb8b2') in 0.002248583 seconds
Number of updated asset objects reloaded before import = 0Number of asset objects unloaded after import = 1

========================================================================
Received Import Request.
  Time since last request: 0.000043 seconds.
  path: Assets/Sci-Fi Styled Modular Pack/Models/container_big.fbx
  artifactKey: Guid(1037e3cf0dc55a54fb6095b7d4075f91) Importer(2089858483,b0f066a214c2f5e87bad3c948f4d605d)
Start importing Assets/Sci-Fi Styled Modular Pack/Models/container_big.fbx using Guid(1037e3cf0dc55a54fb6095b7d4075f91) Importer(2089858483,b0f066a214c2f5e87bad3c948f4d605d) (ScriptedImporter) -> (artifact id: '5d1ba34dcf1d7c30ac39ae4e6c528264') in 0.003526375 seconds
Number of updated asset objects reloaded before import = 0Number of asset objects unloaded after import = 8

========================================================================
Received Import Request.
  Time since last request: 0.000036 seconds.
  path: Assets/Sci-Fi Styled Modular Pack/Example scenes/Materials/Sand.mat
  artifactKey: Guid(d7ecd8db85bf61440b7ca5d302afd010) Importer(2089858483,b0f066a214c2f5e87bad3c948f4d605d)
Start importing Assets/Sci-Fi Styled Modular Pack/Example scenes/Materials/Sand.mat using Guid(d7ecd8db85bf61440b7ca5d302afd010) Importer(2089858483,b0f066a214c2f5e87bad3c948f4d605d) (ScriptedImporter) -> (artifact id: '04ed4ee4f46b34ad76e4e24311a12096') in 0.001923416 seconds
Number of updated asset objects reloaded before import = 0Number of asset objects unloaded after import = 1

========================================================================
Received Import Request.
  Time since last request: 0.000044 seconds.
  path: Assets/Sci-Fi Styled Modular Pack/Models/Joint_Y_6.fbx
  artifactKey: Guid(904be4b57549ec146a70ee2ea74168f0) Importer(2089858483,b0f066a214c2f5e87bad3c948f4d605d)
Start importing Assets/Sci-Fi Styled Modular Pack/Models/Joint_Y_6.fbx using Guid(904be4b57549ec146a70ee2ea74168f0) Importer(2089858483,b0f066a214c2f5e87bad3c948f4d605d) (ScriptedImporter) -> (artifact id: '405976f18c05ca877fa62d35000192e7') in 0.004622041 seconds
Number of updated asset objects reloaded before import = 0Number of asset objects unloaded after import = 8

========================================================================
Received Import Request.
  Time since last request: 0.000038 seconds.
  path: Assets/Sci-Fi Styled Modular Pack/Prefabs/Walls/wall_big.prefab
  artifactKey: Guid(b38a3290156af5046a449900e3163984) Importer(2089858483,b0f066a214c2f5e87bad3c948f4d605d)
Start importing Assets/Sci-Fi Styled Modular Pack/Prefabs/Walls/wall_big.prefab using Guid(b38a3290156af5046a449900e3163984) Importer(2089858483,b0f066a214c2f5e87bad3c948f4d605d) (ScriptedImporter) -> (artifact id: '2133a5e323092f4374f5314485789771') in 0.002424125 seconds
Number of updated asset objects reloaded before import = 0Number of asset objects unloaded after import = 18

========================================================================
Received Import Request.
  Time since last request: 0.000039 seconds.
  path: Assets/Sci-Fi Styled Modular Pack/Prefabs/Stairs/stairs_small_corner_with_emmision.prefab
  artifactKey: Guid(88e2387d52f16a24bbf3a98f88f690c0) Importer(2089858483,b0f066a214c2f5e87bad3c948f4d605d)
Start importing Assets/Sci-Fi Styled Modular Pack/Prefabs/Stairs/stairs_small_corner_with_emmision.prefab using Guid(88e2387d52f16a24bbf3a98f88f690c0) Importer(2089858483,b0f066a214c2f5e87bad3c948f4d605d) (ScriptedImporter) -> (artifact id: '2c0df507d6edf3e5f0a512e8a12fed4c') in 0.003151417 seconds
Number of updated asset objects reloaded before import = 0Number of asset objects unloaded after import = 10

========================================================================
Received Import Request.
  Time since last request: 0.000039 seconds.
  path: Assets/Sci-Fi Styled Modular Pack/Models/hologram.fbx
  artifactKey: Guid(56b5beddc07908b44b129fcaeb971bfb) Importer(2089858483,b0f066a214c2f5e87bad3c948f4d605d)
Start importing Assets/Sci-Fi Styled Modular Pack/Models/hologram.fbx using Guid(56b5beddc07908b44b129fcaeb971bfb) Importer(2089858483,b0f066a214c2f5e87bad3c948f4d605d) (ScriptedImporter) -> (artifact id: 'd5ece94e319abf4b2f6773365ebe7fdf') in 0.003519417 seconds
Number of updated asset objects reloaded before import = 0Number of asset objects unloaded after import = 8

========================================================================
Received Import Request.
  Time since last request: 0.000046 seconds.
  path: Assets/Sci-Fi Styled Modular Pack/Animations/frame_door_3.controller
  artifactKey: Guid(a8a41d09ed1b9f14f9c4c9b21bc93d8a) Importer(2089858483,b0f066a214c2f5e87bad3c948f4d605d)
Start importing Assets/Sci-Fi Styled Modular Pack/Animations/frame_door_3.controller using Guid(a8a41d09ed1b9f14f9c4c9b21bc93d8a) Importer(2089858483,b0f066a214c2f5e87bad3c948f4d605d) (ScriptedImporter) -> (artifact id: '3a4c5624c11522e016a8d720530e8c68') in 0.002346917 seconds
Number of updated asset objects reloaded before import = 0Number of asset objects unloaded after import = 14

========================================================================
Received Import Request.
  Time since last request: 0.000043 seconds.
  path: Assets/Sci-Fi Styled Modular Pack/Models/frame_door_1.fbx
  artifactKey: Guid(5ef3bd15c7a0fda4a917c80a4797b8aa) Importer(2089858483,b0f066a214c2f5e87bad3c948f4d605d)
Start importing Assets/Sci-Fi Styled Modular Pack/Models/frame_door_1.fbx using Guid(5ef3bd15c7a0fda4a917c80a4797b8aa) Importer(2089858483,b0f066a214c2f5e87bad3c948f4d605d) (ScriptedImporter) -> (artifact id: '3b8d48a453480d4c1fe8de4fb793f910') in 0.0039965 seconds
Number of updated asset objects reloaded before import = 0Number of asset objects unloaded after import = 10

========================================================================
Received Import Request.
  Time since last request: 0.000036 seconds.
  path: Assets/Sci-Fi Styled Modular Pack/Models/Materials
  artifactKey: Guid(f0177797976e48f488c52609f6716603) Importer(2089858483,b0f066a214c2f5e87bad3c948f4d605d)
Start importing Assets/Sci-Fi Styled Modular Pack/Models/Materials using Guid(f0177797976e48f488c52609f6716603) Importer(2089858483,b0f066a214c2f5e87bad3c948f4d605d) (ScriptedImporter) -> (artifact id: '43c1d4a893af6a94be39724c1ef69c04') in 0.00133925 seconds
Number of updated asset objects reloaded before import = 0Number of asset objects unloaded after import = 1

========================================================================
Received Import Request.
  Time since last request: 0.000042 seconds.
  path: Assets/Sci-Fi Styled Modular Pack/Prefabs/Windows/Complete Windows/window_big_blocker.prefab
  artifactKey: Guid(32234a5734d32f644adeeabac5c5b8ed) Importer(2089858483,b0f066a214c2f5e87bad3c948f4d605d)
Start importing Assets/Sci-Fi Styled Modular Pack/Prefabs/Windows/Complete Windows/window_big_blocker.prefab using Guid(32234a5734d32f644adeeabac5c5b8ed) Importer(2089858483,b0f066a214c2f5e87bad3c948f4d605d) (ScriptedImporter) -> (artifact id: 'a9945315c4b08bb758196199767a2786') in 0.002373958 seconds
Number of updated asset objects reloaded before import = 0Number of asset objects unloaded after import = 34

========================================================================
Received Import Request.
  Time since last request: 0.000052 seconds.
  path: Assets/Sci-Fi Styled Modular Pack/Prefabs/Walls/decorative_wall_3.prefab
  artifactKey: Guid(2216270888a4ced48b33b7b5641611e6) Importer(2089858483,b0f066a214c2f5e87bad3c948f4d605d)
Start importing Assets/Sci-Fi Styled Modular Pack/Prefabs/Walls/decorative_wall_3.prefab using Guid(2216270888a4ced48b33b7b5641611e6) Importer(2089858483,b0f066a214c2f5e87bad3c948f4d605d) (ScriptedImporter) -> (artifact id: '34e51afb3519f01a5fb67f2c5cec9b12') in 0.00225575 seconds
Number of updated asset objects reloaded before import = 0Number of asset objects unloaded after import = 16

========================================================================
Received Import Request.
  Time since last request: 0.000033 seconds.
  path: Assets/Sci-Fi Styled Modular Pack/Prefabs/Decorative elements/floor_corner_ornament_pipes_corner.prefab
  artifactKey: Guid(fe8bb31403053dd44ae7ac2396ff8fa4) Importer(2089858483,b0f066a214c2f5e87bad3c948f4d605d)
Start importing Assets/Sci-Fi Styled Modular Pack/Prefabs/Decorative elements/floor_corner_ornament_pipes_corner.prefab using Guid(fe8bb31403053dd44ae7ac2396ff8fa4) Importer(2089858483,b0f066a214c2f5e87bad3c948f4d605d) (ScriptedImporter) -> (artifact id: '82422a898c5d49b461a61bd4ff22a77a') in 0.002708375 seconds
Number of updated asset objects reloaded before import = 0Number of asset objects unloaded after import = 9

========================================================================
Received Import Request.
  Time since last request: 0.000043 seconds.
  path: Assets/Sci-Fi Styled Modular Pack/Prefabs/Walls/Simple
  artifactKey: Guid(e585bc761b693aa45a66585b4921ec32) Importer(2089858483,b0f066a214c2f5e87bad3c948f4d605d)
Start importing Assets/Sci-Fi Styled Modular Pack/Prefabs/Walls/Simple using Guid(e585bc761b693aa45a66585b4921ec32) Importer(2089858483,b0f066a214c2f5e87bad3c948f4d605d) (ScriptedImporter) -> (artifact id: 'cf36e654f2946062513386240b42b9f6') in 0.001499333 seconds
Number of updated asset objects reloaded before import = 0Number of asset objects unloaded after import = 1

========================================================================
Received Import Request.
  Time since last request: 0.000045 seconds.
  path: Assets/Sci-Fi Styled Modular Pack/Models/floor_6.fbx
  artifactKey: Guid(8d199d8824e784743af821727659334b) Importer(2089858483,b0f066a214c2f5e87bad3c948f4d605d)
Start importing Assets/Sci-Fi Styled Modular Pack/Models/floor_6.fbx using Guid(8d199d8824e784743af821727659334b) Importer(2089858483,b0f066a214c2f5e87bad3c948f4d605d) (ScriptedImporter) -> (artifact id: '1c3e84f6a4a47995449c4200d40aa623') in 0.003562083 seconds
Number of updated asset objects reloaded before import = 0Number of asset objects unloaded after import = 8

========================================================================
Received Import Request.
  Time since last request: 0.000042 seconds.
  path: Assets/Sci-Fi Styled Modular Pack/Models/pilot_seat.fbx
  artifactKey: Guid(206baf2e20f35044f927ec9ea215c222) Importer(2089858483,b0f066a214c2f5e87bad3c948f4d605d)
Start importing Assets/Sci-Fi Styled Modular Pack/Models/pilot_seat.fbx using Guid(206baf2e20f35044f927ec9ea215c222) Importer(2089858483,b0f066a214c2f5e87bad3c948f4d605d) (ScriptedImporter) -> (artifact id: 'a2ada630f0cac163c7627736fc9abd60') in 0.003672167 seconds
Number of updated asset objects reloaded before import = 0Number of asset objects unloaded after import = 8

========================================================================
Received Import Request.
  Time since last request: 0.000030 seconds.
  path: Assets/Sci-Fi Styled Modular Pack/Models/floor_corner_ornament.fbx
  artifactKey: Guid(1159b683edc56b34d942907bb191e3e7) Importer(2089858483,b0f066a214c2f5e87bad3c948f4d605d)
Start importing Assets/Sci-Fi Styled Modular Pack/Models/floor_corner_ornament.fbx using Guid(1159b683edc56b34d942907bb191e3e7) Importer(2089858483,b0f066a214c2f5e87bad3c948f4d605d) (ScriptedImporter) -> (artifact id: 'ed5a4f03d6e4c481d4179cb55446f9d7') in 0.004851416 seconds
Number of updated asset objects reloaded before import = 0Number of asset objects unloaded after import = 8

========================================================================
Received Import Request.
  Time since last request: 0.000039 seconds.
  path: Assets/Sci-Fi Styled Modular Pack/Prefabs/Lights/light_celing_2.prefab
  artifactKey: Guid(e15828603e27c5e42b39860e4f55da70) Importer(2089858483,b0f066a214c2f5e87bad3c948f4d605d)
Start importing Assets/Sci-Fi Styled Modular Pack/Prefabs/Lights/light_celing_2.prefab using Guid(e15828603e27c5e42b39860e4f55da70) Importer(2089858483,b0f066a214c2f5e87bad3c948f4d605d) (ScriptedImporter) -> (artifact id: '2220105adee89878e16cd8ada5a5d986') in 0.003136958 seconds
Number of updated asset objects reloaded before import = 0Number of asset objects unloaded after import = 14

========================================================================
Received Import Request.
  Time since last request: 0.000044 seconds.
  path: Assets/Sci-Fi Styled Modular Pack/Example scenes/Materials
  artifactKey: Guid(2ab72befc884bc441bbb2ff569663c83) Importer(2089858483,b0f066a214c2f5e87bad3c948f4d605d)
Start importing Assets/Sci-Fi Styled Modular Pack/Example scenes/Materials using Guid(2ab72befc884bc441bbb2ff569663c83) Importer(2089858483,b0f066a214c2f5e87bad3c948f4d605d) (ScriptedImporter) -> (artifact id: '7685e991761bd59049cae716779e76f2') in 0.001297625 seconds
Number of updated asset objects reloaded before import = 0Number of asset objects unloaded after import = 1

========================================================================
Received Import Request.
  Time since last request: 0.000040 seconds.
  path: Assets/Sci-Fi Styled Modular Pack/Models/stairs_small_no_emmision.fbx
  artifactKey: Guid(38b52066b4ac23b48bc1af6d369ddcd2) Importer(2089858483,b0f066a214c2f5e87bad3c948f4d605d)
Start importing Assets/Sci-Fi Styled Modular Pack/Models/stairs_small_no_emmision.fbx using Guid(38b52066b4ac23b48bc1af6d369ddcd2) Importer(2089858483,b0f066a214c2f5e87bad3c948f4d605d) (ScriptedImporter) -> (artifact id: '26612b7d7ac88269dbf47e09023aec1d') in 0.003908458 seconds
Number of updated asset objects reloaded before import = 0Number of asset objects unloaded after import = 8

========================================================================
Received Import Request.
  Time since last request: 0.000035 seconds.
  path: Assets/Sci-Fi Styled Modular Pack/Prefabs/Windows
  artifactKey: Guid(ff3af879ef4e33b4e85f878394632c8b) Importer(2089858483,b0f066a214c2f5e87bad3c948f4d605d)
Start importing Assets/Sci-Fi Styled Modular Pack/Prefabs/Windows using Guid(ff3af879ef4e33b4e85f878394632c8b) Importer(2089858483,b0f066a214c2f5e87bad3c948f4d605d) (ScriptedImporter) -> (artifact id: 'b799d5cdd7f181296269521112ba4aa0') in 0.001218667 seconds
Number of updated asset objects reloaded before import = 0Number of asset objects unloaded after import = 1

========================================================================
Received Import Request.
  Time since last request: 0.000031 seconds.
  path: Assets/Sci-Fi Styled Modular Pack/Prefabs/Joints/Joint_T_6.prefab
  artifactKey: Guid(825145a142d78c74b8962c930ad0d269) Importer(2089858483,b0f066a214c2f5e87bad3c948f4d605d)
Start importing Assets/Sci-Fi Styled Modular Pack/Prefabs/Joints/Joint_T_6.prefab using Guid(825145a142d78c74b8962c930ad0d269) Importer(2089858483,b0f066a214c2f5e87bad3c948f4d605d) (ScriptedImporter) -> (artifact id: 'e7062f439a053d5f6e53f3bdfc5a582d') in 0.002998167 seconds
Number of updated asset objects reloaded before import = 0Number of asset objects unloaded after import = 9

========================================================================
Received Import Request.
  Time since last request: 0.000037 seconds.
  path: Assets/Sci-Fi Styled Modular Pack/Models/window_big_no_side_full_LOD0.fbx
  artifactKey: Guid(c93a7b6fab490314f9f3471aa2616c70) Importer(2089858483,b0f066a214c2f5e87bad3c948f4d605d)
Start importing Assets/Sci-Fi Styled Modular Pack/Models/window_big_no_side_full_LOD0.fbx using Guid(c93a7b6fab490314f9f3471aa2616c70) Importer(2089858483,b0f066a214c2f5e87bad3c948f4d605d) (ScriptedImporter) -> (artifact id: '47b6981f63699802df3f19c79d04b81c') in 0.004215958 seconds
Number of updated asset objects reloaded before import = 0Number of asset objects unloaded after import = 11

========================================================================
Received Import Request.
  Time since last request: 0.000045 seconds.
  path: Assets/Sci-Fi Styled Modular Pack/Models/Cube_2x2_extended.fbx
  artifactKey: Guid(ec74d4db4ff77cd4ea59472a32ad58d0) Importer(2089858483,b0f066a214c2f5e87bad3c948f4d605d)
Start importing Assets/Sci-Fi Styled Modular Pack/Models/Cube_2x2_extended.fbx using Guid(ec74d4db4ff77cd4ea59472a32ad58d0) Importer(2089858483,b0f066a214c2f5e87bad3c948f4d605d) (ScriptedImporter) -> (artifact id: 'c7b7ae865127792580e7dbaccdaa3c50') in 0.005152666 seconds
Number of updated asset objects reloaded before import = 0Number of asset objects unloaded after import = 8

========================================================================
Received Import Request.
  Time since last request: 0.000033 seconds.
  path: Assets/Sci-Fi Styled Modular Pack/Models/Joint_X_6.fbx
  artifactKey: Guid(a54849c19a66acc4bb991fcc053633dd) Importer(2089858483,b0f066a214c2f5e87bad3c948f4d605d)
Start importing Assets/Sci-Fi Styled Modular Pack/Models/Joint_X_6.fbx using Guid(a54849c19a66acc4bb991fcc053633dd) Importer(2089858483,b0f066a214c2f5e87bad3c948f4d605d) (ScriptedImporter) -> (artifact id: 'c8fb8b5c65d66578f61855eed11b59ab') in 0.003566 seconds
Number of updated asset objects reloaded before import = 0Number of asset objects unloaded after import = 8

========================================================================
Received Import Request.
  Time since last request: 0.000029 seconds.
  path: Assets/Sci-Fi Styled Modular Pack/Models/floor_5.fbx
  artifactKey: Guid(d33b92b4d2f9ca8409480ae83478fd61) Importer(2089858483,b0f066a214c2f5e87bad3c948f4d605d)
Start importing Assets/Sci-Fi Styled Modular Pack/Models/floor_5.fbx using Guid(d33b92b4d2f9ca8409480ae83478fd61) Importer(2089858483,b0f066a214c2f5e87bad3c948f4d605d) (ScriptedImporter) -> (artifact id: 'e8426e3f5eb70b3cedbaa0261077d1cc') in 0.003567958 seconds
Number of updated asset objects reloaded before import = 0Number of asset objects unloaded after import = 10

========================================================================
Received Import Request.
  Time since last request: 0.000045 seconds.
  path: Assets/Sci-Fi Styled Modular Pack/Prefabs/Walls/Simple/decorative_wall_F.prefab
  artifactKey: Guid(2d088c87c6df3c442aeff94f902c6ae3) Importer(2089858483,b0f066a214c2f5e87bad3c948f4d605d)
Start importing Assets/Sci-Fi Styled Modular Pack/Prefabs/Walls/Simple/decorative_wall_F.prefab using Guid(2d088c87c6df3c442aeff94f902c6ae3) Importer(2089858483,b0f066a214c2f5e87bad3c948f4d605d) (ScriptedImporter) -> (artifact id: 'fedb5df5d47fdd629abf5a7b3b89f61a') in 0.003677291 seconds
Number of updated asset objects reloaded before import = 0Number of asset objects unloaded after import = 9

========================================================================
Received Import Request.
  Time since last request: 0.000041 seconds.
  path: Assets/Sci-Fi Styled Modular Pack/Prefabs/Machines/Battery_medium.prefab
  artifactKey: Guid(98f508b556c380a4e89204f95af2d3da) Importer(2089858483,b0f066a214c2f5e87bad3c948f4d605d)
Start importing Assets/Sci-Fi Styled Modular Pack/Prefabs/Machines/Battery_medium.prefab using Guid(98f508b556c380a4e89204f95af2d3da) Importer(2089858483,b0f066a214c2f5e87bad3c948f4d605d) (ScriptedImporter) -> (artifact id: '16277797b8a3a03b8f4c30c10845d9cf') in 0.003019875 seconds
Number of updated asset objects reloaded before import = 0Number of asset objects unloaded after import = 10

========================================================================
Received Import Request.
  Time since last request: 0.000037 seconds.
  path: Assets/Sci-Fi Styled Modular Pack/Animations/door_1_open.anim
  artifactKey: Guid(39fb454602ab93b4e9178987cb446212) Importer(2089858483,b0f066a214c2f5e87bad3c948f4d605d)
Start importing Assets/Sci-Fi Styled Modular Pack/Animations/door_1_open.anim using Guid(39fb454602ab93b4e9178987cb446212) Importer(2089858483,b0f066a214c2f5e87bad3c948f4d605d) (ScriptedImporter) -> (artifact id: 'b46ca6e3b3aef8d1a5eddf3baa50f5fa') in 0.001837416 seconds
Number of updated asset objects reloaded before import = 0Number of asset objects unloaded after import = 1

========================================================================
Received Import Request.
  Time since last request: 0.000038 seconds.
  path: Assets/Sci-Fi Styled Modular Pack/Models/frame_door_3.fbx
  artifactKey: Guid(b3b88c627c794d0468531a164197c8a7) Importer(2089858483,b0f066a214c2f5e87bad3c948f4d605d)
Start importing Assets/Sci-Fi Styled Modular Pack/Models/frame_door_3.fbx using Guid(b3b88c627c794d0468531a164197c8a7) Importer(2089858483,b0f066a214c2f5e87bad3c948f4d605d) (ScriptedImporter) -> (artifact id: '8835fef2ea0e2a5ae6aa14d6789d5a8c') in 0.003962458 seconds
Number of updated asset objects reloaded before import = 0Number of asset objects unloaded after import = 10

========================================================================
Received Import Request.
  Time since last request: 0.000040 seconds.
  path: Assets/Sci-Fi Styled Modular Pack/Models/decorative_wall_6.fbx
  artifactKey: Guid(0577c0ca7d5215b40b00822d5aa8dc39) Importer(2089858483,b0f066a214c2f5e87bad3c948f4d605d)
Start importing Assets/Sci-Fi Styled Modular Pack/Models/decorative_wall_6.fbx using Guid(0577c0ca7d5215b40b00822d5aa8dc39) Importer(2089858483,b0f066a214c2f5e87bad3c948f4d605d) (ScriptedImporter) -> (artifact id: 'cd7e729605c7a3a530a4ca0eb7103a75') in 0.003487375 seconds
Number of updated asset objects reloaded before import = 0Number of asset objects unloaded after import = 8

========================================================================
Received Import Request.
  Time since last request: 0.000041 seconds.
  path: Assets/Sci-Fi Styled Modular Pack/Materials/lattice floor.mat
  artifactKey: Guid(62dcf96e239eb0d4db44cbe622abf152) Importer(2089858483,b0f066a214c2f5e87bad3c948f4d605d)
Start importing Assets/Sci-Fi Styled Modular Pack/Materials/lattice floor.mat using Guid(62dcf96e239eb0d4db44cbe622abf152) Importer(2089858483,b0f066a214c2f5e87bad3c948f4d605d) (ScriptedImporter) -> (artifact id: 'e67b4810fa4cbc1532e1c2624a807a91') in 0.105303834 seconds
Number of updated asset objects reloaded before import = 0Number of asset objects unloaded after import = 2

========================================================================
Received Import Request.
  Time since last request: 0.000037 seconds.
  path: Assets/Sci-Fi Styled Modular Pack/Models/bulletin_board_big.fbx
  artifactKey: Guid(ef8bfa582b4ce25439555bbe6679213a) Importer(2089858483,b0f066a214c2f5e87bad3c948f4d605d)
Start importing Assets/Sci-Fi Styled Modular Pack/Models/bulletin_board_big.fbx using Guid(ef8bfa582b4ce25439555bbe6679213a) Importer(2089858483,b0f066a214c2f5e87bad3c948f4d605d) (ScriptedImporter) -> (artifact id: '430d44c139b086475bb1bbe149c893ed') in 0.003655333 seconds
Number of updated asset objects reloaded before import = 0Number of asset objects unloaded after import = 8

========================================================================
Received Import Request.
  Time since last request: 0.000041 seconds.
  path: Assets/Sci-Fi Styled Modular Pack/Models/storage_container_big.fbx
  artifactKey: Guid(1f9c6d1e57495314a901bcabd82e87b7) Importer(2089858483,b0f066a214c2f5e87bad3c948f4d605d)
Start importing Assets/Sci-Fi Styled Modular Pack/Models/storage_container_big.fbx using Guid(1f9c6d1e57495314a901bcabd82e87b7) Importer(2089858483,b0f066a214c2f5e87bad3c948f4d605d) (ScriptedImporter) -> (artifact id: 'c42f7a052a41759bd1f6846e8c6ce9e8') in 0.003376583 seconds
Number of updated asset objects reloaded before import = 0Number of asset objects unloaded after import = 8

========================================================================
Received Import Request.
  Time since last request: 0.000030 seconds.
  path: Assets/Sci-Fi Styled Modular Pack/Models/wall_small_no_side_full_LOD0.fbx
  artifactKey: Guid(49147130b2b7fa449bbe4566bde06e1d) Importer(2089858483,b0f066a214c2f5e87bad3c948f4d605d)
Start importing Assets/Sci-Fi Styled Modular Pack/Models/wall_small_no_side_full_LOD0.fbx using Guid(49147130b2b7fa449bbe4566bde06e1d) Importer(2089858483,b0f066a214c2f5e87bad3c948f4d605d) (ScriptedImporter) -> (artifact id: 'e24c32444de5f2709be3d69779e6f42a') in 0.003941083 seconds
Number of updated asset objects reloaded before import = 0Number of asset objects unloaded after import = 9

========================================================================
Received Import Request.
  Time since last request: 0.000028 seconds.
  path: Assets/Sci-Fi Styled Modular Pack/Prefabs/Decorative elements/console_screen.prefab
  artifactKey: Guid(814f2f52d8dd87948a0fba9364aa412b) Importer(2089858483,b0f066a214c2f5e87bad3c948f4d605d)
Start importing Assets/Sci-Fi Styled Modular Pack/Prefabs/Decorative elements/console_screen.prefab using Guid(814f2f52d8dd87948a0fba9364aa412b) Importer(2089858483,b0f066a214c2f5e87bad3c948f4d605d) (ScriptedImporter) -> (artifact id: 'a1ac0aabc163f1c57f808e0080f021c2') in 0.003854917 seconds
Number of updated asset objects reloaded before import = 0Number of asset objects unloaded after import = 10

========================================================================
Received Import Request.
  Time since last request: 0.000030 seconds.
  path: Assets/Sci-Fi Styled Modular Pack/Models/bulletin_board_small.fbx
  artifactKey: Guid(1a4d745aad5a4c14ea26a3818a4b4adf) Importer(2089858483,b0f066a214c2f5e87bad3c948f4d605d)
Start importing Assets/Sci-Fi Styled Modular Pack/Models/bulletin_board_small.fbx using Guid(1a4d745aad5a4c14ea26a3818a4b4adf) Importer(2089858483,b0f066a214c2f5e87bad3c948f4d605d) (ScriptedImporter) -> (artifact id: 'a662c81882d8fbb9f7bec0f0692f031e') in 0.003811083 seconds
Number of updated asset objects reloaded before import = 0Number of asset objects unloaded after import = 8

========================================================================
Received Import Request.
  Time since last request: 0.000034 seconds.
  path: Assets/Sci-Fi Styled Modular Pack/Models/window_big_with_side_LOD1.fbx
  artifactKey: Guid(7dbc85eb39ce2b940b22b0063918e3ac) Importer(2089858483,b0f066a214c2f5e87bad3c948f4d605d)
Start importing Assets/Sci-Fi Styled Modular Pack/Models/window_big_with_side_LOD1.fbx using Guid(7dbc85eb39ce2b940b22b0063918e3ac) Importer(2089858483,b0f066a214c2f5e87bad3c948f4d605d) (ScriptedImporter) -> (artifact id: '1af9268c5513ed1caa46d1cb072caa04') in 0.004139292 seconds
Number of updated asset objects reloaded before import = 0Number of asset objects unloaded after import = 11

========================================================================
Received Import Request.
  Time since last request: 0.000035 seconds.
  path: Assets/Sci-Fi Styled Modular Pack/Prefabs/Walls/decorative_wall_2.prefab
  artifactKey: Guid(bf2139b42b42c8c4a96e509af12fe05d) Importer(2089858483,b0f066a214c2f5e87bad3c948f4d605d)
Start importing Assets/Sci-Fi Styled Modular Pack/Prefabs/Walls/decorative_wall_2.prefab using Guid(bf2139b42b42c8c4a96e509af12fe05d) Importer(2089858483,b0f066a214c2f5e87bad3c948f4d605d) (ScriptedImporter) -> (artifact id: 'acef1d6b94223e0e7874a4c003781fc0') in 0.002126709 seconds
Number of updated asset objects reloaded before import = 0Number of asset objects unloaded after import = 16

========================================================================
Received Import Request.
  Time since last request: 0.000038 seconds.
  path: Assets/Sci-Fi Styled Modular Pack/Prefabs/Machines/shield_generator.prefab
  artifactKey: Guid(3705bd4c1b398ea4ba0413ef903772cc) Importer(2089858483,b0f066a214c2f5e87bad3c948f4d605d)
Start importing Assets/Sci-Fi Styled Modular Pack/Prefabs/Machines/shield_generator.prefab using Guid(3705bd4c1b398ea4ba0413ef903772cc) Importer(2089858483,b0f066a214c2f5e87bad3c948f4d605d) (ScriptedImporter) -> (artifact id: '71c61bbc2d5a4ad3cfc09d32010b2577') in 0.002812959 seconds
Number of updated asset objects reloaded before import = 0Number of asset objects unloaded after import = 9

========================================================================
Received Import Request.
  Time since last request: 0.000038 seconds.
  path: Assets/Sci-Fi Styled Modular Pack/Models/door_1_left.fbx
  artifactKey: Guid(2107a071ee618844a887d2f12ada9fd3) Importer(2089858483,b0f066a214c2f5e87bad3c948f4d605d)
Start importing Assets/Sci-Fi Styled Modular Pack/Models/door_1_left.fbx using Guid(2107a071ee618844a887d2f12ada9fd3) Importer(2089858483,b0f066a214c2f5e87bad3c948f4d605d) (ScriptedImporter) -> (artifact id: '8605dde5ebd0647fb3ffd84501e2f83d') in 0.004229 seconds
Number of updated asset objects reloaded before import = 0Number of asset objects unloaded after import = 10

========================================================================
Received Import Request.
  Time since last request: 0.000036 seconds.
  path: Assets/Sci-Fi Styled Modular Pack/Models/frame_door_2_colision_mesh.fbx
  artifactKey: Guid(4e1b01f9c50ee5343afe22990d2feba9) Importer(2089858483,b0f066a214c2f5e87bad3c948f4d605d)
Start importing Assets/Sci-Fi Styled Modular Pack/Models/frame_door_2_colision_mesh.fbx using Guid(4e1b01f9c50ee5343afe22990d2feba9) Importer(2089858483,b0f066a214c2f5e87bad3c948f4d605d) (ScriptedImporter) -> (artifact id: 'ae16fb2dd1a92696ecf6c53c3eb80a9b') in 0.003333959 seconds
Number of updated asset objects reloaded before import = 0Number of asset objects unloaded after import = 8

========================================================================
Received Import Request.
  Time since last request: 0.000047 seconds.
  path: Assets/Sci-Fi Styled Modular Pack/Prefabs/Decorative elements/floor_corner_ornament.prefab
  artifactKey: Guid(0759e5b8616fa854dbb807a3ac19ec2b) Importer(2089858483,b0f066a214c2f5e87bad3c948f4d605d)
Start importing Assets/Sci-Fi Styled Modular Pack/Prefabs/Decorative elements/floor_corner_ornament.prefab using Guid(0759e5b8616fa854dbb807a3ac19ec2b) Importer(2089858483,b0f066a214c2f5e87bad3c948f4d605d) (ScriptedImporter) -> (artifact id: 'f1169576a08b3a413af28798bf0723a8') in 0.002403083 seconds
Number of updated asset objects reloaded before import = 0Number of asset objects unloaded after import = 9

========================================================================
Received Import Request.
  Time since last request: 0.000032 seconds.
  path: Assets/Sci-Fi Styled Modular Pack/Models/decorative_table_small_glass.fbx
  artifactKey: Guid(104ded7e93806b744a1364d38f56238c) Importer(2089858483,b0f066a214c2f5e87bad3c948f4d605d)
Start importing Assets/Sci-Fi Styled Modular Pack/Models/decorative_table_small_glass.fbx using Guid(104ded7e93806b744a1364d38f56238c) Importer(2089858483,b0f066a214c2f5e87bad3c948f4d605d) (ScriptedImporter) -> (artifact id: '4ea315a8ab3cec1cc54e90c9b087df70') in 0.004809125 seconds
Number of updated asset objects reloaded before import = 0Number of asset objects unloaded after import = 9

========================================================================
Received Import Request.
  Time since last request: 0.000035 seconds.
  path: Assets/Sci-Fi Styled Modular Pack/Materials/Palletes/blue color.mat
  artifactKey: Guid(bb0ea486e3a8ea846993232a228b528a) Importer(2089858483,b0f066a214c2f5e87bad3c948f4d605d)
Start importing Assets/Sci-Fi Styled Modular Pack/Materials/Palletes/blue color.mat using Guid(bb0ea486e3a8ea846993232a228b528a) Importer(2089858483,b0f066a214c2f5e87bad3c948f4d605d) (ScriptedImporter) -> (artifact id: 'a1371956a77bb92c80c108bec2d19185') in 0.003195041 seconds
Number of updated asset objects reloaded before import = 0Number of asset objects unloaded after import = 4

========================================================================
Received Import Request.
  Time since last request: 0.000039 seconds.
  path: Assets/Sci-Fi Styled Modular Pack/Models/floor_2_L_LOD0.fbx
  artifactKey: Guid(dd0e6c5981600b342aae11c813c53c17) Importer(2089858483,b0f066a214c2f5e87bad3c948f4d605d)
Start importing Assets/Sci-Fi Styled Modular Pack/Models/floor_2_L_LOD0.fbx using Guid(dd0e6c5981600b342aae11c813c53c17) Importer(2089858483,b0f066a214c2f5e87bad3c948f4d605d) (ScriptedImporter) -> (artifact id: '9934dfda8c85cbadd2ad1e87aaa788af') in 0.003619375 seconds
Number of updated asset objects reloaded before import = 0Number of asset objects unloaded after import = 10

========================================================================
Received Import Request.
  Time since last request: 0.000036 seconds.
  path: Assets/Sci-Fi Styled Modular Pack/Prefabs/Decorative elements/Column
  artifactKey: Guid(260b3aefe7560de46982de7f83ddf8ae) Importer(2089858483,b0f066a214c2f5e87bad3c948f4d605d)
Start importing Assets/Sci-Fi Styled Modular Pack/Prefabs/Decorative elements/Column using Guid(260b3aefe7560de46982de7f83ddf8ae) Importer(2089858483,b0f066a214c2f5e87bad3c948f4d605d) (ScriptedImporter) -> (artifact id: '7d4d02bf283ebbcbe92105c844bc6e87') in 0.001269167 seconds
Number of updated asset objects reloaded before import = 0Number of asset objects unloaded after import = 1

========================================================================
Received Import Request.
  Time since last request: 0.000031 seconds.
  path: Assets/Sci-Fi Styled Modular Pack/Prefabs/Doors/door_3.prefab
  artifactKey: Guid(2d927feb0fbf1a7429c095369d395de7) Importer(2089858483,b0f066a214c2f5e87bad3c948f4d605d)
Start importing Assets/Sci-Fi Styled Modular Pack/Prefabs/Doors/door_3.prefab using Guid(2d927feb0fbf1a7429c095369d395de7) Importer(2089858483,b0f066a214c2f5e87bad3c948f4d605d) (ScriptedImporter) -> (artifact id: 'f428134504958cc48de1406ab1803eff') in 0.004457084 seconds
Number of updated asset objects reloaded before import = 0Number of asset objects unloaded after import = 53

========================================================================
Received Import Request.
  Time since last request: 0.000039 seconds.
  path: Assets/Sci-Fi Styled Modular Pack/Prefabs/Machines/Capacitor.prefab
  artifactKey: Guid(888614259d2d71142a4ba0b538e54caf) Importer(2089858483,b0f066a214c2f5e87bad3c948f4d605d)
Start importing Assets/Sci-Fi Styled Modular Pack/Prefabs/Machines/Capacitor.prefab using Guid(888614259d2d71142a4ba0b538e54caf) Importer(2089858483,b0f066a214c2f5e87bad3c948f4d605d) (ScriptedImporter) -> (artifact id: 'ececa5698a8fe5102e168869563c543a') in 0.002211791 seconds
Number of updated asset objects reloaded before import = 0Number of asset objects unloaded after import = 27

========================================================================
Received Import Request.
  Time since last request: 0.000037 seconds.
  path: Assets/Sci-Fi Styled Modular Pack/Prefabs/Corridors/Corridor_2.prefab
  artifactKey: Guid(a6b9d7f63692cfd44b503ed7e09f6e5d) Importer(2089858483,b0f066a214c2f5e87bad3c948f4d605d)
Start importing Assets/Sci-Fi Styled Modular Pack/Prefabs/Corridors/Corridor_2.prefab using Guid(a6b9d7f63692cfd44b503ed7e09f6e5d) Importer(2089858483,b0f066a214c2f5e87bad3c948f4d605d) (ScriptedImporter) -> (artifact id: '07acbe8dc7066637541167609698cda8') in 0.00246925 seconds
Number of updated asset objects reloaded before import = 0Number of asset objects unloaded after import = 43

========================================================================
Received Import Request.
  Time since last request: 0.000039 seconds.
  path: Assets/Sci-Fi Styled Modular Pack/Prefabs/Windows/Complete Windows/window_big_corner_blocker.prefab
  artifactKey: Guid(c84375fce06f8f146a371128360dd36f) Importer(2089858483,b0f066a214c2f5e87bad3c948f4d605d)
Start importing Assets/Sci-Fi Styled Modular Pack/Prefabs/Windows/Complete Windows/window_big_corner_blocker.prefab using Guid(c84375fce06f8f146a371128360dd36f) Importer(2089858483,b0f066a214c2f5e87bad3c948f4d605d) (ScriptedImporter) -> (artifact id: '02f58395136a780ee881c565a86022a5') in 0.002293958 seconds
Number of updated asset objects reloaded before import = 0Number of asset objects unloaded after import = 35

========================================================================
Received Import Request.
  Time since last request: 0.000045 seconds.
  path: Assets/Sci-Fi Styled Modular Pack/Prefabs/Floors/floor_3.prefab
  artifactKey: Guid(a185d2c8149cc7d45a8bc91951812dc1) Importer(2089858483,b0f066a214c2f5e87bad3c948f4d605d)
Start importing Assets/Sci-Fi Styled Modular Pack/Prefabs/Floors/floor_3.prefab using Guid(a185d2c8149cc7d45a8bc91951812dc1) Importer(2089858483,b0f066a214c2f5e87bad3c948f4d605d) (ScriptedImporter) -> (artifact id: 'ded8e3e3f3cc0a90d8ed90c92becc9f0') in 0.002282459 seconds
Number of updated asset objects reloaded before import = 0Number of asset objects unloaded after import = 16

========================================================================
Received Import Request.
  Time since last request: 0.000051 seconds.
  path: Assets/Sci-Fi Styled Modular Pack/Prefabs/Walls/Simple/decorative_wall_H.prefab
  artifactKey: Guid(f55f1ed084c77b742a3898e5da2214d3) Importer(2089858483,b0f066a214c2f5e87bad3c948f4d605d)
Start importing Assets/Sci-Fi Styled Modular Pack/Prefabs/Walls/Simple/decorative_wall_H.prefab using Guid(f55f1ed084c77b742a3898e5da2214d3) Importer(2089858483,b0f066a214c2f5e87bad3c948f4d605d) (ScriptedImporter) -> (artifact id: '56394c61ffd0b1683a6d26f0d61a5de2') in 0.002872333 seconds
Number of updated asset objects reloaded before import = 0Number of asset objects unloaded after import = 9

========================================================================
Received Import Request.
  Time since last request: 0.000029 seconds.
  path: Assets/Sci-Fi Styled Modular Pack/Models/projector_LOD0.fbx
  artifactKey: Guid(a29d1750fe55dd145b45145a22e287a0) Importer(2089858483,b0f066a214c2f5e87bad3c948f4d605d)
Start importing Assets/Sci-Fi Styled Modular Pack/Models/projector_LOD0.fbx using Guid(a29d1750fe55dd145b45145a22e287a0) Importer(2089858483,b0f066a214c2f5e87bad3c948f4d605d) (ScriptedImporter) -> (artifact id: '2fc887eecd9a229bd1666b29cbc3ee1c') in 0.003837084 seconds
Number of updated asset objects reloaded before import = 0Number of asset objects unloaded after import = 11

========================================================================
Received Import Request.
  Time since last request: 0.000030 seconds.
  path: Assets/Sci-Fi Styled Modular Pack/Example scenes/outpost with snow.unity
  artifactKey: Guid(e8cf1d29775c7e24f9dd35148a6437c0) Importer(2089858483,b0f066a214c2f5e87bad3c948f4d605d)
Start importing Assets/Sci-Fi Styled Modular Pack/Example scenes/outpost with snow.unity using Guid(e8cf1d29775c7e24f9dd35148a6437c0) Importer(2089858483,b0f066a214c2f5e87bad3c948f4d605d) (ScriptedImporter) -> (artifact id: '53b493c418182b874f64672c9914b69b') in 0.004345542 seconds
Number of updated asset objects reloaded before import = 0Number of asset objects unloaded after import = 1

========================================================================
Received Import Request.
  Time since last request: 0.000025 seconds.
  path: Assets/Sci-Fi Styled Modular Pack/Prefabs/Walls
  artifactKey: Guid(92c0be39ff3c622459e319008c1c053a) Importer(2089858483,b0f066a214c2f5e87bad3c948f4d605d)
Start importing Assets/Sci-Fi Styled Modular Pack/Prefabs/Walls using Guid(92c0be39ff3c622459e319008c1c053a) Importer(2089858483,b0f066a214c2f5e87bad3c948f4d605d) (ScriptedImporter) -> (artifact id: '87769f9019d11cfa2e4af48dbfe7ca3d') in 0.001243542 seconds
Number of updated asset objects reloaded before import = 0Number of asset objects unloaded after import = 1

========================================================================
Received Import Request.
  Time since last request: 0.000041 seconds.
  path: Assets/Sci-Fi Styled Modular Pack/Prefabs/Joints
  artifactKey: Guid(91631326900d7ec47b43c88b501ce361) Importer(2089858483,b0f066a214c2f5e87bad3c948f4d605d)
Start importing Assets/Sci-Fi Styled Modular Pack/Prefabs/Joints using Guid(91631326900d7ec47b43c88b501ce361) Importer(2089858483,b0f066a214c2f5e87bad3c948f4d605d) (ScriptedImporter) -> (artifact id: 'f0a9d8f605b90a57a284e343dc425f60') in 0.001096166 seconds
Number of updated asset objects reloaded before import = 0Number of asset objects unloaded after import = 1

========================================================================
Received Import Request.
  Time since last request: 0.000037 seconds.
  path: Assets/Sci-Fi Styled Modular Pack/Prefabs/Decorative elements/bunk_bed.prefab
  artifactKey: Guid(9efb87eb649319c4c8c3a954a74df462) Importer(2089858483,b0f066a214c2f5e87bad3c948f4d605d)
Start importing Assets/Sci-Fi Styled Modular Pack/Prefabs/Decorative elements/bunk_bed.prefab using Guid(9efb87eb649319c4c8c3a954a74df462) Importer(2089858483,b0f066a214c2f5e87bad3c948f4d605d) (ScriptedImporter) -> (artifact id: 'c8d11fec0fdc674473808557d51935ee') in 0.002821333 seconds
Number of updated asset objects reloaded before import = 0Number of asset objects unloaded after import = 9

========================================================================
Received Import Request.
  Time since last request: 0.000043 seconds.
  path: Assets/Sci-Fi Styled Modular Pack/Models/stairs_small_corner_no_emmision.fbx
  artifactKey: Guid(794f1b589d175fa4ca1ee555f5766635) Importer(2089858483,b0f066a214c2f5e87bad3c948f4d605d)
Start importing Assets/Sci-Fi Styled Modular Pack/Models/stairs_small_corner_no_emmision.fbx using Guid(794f1b589d175fa4ca1ee555f5766635) Importer(2089858483,b0f066a214c2f5e87bad3c948f4d605d) (ScriptedImporter) -> (artifact id: '0a0e00e43cb3e1f2f251fd2ddbae6626') in 0.004672167 seconds
Number of updated asset objects reloaded before import = 0Number of asset objects unloaded after import = 8

========================================================================
Received Import Request.
  Time since last request: 0.000028 seconds.
  path: Assets/Sci-Fi Styled Modular Pack/Textures/blood-color.png
  artifactKey: Guid(a08b90f188f43c9429b6b84b6e2d696c) Importer(2089858483,b0f066a214c2f5e87bad3c948f4d605d)
Start importing Assets/Sci-Fi Styled Modular Pack/Textures/blood-color.png using Guid(a08b90f188f43c9429b6b84b6e2d696c) Importer(2089858483,b0f066a214c2f5e87bad3c948f4d605d) (ScriptedImporter) -> (artifact id: 'faf0e36d93f4ba6b521e4ab540dffa35') in 0.002985334 seconds
Number of updated asset objects reloaded before import = 0Number of asset objects unloaded after import = 1

========================================================================
Received Import Request.
  Time since last request: 0.000057 seconds.
  path: Assets/Sci-Fi Styled Modular Pack/Models/art_2.fbx
  artifactKey: Guid(ac4b748f8929540418552255a129f014) Importer(2089858483,b0f066a214c2f5e87bad3c948f4d605d)
Start importing Assets/Sci-Fi Styled Modular Pack/Models/art_2.fbx using Guid(ac4b748f8929540418552255a129f014) Importer(2089858483,b0f066a214c2f5e87bad3c948f4d605d) (ScriptedImporter) -> (artifact id: 'f7132ce0f0f2e65f0934d80510b54177') in 0.003226459 seconds
Number of updated asset objects reloaded before import = 0Number of asset objects unloaded after import = 8

========================================================================
Received Import Request.
  Time since last request: 0.000036 seconds.
  path: Assets/Sci-Fi Styled Modular Pack/Models/window_big_corner_LOD0.fbx
  artifactKey: Guid(4c86d27bffd46554aae1d655796dff65) Importer(2089858483,b0f066a214c2f5e87bad3c948f4d605d)
Start importing Assets/Sci-Fi Styled Modular Pack/Models/window_big_corner_LOD0.fbx using Guid(4c86d27bffd46554aae1d655796dff65) Importer(2089858483,b0f066a214c2f5e87bad3c948f4d605d) (ScriptedImporter) -> (artifact id: 'c2f948d541c223f03a4245a5905d1f94') in 0.003908166 seconds
Number of updated asset objects reloaded before import = 0Number of asset objects unloaded after import = 11

========================================================================
Received Import Request.
  Time since last request: 0.000043 seconds.
  path: Assets/Sci-Fi Styled Modular Pack/Materials/nature_bush.mat
  artifactKey: Guid(4256c7f593c13f84bbd6e74b481a6ec4) Importer(2089858483,b0f066a214c2f5e87bad3c948f4d605d)
Start importing Assets/Sci-Fi Styled Modular Pack/Materials/nature_bush.mat using Guid(4256c7f593c13f84bbd6e74b481a6ec4) Importer(2089858483,b0f066a214c2f5e87bad3c948f4d605d) (ScriptedImporter) -> (artifact id: 'e8e7d4133110441322201b1cd670ecdc') in 0.107540458 seconds
Number of updated asset objects reloaded before import = 0Number of asset objects unloaded after import = 2

========================================================================
Received Import Request.
  Time since last request: 0.000044 seconds.
  path: Assets/Sci-Fi Styled Modular Pack/Prefabs/Extended Primitives/Cube_1x1_extended.prefab
  artifactKey: Guid(1b9426746a4365c40b24a81f6ad2daea) Importer(2089858483,b0f066a214c2f5e87bad3c948f4d605d)
Start importing Assets/Sci-Fi Styled Modular Pack/Prefabs/Extended Primitives/Cube_1x1_extended.prefab using Guid(1b9426746a4365c40b24a81f6ad2daea) Importer(2089858483,b0f066a214c2f5e87bad3c948f4d605d) (ScriptedImporter) -> (artifact id: '49f91d338ae37f0ba0a9d0818ece9a13') in 0.002661584 seconds
Number of updated asset objects reloaded before import = 0Number of asset objects unloaded after import = 9

========================================================================
Received Import Request.
  Time since last request: 0.000026 seconds.
  path: Assets/Sci-Fi Styled Modular Pack/Models/decorative_table_glass_only_top.fbx
  artifactKey: Guid(ff8f8f75adfd48d4991367a973d14ad3) Importer(2089858483,b0f066a214c2f5e87bad3c948f4d605d)
Start importing Assets/Sci-Fi Styled Modular Pack/Models/decorative_table_glass_only_top.fbx using Guid(ff8f8f75adfd48d4991367a973d14ad3) Importer(2089858483,b0f066a214c2f5e87bad3c948f4d605d) (ScriptedImporter) -> (artifact id: '642ac94f8d57319d7c9d068406b6dc5c') in 0.003649125 seconds
Number of updated asset objects reloaded before import = 0Number of asset objects unloaded after import = 9

========================================================================
Received Import Request.
  Time since last request: 0.000043 seconds.
  path: Assets/Sci-Fi Styled Modular Pack/Models/door_3_top_A.fbx
  artifactKey: Guid(3be311fc74f12da458aabfa2ab641ad5) Importer(2089858483,b0f066a214c2f5e87bad3c948f4d605d)
Start importing Assets/Sci-Fi Styled Modular Pack/Models/door_3_top_A.fbx using Guid(3be311fc74f12da458aabfa2ab641ad5) Importer(2089858483,b0f066a214c2f5e87bad3c948f4d605d) (ScriptedImporter) -> (artifact id: '5247ceb10478746c213dc0f037a33bb8') in 0.004067458 seconds
Number of updated asset objects reloaded before import = 0Number of asset objects unloaded after import = 10

========================================================================
Received Import Request.
  Time since last request: 0.000034 seconds.
  path: Assets/Sci-Fi Styled Modular Pack/Models/decorative_wall_G.fbx
  artifactKey: Guid(08dbef46dec1e104cbd67ed53900e56d) Importer(2089858483,b0f066a214c2f5e87bad3c948f4d605d)
Start importing Assets/Sci-Fi Styled Modular Pack/Models/decorative_wall_G.fbx using Guid(08dbef46dec1e104cbd67ed53900e56d) Importer(2089858483,b0f066a214c2f5e87bad3c948f4d605d) (ScriptedImporter) -> (artifact id: 'a4b2671387e656d3bbdd0a66ca1e85f5') in 0.003617417 seconds
Number of updated asset objects reloaded before import = 0Number of asset objects unloaded after import = 8

========================================================================
Received Import Request.
  Time since last request: 0.000039 seconds.
  path: Assets/Sci-Fi Styled Modular Pack/Models/floor_3_LOD1.fbx
  artifactKey: Guid(4b7cea861fc1ef14b897d7b8fedf32a1) Importer(2089858483,b0f066a214c2f5e87bad3c948f4d605d)
Start importing Assets/Sci-Fi Styled Modular Pack/Models/floor_3_LOD1.fbx using Guid(4b7cea861fc1ef14b897d7b8fedf32a1) Importer(2089858483,b0f066a214c2f5e87bad3c948f4d605d) (ScriptedImporter) -> (artifact id: 'fd326afad2e98d0880a96df95cf34747') in 0.004568958 seconds
Number of updated asset objects reloaded before import = 0Number of asset objects unloaded after import = 8

========================================================================
Received Import Request.
  Time since last request: 0.000041 seconds.
  path: Assets/Sci-Fi Styled Modular Pack/Prefabs/Machines/projector.prefab
  artifactKey: Guid(3517d6179b17d7d41b2ab3881cb2cd67) Importer(2089858483,b0f066a214c2f5e87bad3c948f4d605d)
Start importing Assets/Sci-Fi Styled Modular Pack/Prefabs/Machines/projector.prefab using Guid(3517d6179b17d7d41b2ab3881cb2cd67) Importer(2089858483,b0f066a214c2f5e87bad3c948f4d605d) (ScriptedImporter) -> (artifact id: '4c1366bd076086755560ac95a82e92c4') in 0.003070208 seconds
Number of updated asset objects reloaded before import = 0Number of asset objects unloaded after import = 33

========================================================================
Received Import Request.
  Time since last request: 0.000050 seconds.
  path: Assets/Sci-Fi Styled Modular Pack/Models/blank_wall_D.fbx
  artifactKey: Guid(f2542f8a4907dc24d9a2eea57712af9e) Importer(2089858483,b0f066a214c2f5e87bad3c948f4d605d)
Start importing Assets/Sci-Fi Styled Modular Pack/Models/blank_wall_D.fbx using Guid(f2542f8a4907dc24d9a2eea57712af9e) Importer(2089858483,b0f066a214c2f5e87bad3c948f4d605d) (ScriptedImporter) -> (artifact id: '5652fee0e5f68fc515799722ffdd701e') in 0.003611209 seconds
Number of updated asset objects reloaded before import = 0Number of asset objects unloaded after import = 8

========================================================================
Received Import Request.
  Time since last request: 0.000034 seconds.
  path: Assets/Sci-Fi Styled Modular Pack/Models/window_big_with_side_full_LOD1.fbx
  artifactKey: Guid(9c194dd4ed464d942a98b94222b7d507) Importer(2089858483,b0f066a214c2f5e87bad3c948f4d605d)
Start importing Assets/Sci-Fi Styled Modular Pack/Models/window_big_with_side_full_LOD1.fbx using Guid(9c194dd4ed464d942a98b94222b7d507) Importer(2089858483,b0f066a214c2f5e87bad3c948f4d605d) (ScriptedImporter) -> (artifact id: '6828924567134391d052b6ddb7332761') in 0.003875875 seconds
Number of updated asset objects reloaded before import = 0Number of asset objects unloaded after import = 11

========================================================================
Received Import Request.
  Time since last request: 0.000032 seconds.
  path: Assets/Sci-Fi Styled Modular Pack/Textures/bush.png
  artifactKey: Guid(e183aa09c01ee5b49b32b70535924240) Importer(2089858483,b0f066a214c2f5e87bad3c948f4d605d)
Start importing Assets/Sci-Fi Styled Modular Pack/Textures/bush.png using Guid(e183aa09c01ee5b49b32b70535924240) Importer(2089858483,b0f066a214c2f5e87bad3c948f4d605d) (ScriptedImporter) -> (artifact id: '420363e8d50b832d327e53017236aa2f') in 0.003171333 seconds
Number of updated asset objects reloaded before import = 0Number of asset objects unloaded after import = 1

========================================================================
Received Import Request.
  Time since last request: 0.000028 seconds.
  path: Assets/Sci-Fi Styled Modular Pack/Models/decorative_chair_LOD0.fbx
  artifactKey: Guid(812faa734d6a8c24bb3a23792b50221f) Importer(2089858483,b0f066a214c2f5e87bad3c948f4d605d)
Start importing Assets/Sci-Fi Styled Modular Pack/Models/decorative_chair_LOD0.fbx using Guid(812faa734d6a8c24bb3a23792b50221f) Importer(2089858483,b0f066a214c2f5e87bad3c948f4d605d) (ScriptedImporter) -> (artifact id: '7884e428e44ef0c84ba5096e813ad7ed') in 0.00333075 seconds
Number of updated asset objects reloaded before import = 0Number of asset objects unloaded after import = 8

========================================================================
Received Import Request.
  Time since last request: 0.000037 seconds.
  path: Assets/Sci-Fi Styled Modular Pack/Prefabs/Windows/window_big_no_LOD.prefab
  artifactKey: Guid(9e613db9d284cc14a9b0209f88d3b941) Importer(2089858483,b0f066a214c2f5e87bad3c948f4d605d)
Start importing Assets/Sci-Fi Styled Modular Pack/Prefabs/Windows/window_big_no_LOD.prefab using Guid(9e613db9d284cc14a9b0209f88d3b941) Importer(2089858483,b0f066a214c2f5e87bad3c948f4d605d) (ScriptedImporter) -> (artifact id: '1f9c127dbad302d598e986157a80f5f6') in 0.003089291 seconds
Number of updated asset objects reloaded before import = 0Number of asset objects unloaded after import = 13

========================================================================
Received Import Request.
  Time since last request: 0.000035 seconds.
  path: Assets/Sci-Fi Styled Modular Pack/Prefabs/Windows/window_big_blocker.prefab
  artifactKey: Guid(73eea014833549e42853d51ff2b37c32) Importer(2089858483,b0f066a214c2f5e87bad3c948f4d605d)
Start importing Assets/Sci-Fi Styled Modular Pack/Prefabs/Windows/window_big_blocker.prefab using Guid(73eea014833549e42853d51ff2b37c32) Importer(2089858483,b0f066a214c2f5e87bad3c948f4d605d) (ScriptedImporter) -> (artifact id: '8b5a84308905de48fd33fd43137c3f8d') in 0.002682042 seconds
Number of updated asset objects reloaded before import = 0Number of asset objects unloaded after import = 9

========================================================================
Received Import Request.
  Time since last request: 0.000028 seconds.
  path: Assets/Sci-Fi Styled Modular Pack/Models/sign.fbx
  artifactKey: Guid(0408209e84f13ea468a6199efe18a92e) Importer(2089858483,b0f066a214c2f5e87bad3c948f4d605d)
Start importing Assets/Sci-Fi Styled Modular Pack/Models/sign.fbx using Guid(0408209e84f13ea468a6199efe18a92e) Importer(2089858483,b0f066a214c2f5e87bad3c948f4d605d) (ScriptedImporter) -> (artifact id: 'ea3ec98682388f18374b686ae97cd80d') in 0.003599875 seconds
Number of updated asset objects reloaded before import = 0Number of asset objects unloaded after import = 8

========================================================================
Received Import Request.
  Time since last request: 0.000036 seconds.
  path: Assets/Sci-Fi Styled Modular Pack/Prefabs/Floors/floor_1.prefab
  artifactKey: Guid(5bceb99c9fa1f2a4bb9692e518bec46c) Importer(2089858483,b0f066a214c2f5e87bad3c948f4d605d)
Start importing Assets/Sci-Fi Styled Modular Pack/Prefabs/Floors/floor_1.prefab using Guid(5bceb99c9fa1f2a4bb9692e518bec46c) Importer(2089858483,b0f066a214c2f5e87bad3c948f4d605d) (ScriptedImporter) -> (artifact id: 'c128f34478900a1c8c25a49d05e442d3') in 0.003153958 seconds
Number of updated asset objects reloaded before import = 0Number of asset objects unloaded after import = 16

========================================================================
Received Import Request.
  Time since last request: 0.000033 seconds.
  path: Assets/Sci-Fi Styled Modular Pack/Prefabs/Decorative elements/decorative_chair.prefab
  artifactKey: Guid(ce9f6338cd38cc242ae7ba54eb5ca686) Importer(2089858483,b0f066a214c2f5e87bad3c948f4d605d)
Start importing Assets/Sci-Fi Styled Modular Pack/Prefabs/Decorative elements/decorative_chair.prefab using Guid(ce9f6338cd38cc242ae7ba54eb5ca686) Importer(2089858483,b0f066a214c2f5e87bad3c948f4d605d) (ScriptedImporter) -> (artifact id: '0f50a44ae49eb732ed355236fa77932f') in 0.002200375 seconds
Number of updated asset objects reloaded before import = 0Number of asset objects unloaded after import = 16

========================================================================
Received Import Request.
  Time since last request: 0.000039 seconds.
  path: Assets/Sci-Fi Styled Modular Pack/Models/art_6.fbx
  artifactKey: Guid(a39d814f15db1874aa26081d239b1b10) Importer(2089858483,b0f066a214c2f5e87bad3c948f4d605d)
Start importing Assets/Sci-Fi Styled Modular Pack/Models/art_6.fbx using Guid(a39d814f15db1874aa26081d239b1b10) Importer(2089858483,b0f066a214c2f5e87bad3c948f4d605d) (ScriptedImporter) -> (artifact id: '6676cc872be873e05254a1ab2314211b') in 0.003555375 seconds
Number of updated asset objects reloaded before import = 0Number of asset objects unloaded after import = 8

========================================================================
Received Import Request.
  Time since last request: 0.000041 seconds.
  path: Assets/Sci-Fi Styled Modular Pack/Models/light_celing_2.fbx
  artifactKey: Guid(b8645cde48e62db41a99dad390ab5661) Importer(2089858483,b0f066a214c2f5e87bad3c948f4d605d)
Start importing Assets/Sci-Fi Styled Modular Pack/Models/light_celing_2.fbx using Guid(b8645cde48e62db41a99dad390ab5661) Importer(2089858483,b0f066a214c2f5e87bad3c948f4d605d) (ScriptedImporter) -> (artifact id: '43c9aa495ce670247e3335c035d3bfc4') in 0.003711334 seconds
Number of updated asset objects reloaded before import = 0Number of asset objects unloaded after import = 10

========================================================================
Received Import Request.
  Time since last request: 0.000040 seconds.
  path: Assets/Sci-Fi Styled Modular Pack/Models/hydroponic.fbx
  artifactKey: Guid(d25667413966ff9489e781bb0a679320) Importer(2089858483,b0f066a214c2f5e87bad3c948f4d605d)
Start importing Assets/Sci-Fi Styled Modular Pack/Models/hydroponic.fbx using Guid(d25667413966ff9489e781bb0a679320) Importer(2089858483,b0f066a214c2f5e87bad3c948f4d605d) (ScriptedImporter) -> (artifact id: '140825024e44332a6d6ebedb326f61e0') in 0.003840834 seconds
Number of updated asset objects reloaded before import = 0Number of asset objects unloaded after import = 10

========================================================================
Received Import Request.
  Time since last request: 0.000038 seconds.
  path: Assets/Sci-Fi Styled Modular Pack/Models/window_big_corner_far_plug.fbx
  artifactKey: Guid(98bf02c8bc226a047b520b0e428a5703) Importer(2089858483,b0f066a214c2f5e87bad3c948f4d605d)
Start importing Assets/Sci-Fi Styled Modular Pack/Models/window_big_corner_far_plug.fbx using Guid(98bf02c8bc226a047b520b0e428a5703) Importer(2089858483,b0f066a214c2f5e87bad3c948f4d605d) (ScriptedImporter) -> (artifact id: '31e7c4dad10edcb6275b8ee2fe57a86b') in 0.003153167 seconds
Number of updated asset objects reloaded before import = 0Number of asset objects unloaded after import = 8

========================================================================
Received Import Request.
  Time since last request: 0.000029 seconds.
  path: Assets/Sci-Fi Styled Modular Pack/Prefabs/Lights/light_wall_1_blue.prefab
  artifactKey: Guid(7bfca64f0cf4ef248b199077f3f98357) Importer(2089858483,b0f066a214c2f5e87bad3c948f4d605d)
Start importing Assets/Sci-Fi Styled Modular Pack/Prefabs/Lights/light_wall_1_blue.prefab using Guid(7bfca64f0cf4ef248b199077f3f98357) Importer(2089858483,b0f066a214c2f5e87bad3c948f4d605d) (ScriptedImporter) -> (artifact id: 'f9f8fe3f1f59d475fd393c3fcc06e3ae') in 0.002928709 seconds
Number of updated asset objects reloaded before import = 0Number of asset objects unloaded after import = 13

========================================================================
Received Import Request.
  Time since last request: 0.000035 seconds.
  path: Assets/Sci-Fi Styled Modular Pack/Models/big_screen.fbx
  artifactKey: Guid(752b74f5002e02f49927d7006a3e51e8) Importer(2089858483,b0f066a214c2f5e87bad3c948f4d605d)
Start importing Assets/Sci-Fi Styled Modular Pack/Models/big_screen.fbx using Guid(752b74f5002e02f49927d7006a3e51e8) Importer(2089858483,b0f066a214c2f5e87bad3c948f4d605d) (ScriptedImporter) -> (artifact id: 'dbfb709f9ab6beb35a81c9386a028dec') in 0.003805375 seconds
Number of updated asset objects reloaded before import = 0Number of asset objects unloaded after import = 9

========================================================================
Received Import Request.
  Time since last request: 0.000046 seconds.
  path: Assets/Sci-Fi Styled Modular Pack/Prefabs/Corridors/Corridor_T.prefab
  artifactKey: Guid(d2eb17f175564e84c8ad78ac03232e29) Importer(2089858483,b0f066a214c2f5e87bad3c948f4d605d)
Start importing Assets/Sci-Fi Styled Modular Pack/Prefabs/Corridors/Corridor_T.prefab using Guid(d2eb17f175564e84c8ad78ac03232e29) Importer(2089858483,b0f066a214c2f5e87bad3c948f4d605d) (ScriptedImporter) -> (artifact id: '05d6f2980d1d9d38bd9106adf4979f5c') in 0.003849667 seconds
Number of updated asset objects reloaded before import = 0Number of asset objects unloaded after import = 196

========================================================================
Received Import Request.
  Time since last request: 0.000038 seconds.
  path: Assets/Sci-Fi Styled Modular Pack/Prefabs/Lights/light_wall_3.prefab
  artifactKey: Guid(10b4213a276bd0f4d93c345fd1420858) Importer(2089858483,b0f066a214c2f5e87bad3c948f4d605d)
Start importing Assets/Sci-Fi Styled Modular Pack/Prefabs/Lights/light_wall_3.prefab using Guid(10b4213a276bd0f4d93c345fd1420858) Importer(2089858483,b0f066a214c2f5e87bad3c948f4d605d) (ScriptedImporter) -> (artifact id: '377d6e8aaff6493755bd37198e52c672') in 0.002628375 seconds
Number of updated asset objects reloaded before import = 0Number of asset objects unloaded after import = 13

========================================================================
Received Import Request.
  Time since last request: 0.000039 seconds.
  path: Assets/Sci-Fi Styled Modular Pack/Prefabs/Walls/decorative_wall_4_no_computer.prefab
  artifactKey: Guid(73d3182f2ceb62f48b8ab3173dc89e20) Importer(2089858483,b0f066a214c2f5e87bad3c948f4d605d)
Start importing Assets/Sci-Fi Styled Modular Pack/Prefabs/Walls/decorative_wall_4_no_computer.prefab using Guid(73d3182f2ceb62f48b8ab3173dc89e20) Importer(2089858483,b0f066a214c2f5e87bad3c948f4d605d) (ScriptedImporter) -> (artifact id: 'fb45183418964e1ac224b5acf8859b57') in 0.002458167 seconds
Number of updated asset objects reloaded before import = 0Number of asset objects unloaded after import = 16

========================================================================
Received Import Request.
  Time since last request: 0.000041 seconds.
  path: Assets/Sci-Fi Styled Modular Pack/Models/window_big_corner_far_LOD1.fbx
  artifactKey: Guid(ecc9e840bc1009245a8cc26d2cb855aa) Importer(2089858483,b0f066a214c2f5e87bad3c948f4d605d)
Start importing Assets/Sci-Fi Styled Modular Pack/Models/window_big_corner_far_LOD1.fbx using Guid(ecc9e840bc1009245a8cc26d2cb855aa) Importer(2089858483,b0f066a214c2f5e87bad3c948f4d605d) (ScriptedImporter) -> (artifact id: '1f0fcd7b3fcc44e4de783bf2bec31753') in 0.006845708 seconds
Number of updated asset objects reloaded before import = 0Number of asset objects unloaded after import = 8

========================================================================
Received Import Request.
  Time since last request: 0.000061 seconds.
  path: Assets/Sci-Fi Styled Modular Pack/Models/floor_corner_ornament_pipes.fbx
  artifactKey: Guid(5ba738f6b0443534ab9c35fbe2153ee1) Importer(2089858483,b0f066a214c2f5e87bad3c948f4d605d)
Start importing Assets/Sci-Fi Styled Modular Pack/Models/floor_corner_ornament_pipes.fbx using Guid(5ba738f6b0443534ab9c35fbe2153ee1) Importer(2089858483,b0f066a214c2f5e87bad3c948f4d605d) (ScriptedImporter) -> (artifact id: '7976c9b48428ba5696585acec95c19b2') in 0.00465325 seconds
Number of updated asset objects reloaded before import = 0Number of asset objects unloaded after import = 8

========================================================================
Received Import Request.
  Time since last request: 0.000036 seconds.
  path: Assets/Sci-Fi Styled Modular Pack/Prefabs/Decorative elements/computer_station.prefab
  artifactKey: Guid(82c3b8fcabff82d4787f83e992e386df) Importer(2089858483,b0f066a214c2f5e87bad3c948f4d605d)
Start importing Assets/Sci-Fi Styled Modular Pack/Prefabs/Decorative elements/computer_station.prefab using Guid(82c3b8fcabff82d4787f83e992e386df) Importer(2089858483,b0f066a214c2f5e87bad3c948f4d605d) (ScriptedImporter) -> (artifact id: '3c793eb92d77ed354b296b7dfd35cf29') in 0.00303 seconds
Number of updated asset objects reloaded before import = 0Number of asset objects unloaded after import = 10

========================================================================
Received Import Request.
  Time since last request: 0.000042 seconds.
  path: Assets/Sci-Fi Styled Modular Pack/Prefabs/Windows/Complete Windows/window_big_corner.prefab
  artifactKey: Guid(b640a38ee3c65bc45963bd2f2f5b867f) Importer(2089858483,b0f066a214c2f5e87bad3c948f4d605d)
Start importing Assets/Sci-Fi Styled Modular Pack/Prefabs/Windows/Complete Windows/window_big_corner.prefab using Guid(b640a38ee3c65bc45963bd2f2f5b867f) Importer(2089858483,b0f066a214c2f5e87bad3c948f4d605d) (ScriptedImporter) -> (artifact id: '5f13e09610b59c9ee68e91d98983ce37') in 0.002123166 seconds
Number of updated asset objects reloaded before import = 0Number of asset objects unloaded after import = 24

========================================================================
Received Import Request.
  Time since last request: 0.000037 seconds.
  path: Assets/Sci-Fi Styled Modular Pack/Models/bunk_bed.fbx
  artifactKey: Guid(574e37233b065eb4faed1290880c8ebf) Importer(2089858483,b0f066a214c2f5e87bad3c948f4d605d)
Start importing Assets/Sci-Fi Styled Modular Pack/Models/bunk_bed.fbx using Guid(574e37233b065eb4faed1290880c8ebf) Importer(2089858483,b0f066a214c2f5e87bad3c948f4d605d) (ScriptedImporter) -> (artifact id: 'a9461a7990d3acc5b5d2b99b2aa2ac47') in 0.00323575 seconds
Number of updated asset objects reloaded before import = 0Number of asset objects unloaded after import = 8

========================================================================
Received Import Request.
  Time since last request: 0.000030 seconds.
  path: Assets/Sci-Fi Styled Modular Pack/Prefabs/Corridors/Corridor_L.prefab
  artifactKey: Guid(3fb07e96bb0cae643a28994c86ddc64e) Importer(2089858483,b0f066a214c2f5e87bad3c948f4d605d)
Start importing Assets/Sci-Fi Styled Modular Pack/Prefabs/Corridors/Corridor_L.prefab using Guid(3fb07e96bb0cae643a28994c86ddc64e) Importer(2089858483,b0f066a214c2f5e87bad3c948f4d605d) (ScriptedImporter) -> (artifact id: '98c21cb54697f291ecbe047164f428cf') in 0.004063042 seconds
Number of updated asset objects reloaded before import = 0Number of asset objects unloaded after import = 178

========================================================================
Received Import Request.
  Time since last request: 0.000036 seconds.
  path: Assets/Sci-Fi Styled Modular Pack/Materials/Palletes/iron man color.mat
  artifactKey: Guid(66fe1a0e0becc6f4bbc49896f2111756) Importer(2089858483,b0f066a214c2f5e87bad3c948f4d605d)
Start importing Assets/Sci-Fi Styled Modular Pack/Materials/Palletes/iron man color.mat using Guid(66fe1a0e0becc6f4bbc49896f2111756) Importer(2089858483,b0f066a214c2f5e87bad3c948f4d605d) (ScriptedImporter) -> (artifact id: 'a0ec1072e752c3d158ca93e99bb9dbd7') in 0.002807291 seconds
Number of updated asset objects reloaded before import = 0Number of asset objects unloaded after import = 4

========================================================================
Received Import Request.
  Time since last request: 0.000032 seconds.
  path: Assets/Sci-Fi Styled Modular Pack/Prefabs/Decorative elements/Arts
  artifactKey: Guid(e1789e0a7f3409a459801d45d09aecb9) Importer(2089858483,b0f066a214c2f5e87bad3c948f4d605d)
Start importing Assets/Sci-Fi Styled Modular Pack/Prefabs/Decorative elements/Arts using Guid(e1789e0a7f3409a459801d45d09aecb9) Importer(2089858483,b0f066a214c2f5e87bad3c948f4d605d) (ScriptedImporter) -> (artifact id: '9da410c77a631517b3b6d90ee804c1ed') in 0.001322042 seconds
Number of updated asset objects reloaded before import = 0Number of asset objects unloaded after import = 1

========================================================================
Received Import Request.
  Time since last request: 0.000043 seconds.
  path: Assets/Sci-Fi Styled Modular Pack/Models/light_wall_2.fbx
  artifactKey: Guid(1d91adeb4e5ba474aa18a7424a210d7c) Importer(2089858483,b0f066a214c2f5e87bad3c948f4d605d)
Start importing Assets/Sci-Fi Styled Modular Pack/Models/light_wall_2.fbx using Guid(1d91adeb4e5ba474aa18a7424a210d7c) Importer(2089858483,b0f066a214c2f5e87bad3c948f4d605d) (ScriptedImporter) -> (artifact id: '5256698f8cd1cdbbe892e93250a45157') in 0.00356825 seconds
Number of updated asset objects reloaded before import = 0Number of asset objects unloaded after import = 9

========================================================================
Received Import Request.
  Time since last request: 0.000028 seconds.
  path: Assets/Sci-Fi Styled Modular Pack/Prefabs/Decorative elements/Arts/art_1.prefab
  artifactKey: Guid(bddb1706eb9e38c4c8aad9e975af8fba) Importer(2089858483,b0f066a214c2f5e87bad3c948f4d605d)
Start importing Assets/Sci-Fi Styled Modular Pack/Prefabs/Decorative elements/Arts/art_1.prefab using Guid(bddb1706eb9e38c4c8aad9e975af8fba) Importer(2089858483,b0f066a214c2f5e87bad3c948f4d605d) (ScriptedImporter) -> (artifact id: '061c2363397071b2aeccd99c9dbed522') in 0.002665625 seconds
Number of updated asset objects reloaded before import = 0Number of asset objects unloaded after import = 10

========================================================================
Received Import Request.
  Time since last request: 0.000029 seconds.
  path: Assets/Sci-Fi Styled Modular Pack/Models/Sphere_32_extended.fbx
  artifactKey: Guid(b77b89f9c619298419251cf7f172fcb3) Importer(2089858483,b0f066a214c2f5e87bad3c948f4d605d)
Start importing Assets/Sci-Fi Styled Modular Pack/Models/Sphere_32_extended.fbx using Guid(b77b89f9c619298419251cf7f172fcb3) Importer(2089858483,b0f066a214c2f5e87bad3c948f4d605d) (ScriptedImporter) -> (artifact id: 'b4919e514c5a5dec64468a1ab6cf3c8f') in 0.003550125 seconds
Number of updated asset objects reloaded before import = 0Number of asset objects unloaded after import = 8

========================================================================
Received Import Request.
  Time since last request: 0.000041 seconds.
  path: Assets/Sci-Fi Styled Modular Pack/Prefabs/Decorative elements/cabinet_L_cutted.prefab
  artifactKey: Guid(8c10b28a5dc86904db537e28568805a9) Importer(2089858483,b0f066a214c2f5e87bad3c948f4d605d)
Start importing Assets/Sci-Fi Styled Modular Pack/Prefabs/Decorative elements/cabinet_L_cutted.prefab using Guid(8c10b28a5dc86904db537e28568805a9) Importer(2089858483,b0f066a214c2f5e87bad3c948f4d605d) (ScriptedImporter) -> (artifact id: 'f926a68a6a60e2d3953eca7736d63735') in 0.002487791 seconds
Number of updated asset objects reloaded before import = 0Number of asset objects unloaded after import = 9

========================================================================
Received Import Request.
  Time since last request: 0.000043 seconds.
  path: Assets/Sci-Fi Styled Modular Pack/Models/column_end.fbx
  artifactKey: Guid(ee6694aa089caf34f87e2fc948184268) Importer(2089858483,b0f066a214c2f5e87bad3c948f4d605d)
Start importing Assets/Sci-Fi Styled Modular Pack/Models/column_end.fbx using Guid(ee6694aa089caf34f87e2fc948184268) Importer(2089858483,b0f066a214c2f5e87bad3c948f4d605d) (ScriptedImporter) -> (artifact id: '5e11bdfed50f8f685f29bebffc9e39e9') in 0.003342084 seconds
Number of updated asset objects reloaded before import = 0Number of asset objects unloaded after import = 8

========================================================================
Received Import Request.
  Time since last request: 0.000034 seconds.
  path: Assets/Sci-Fi Styled Modular Pack/Models/battery_big.fbx
  artifactKey: Guid(3968c912f8d8eb74db8c60e247cb61e7) Importer(2089858483,b0f066a214c2f5e87bad3c948f4d605d)
Start importing Assets/Sci-Fi Styled Modular Pack/Models/battery_big.fbx using Guid(3968c912f8d8eb74db8c60e247cb61e7) Importer(2089858483,b0f066a214c2f5e87bad3c948f4d605d) (ScriptedImporter) -> (artifact id: 'e9af3c4ba6e9c9cb608e2d4f89004171') in 0.004458292 seconds
Number of updated asset objects reloaded before import = 0Number of asset objects unloaded after import = 9

========================================================================
Received Import Request.
  Time since last request: 0.000050 seconds.
  path: Assets/Sci-Fi Styled Modular Pack/Models/decorative_half_wall_1_LOD1.fbx
  artifactKey: Guid(aa82f952555438f45a16e519c23f9b0f) Importer(2089858483,b0f066a214c2f5e87bad3c948f4d605d)
Start importing Assets/Sci-Fi Styled Modular Pack/Models/decorative_half_wall_1_LOD1.fbx using Guid(aa82f952555438f45a16e519c23f9b0f) Importer(2089858483,b0f066a214c2f5e87bad3c948f4d605d) (ScriptedImporter) -> (artifact id: 'ff0ff4dd167c016fce795df8f7ac1905') in 0.003373583 seconds
Number of updated asset objects reloaded before import = 0Number of asset objects unloaded after import = 8

========================================================================
Received Import Request.
  Time since last request: 0.000032 seconds.
  path: Assets/Sci-Fi Styled Modular Pack/Animations/door_2_open.anim
  artifactKey: Guid(31f1fecf6d97bb14492c1a71fb1a9bb2) Importer(2089858483,b0f066a214c2f5e87bad3c948f4d605d)
Start importing Assets/Sci-Fi Styled Modular Pack/Animations/door_2_open.anim using Guid(31f1fecf6d97bb14492c1a71fb1a9bb2) Importer(2089858483,b0f066a214c2f5e87bad3c948f4d605d) (ScriptedImporter) -> (artifact id: 'dc2fe117134de6dd735c2b9dd8462e2a') in 0.001642166 seconds
Number of updated asset objects reloaded before import = 0Number of asset objects unloaded after import = 1

========================================================================
Received Import Request.
  Time since last request: 0.000043 seconds.
  path: Assets/Sci-Fi Styled Modular Pack/Prefabs/Decorative elements
  artifactKey: Guid(eef4d684156c15f488dce33a106bf85e) Importer(2089858483,b0f066a214c2f5e87bad3c948f4d605d)
Start importing Assets/Sci-Fi Styled Modular Pack/Prefabs/Decorative elements using Guid(eef4d684156c15f488dce33a106bf85e) Importer(2089858483,b0f066a214c2f5e87bad3c948f4d605d) (ScriptedImporter) -> (artifact id: '1b332c6222c809f8a5b603a07dd8d210') in 0.001270459 seconds
Number of updated asset objects reloaded before import = 0Number of asset objects unloaded after import = 1

========================================================================
Received Import Request.
  Time since last request: 0.000039 seconds.
  path: Assets/Sci-Fi Styled Modular Pack/Prefabs/Corridors/Corridor_I.prefab
  artifactKey: Guid(64b3f36e835346747865afbf6cf62acf) Importer(2089858483,b0f066a214c2f5e87bad3c948f4d605d)
Start importing Assets/Sci-Fi Styled Modular Pack/Prefabs/Corridors/Corridor_I.prefab using Guid(64b3f36e835346747865afbf6cf62acf) Importer(2089858483,b0f066a214c2f5e87bad3c948f4d605d) (ScriptedImporter) -> (artifact id: 'f943aa4e792fd37699cfe3c55a78217b') in 0.002565167 seconds
Number of updated asset objects reloaded before import = 0Number of asset objects unloaded after import = 67

========================================================================
Received Import Request.
  Time since last request: 0.000041 seconds.
  path: Assets/Sci-Fi Styled Modular Pack/Models/column_kneel.fbx
  artifactKey: Guid(9eee1c765d8a58342beec1835ce7ce64) Importer(2089858483,b0f066a214c2f5e87bad3c948f4d605d)
Start importing Assets/Sci-Fi Styled Modular Pack/Models/column_kneel.fbx using Guid(9eee1c765d8a58342beec1835ce7ce64) Importer(2089858483,b0f066a214c2f5e87bad3c948f4d605d) (ScriptedImporter) -> (artifact id: '6adb4bff41f354a12bb5b5c60705560c') in 0.003259458 seconds
Number of updated asset objects reloaded before import = 0Number of asset objects unloaded after import = 8

========================================================================
Received Import Request.
  Time since last request: 0.000039 seconds.
  path: Assets/Sci-Fi Styled Modular Pack/Animations
  artifactKey: Guid(bd233d1e21133c54c8a98546e614e351) Importer(2089858483,b0f066a214c2f5e87bad3c948f4d605d)
Start importing Assets/Sci-Fi Styled Modular Pack/Animations using Guid(bd233d1e21133c54c8a98546e614e351) Importer(2089858483,b0f066a214c2f5e87bad3c948f4d605d) (ScriptedImporter) -> (artifact id: 'abe861b46f1a5a846eef99312295bece') in 0.001324291 seconds
Number of updated asset objects reloaded before import = 0Number of asset objects unloaded after import = 1

========================================================================
Received Import Request.
  Time since last request: 0.000036 seconds.
  path: Assets/Sci-Fi Styled Modular Pack/Models/battery.fbx
  artifactKey: Guid(154329710c2ffe04397c646ac704cdce) Importer(2089858483,b0f066a214c2f5e87bad3c948f4d605d)
Start importing Assets/Sci-Fi Styled Modular Pack/Models/battery.fbx using Guid(154329710c2ffe04397c646ac704cdce) Importer(2089858483,b0f066a214c2f5e87bad3c948f4d605d) (ScriptedImporter) -> (artifact id: '7d238f467470bc79b913c668249b07ab') in 0.003690458 seconds
Number of updated asset objects reloaded before import = 0Number of asset objects unloaded after import = 9

========================================================================
Received Import Request.
  Time since last request: 0.000032 seconds.
  path: Assets/Sci-Fi Styled Modular Pack/Prefabs/Windows/window_big_corner_plug.prefab
  artifactKey: Guid(abf1f5179163bad469b298f28ca52e5f) Importer(2089858483,b0f066a214c2f5e87bad3c948f4d605d)
Start importing Assets/Sci-Fi Styled Modular Pack/Prefabs/Windows/window_big_corner_plug.prefab using Guid(abf1f5179163bad469b298f28ca52e5f) Importer(2089858483,b0f066a214c2f5e87bad3c948f4d605d) (ScriptedImporter) -> (artifact id: 'c731fa556f19f2dfd18071d067e30936') in 0.002891834 seconds
Number of updated asset objects reloaded before import = 0Number of asset objects unloaded after import = 9

========================================================================
Received Import Request.
  Time since last request: 0.000030 seconds.
  path: Assets/Sci-Fi Styled Modular Pack/Models/floor_2_LOD0.fbx
  artifactKey: Guid(932518e1472904244afe21e844fd83ab) Importer(2089858483,b0f066a214c2f5e87bad3c948f4d605d)
Start importing Assets/Sci-Fi Styled Modular Pack/Models/floor_2_LOD0.fbx using Guid(932518e1472904244afe21e844fd83ab) Importer(2089858483,b0f066a214c2f5e87bad3c948f4d605d) (ScriptedImporter) -> (artifact id: 'c584b8c32602ce1cb46b37f3133ffa3b') in 0.003480709 seconds
Number of updated asset objects reloaded before import = 0Number of asset objects unloaded after import = 10

========================================================================
Received Import Request.
  Time since last request: 0.000035 seconds.
  path: Assets/Sci-Fi Styled Modular Pack/Models/frame_door_1_colision_mesh.fbx
  artifactKey: Guid(4bffff855c108e34c83d8605893f4c51) Importer(2089858483,b0f066a214c2f5e87bad3c948f4d605d)
Start importing Assets/Sci-Fi Styled Modular Pack/Models/frame_door_1_colision_mesh.fbx using Guid(4bffff855c108e34c83d8605893f4c51) Importer(2089858483,b0f066a214c2f5e87bad3c948f4d605d) (ScriptedImporter) -> (artifact id: '310ccb6a81bb3586ddfc0db1df9db2da') in 0.00440775 seconds
Number of updated asset objects reloaded before import = 0Number of asset objects unloaded after import = 8

========================================================================
Received Import Request.
  Time since last request: 0.000035 seconds.
  path: Assets/Sci-Fi Styled Modular Pack/Models/floor_2_blank.fbx
  artifactKey: Guid(6b5e3e371019b014c8a1782fd047102e) Importer(2089858483,b0f066a214c2f5e87bad3c948f4d605d)
Start importing Assets/Sci-Fi Styled Modular Pack/Models/floor_2_blank.fbx using Guid(6b5e3e371019b014c8a1782fd047102e) Importer(2089858483,b0f066a214c2f5e87bad3c948f4d605d) (ScriptedImporter) -> (artifact id: '47cc141efb28857bf69057c32e1fd8cd') in 0.003301166 seconds
Number of updated asset objects reloaded before import = 0Number of asset objects unloaded after import = 8

========================================================================
Received Import Request.
  Time since last request: 0.000032 seconds.
  path: Assets/Sci-Fi Styled Modular Pack/Prefabs/Floors/floor_2_blank.prefab
  artifactKey: Guid(69b3d20c177508d43a1c6f09b448d3ea) Importer(2089858483,b0f066a214c2f5e87bad3c948f4d605d)
Start importing Assets/Sci-Fi Styled Modular Pack/Prefabs/Floors/floor_2_blank.prefab using Guid(69b3d20c177508d43a1c6f09b448d3ea) Importer(2089858483,b0f066a214c2f5e87bad3c948f4d605d) (ScriptedImporter) -> (artifact id: 'f16d024a26b71c74b790102fd1ff1e4d') in 0.00273925 seconds
Number of updated asset objects reloaded before import = 0Number of asset objects unloaded after import = 9

========================================================================
Received Import Request.
  Time since last request: 0.000037 seconds.
  path: Assets/Sci-Fi Styled Modular Pack/Models/hologram_LOD1.fbx
  artifactKey: Guid(11769dcbd1ff2664f93a1c127f1c64e6) Importer(2089858483,b0f066a214c2f5e87bad3c948f4d605d)
Start importing Assets/Sci-Fi Styled Modular Pack/Models/hologram_LOD1.fbx using Guid(11769dcbd1ff2664f93a1c127f1c64e6) Importer(2089858483,b0f066a214c2f5e87bad3c948f4d605d) (ScriptedImporter) -> (artifact id: '80905e9322c5b1da1df8661243092711') in 0.003518833 seconds
Number of updated asset objects reloaded before import = 0Number of asset objects unloaded after import = 8

========================================================================
Received Import Request.
  Time since last request: 7.602685 seconds.
  path: Assets/Sci-Fi Styled Modular Pack/Example scenes/outpost on desert
  artifactKey: Guid(11771de3f615b4d649e87feb5f1db0c6) Importer(2089858483,b0f066a214c2f5e87bad3c948f4d605d)
Start importing Assets/Sci-Fi Styled Modular Pack/Example scenes/outpost on desert using Guid(11771de3f615b4d649e87feb5f1db0c6) Importer(2089858483,b0f066a214c2f5e87bad3c948f4d605d) (ScriptedImporter) -> (artifact id: '5eb7623ea63f0814db944f96e6f5148f') in 0.001663875 seconds
Number of updated asset objects reloaded before import = 0Number of asset objects unloaded after import = 1

========================================================================
Received Prepare
Begin MonoManager ReloadAssembly
[Licensing::Client] Successfully resolved entitlement details
Thread 0x16f69f000 may have been prematurely finalized
Symbol file LoadedFromMemory is not a mono symbol file
- Loaded All Assemblies, in  0.452 seconds
Script 'CharacterController' has the same name as built-in Unity component.
AddComponent and GetComponent will not work with this script.
'Packages/com.meta.xr.sdk.core/Editor/RuntimeOptimizer/RuntimeOptimizerNetworking.cs' contains partial class of Unity.Object, exactly 1 of the partial classes needs to be in a file with the same filename. This is to know the one that can be referenced from ie. GameObjects
'Packages/com.meta.xr.sdk.core/Editor/BuildingBlocks/BlocksWindow.cs' contains partial class of Unity.Object, exactly 1 of the partial classes needs to be in a file with the same filename. This is to know the one that can be referenced from ie. GameObjects
'Packages/com.meta.xr.sdk.core/Editor/RuntimeOptimizer/RuntimeOptimizerStyles.cs' contains partial class of Unity.Object, exactly 1 of the partial classes needs to be in a file with the same filename. This is to know the one that can be referenced from ie. GameObjects
'Packages/com.meta.xr.sdk.core/Editor/RuntimeOptimizer/RuntimeOptimizer.cs' contains partial class of Unity.Object, exactly 1 of the partial classes needs to be in a file with the same filename. This is to know the one that can be referenced from ie. GameObjects
'Packages/com.meta.xr.sdk.core/Editor/BuildingBlocks/BlocksWindowDetailsExtension.cs' contains partial class of Unity.Object, exactly 1 of the partial classes needs to be in a file with the same filename. This is to know the one that can be referenced from ie. GameObjects
'Packages/com.meta.xr.sdk.core/Editor/BuildingBlocks/BlocksWindowCollectionsPageExtension.cs' contains partial class of Unity.Object, exactly 1 of the partial classes needs to be in a file with the same filename. This is to know the one that can be referenced from ie. GameObjects
Refreshing native plugins compatible for Editor in 3.81 ms, found 18 plugins.
Native extension for iOS target not found
Native extension for Android target not found
Native extension for OSXStandalone target not found
[Package Manager] Failed to launch server process. Reason: Unity was launched with the -noUpm command-line argument
[Package Manager] Unable to send message (not connected to server process).
[Package Manager] Cannot connect to Unity Package Manager local server
Refreshing native plugins compatible for Editor in 2.86 ms, found 18 plugins.
[Package Manager] Failed to launch server process. Reason: Unity was launched with the -noUpm command-line argument
[Package Manager] Unable to send message (not connected to server process).
[Package Manager] Cannot connect to Unity Package Manager local server
[Package Manager] Failed to launch server process. Reason: Unity was launched with the -noUpm command-line argument
[Package Manager] Unable to send message (not connected to server process).
[Package Manager] Cannot connect to Unity Package Manager local server
[Package Manager] Failed to launch server process. Reason: Unity was launched with the -noUpm command-line argument
[Package Manager] Unable to send message (not connected to server process).
[Package Manager] Cannot connect to Unity Package Manager local server
ScheduleIndexationOnStartup MainProcess:False IndexOnStartup:True
Mono: successfully reloaded assembly
[Package Manager] Failed to launch server process. Reason: Unity was launched with the -noUpm command-line argument
[Package Manager] Unable to send message (not connected to server process).
[Package Manager] Cannot connect to Unity Package Manager local server
- Finished resetting the current domain, in  0.586 seconds
Domain Reload Profiling: 1042ms
	BeginReloadAssembly (95ms)
		ExecutionOrderSort (0ms)
		DisableScriptedObjects (3ms)
		BackupInstance (0ms)
		ReleaseScriptingObjects (0ms)
		CreateAndSetChildDomain (30ms)
	RebuildCommonClasses (19ms)
	RebuildNativeTypeToScriptingClass (7ms)
	initialDomainReloadingComplete (10ms)
	LoadAllAssembliesAndSetupDomain (325ms)
		LoadAssemblies (215ms)
		RebuildTransferFunctionScriptingTraits (0ms)
		AnalyzeDomain (133ms)
			TypeCache.Refresh (8ms)
				TypeCache.ScanAssembly (0ms)
			BuildScriptInfoCaches (110ms)
			ResolveRequiredComponents (10ms)
	FinalizeReload (587ms)
		ReleaseScriptCaches (0ms)
		RebuildScriptCaches (0ms)
		SetupLoadedEditorAssemblies (487ms)
			LogAssemblyErrors (0ms)
			InitializePlatformSupportModulesInManaged (9ms)
			SetLoadedEditorAssemblies (4ms)
			BeforeProcessingInitializeOnLoad (87ms)
			ProcessInitializeOnLoadAttributes (293ms)
			ProcessInitializeOnLoadMethodAttributes (94ms)
			AfterProcessingInitializeOnLoad (0ms)
			EditorAssembliesLoaded (0ms)
		ExecutionOrderSort2 (0ms)
		AwakeInstancesAfterBackupRestoration (5ms)
WARNING: Shader Unsupported: 'Universal Render Pipeline/VR/SpatialMapping/Wireframe' - All subshaders removed
WARNING: Shader Did you use #pragma only_renderers and omit this platform?
WARNING: Shader If subshaders removal was intentional, you may have forgotten turning Fallback off?
WARNING: Shader Unsupported: 'Universal Render Pipeline/VR/SpatialMapping/Wireframe' - All subshaders removed
WARNING: Shader Did you use #pragma only_renderers and omit this platform?
WARNING: Shader If subshaders removal was intentional, you may have forgotten turning Fallback off?
Refreshing native plugins compatible for Editor in 3.82 ms, found 18 plugins.
Preloading 1 native plugins for Editor in 0.34 ms.
Unloading 22 Unused Serialized files (Serialized files now loaded: 0)
Unloading 10037 unused Assets / (5.1 MB). Loaded Objects now: 10940.
Memory consumption went from 210.3 MB to 205.2 MB.
Total: 9.818417 ms (FindLiveObjects: 0.469291 ms CreateObjectMapping: 0.286125 ms MarkObjects: 7.460167 ms  DeleteObjects: 1.602458 ms)

Prepare: number of updated asset objects reloaded= 0
Shader 'Meta/MRUK/Scene/HighlightsAndShadows': fallback shader 'Off' not found
Shader 'Oculus/OVRMRCameraFrameLit': fallback shader 'Alpha-Diffuse' not found
Editor requested this worker to shutdown with reason: Scaling down because of idle timeout
AssetImportWorker is now disconnected from the server
Process exiting
libc++abi: terminate_handler unexpectedly returned
Obtained 17 stack frames.
Thread 0x16f613000 may have been prematurely finalized
#0  0x000001872d85e8 in __pthread_kill
Thread 0x16f613000 may have been prematurely finalized
#1  0x00000187219978 in abort
Thread 0x16f613000 may have been prematurely finalized
