Unity Editor version:    6000.3.13f1 (8c4f11e4fb20)
Branch:                  6000.3/staging
Build type:              Release
Batch mode:              YES
macOS version:           Version 26.6.2 (Build 25G83)
Darwin version:          25.6.0
Architecture:            arm64
Running under Rosetta:   NO
Available memory:        24576 MB
Date:                    2026-09-19T15:58:08Z
[Licensing::Module] Trying to connect to existing licensing client channel...
[Licensing::IpcConnector] Successfully connected to: "LicenseClient-riddh" at "2026-09-19T15:58:08.007581Z"

COMMAND LINE ARGUMENTS:
/Applications/Unity/Hub/Editor/6000.3.13f1/Unity.app/Contents/MacOS/Unity
-adb2
-batchMode
-noUpm
-name
AssetImportWorker3
-projectPath
/Users/riddh/Unity Projects/Ink Bound
-logFile
Logs/AssetImportWorker3.log
-srvPort
54896
-licensingIpc
LicenseClient-riddh
-job-worker-count
5
-background-job-worker-count
8
-gc-helper-count
1
-name AssetImport
Successfully changed project path to: /Users/riddh/Unity Projects/Ink Bound
/Users/riddh/Unity Projects/Ink Bound
[UnityMemory] Configuration Parameters - Can be set up in boot.config
    "memorysetup-allocator-temp-initial-block-size-main=262144"
    "memorysetup-allocator-temp-initial-block-size-worker=262144"
    "memorysetup-temp-allocator-size-background-worker=32768"
    "memorysetup-temp-allocator-size-job-worker=262144"
    "memorysetup-temp-allocator-size-preload-manager=33554432"
    "memorysetup-temp-allocator-size-nav-mesh-worker=65536"
    "memorysetup-temp-allocator-size-audio-worker=65536"
    "memorysetup-temp-allocator-size-cloud-worker=32768"
    "memorysetup-bucket-allocator-granularity=16"
    "memorysetup-bucket-allocator-bucket-count=8"
    "memorysetup-bucket-allocator-block-size=33554432"
    "memorysetup-bucket-allocator-block-count=8"
    "memorysetup-main-allocator-block-size=16777216"
    "memorysetup-thread-allocator-block-size=16777216"
    "memorysetup-gfx-main-allocator-block-size=16777216"
    "memorysetup-gfx-thread-allocator-block-size=16777216"
    "memorysetup-cache-allocator-block-size=4194304"
    "memorysetup-typetree-allocator-block-size=2097152"
    "memorysetup-profiler-bucket-allocator-granularity=16"
    "memorysetup-profiler-bucket-allocator-bucket-count=8"
    "memorysetup-profiler-bucket-allocator-block-size=33554432"
    "memorysetup-profiler-bucket-allocator-block-count=8"
    "memorysetup-profiler-allocator-block-size=16777216"
    "memorysetup-profiler-editor-allocator-block-size=1048576"
    "memorysetup-temp-allocator-size-main=16777216"
    "memorysetup-job-temp-allocator-block-size=2097152"
    "memorysetup-job-temp-allocator-block-size-background=1048576"
    "memorysetup-job-temp-allocator-reduction-small-platforms=262144"
    "memorysetup-temp-allocator-size-gi-baking-worker=262144"
    "memorysetup-temp-allocator-size-gi-baking-worker=262144"
    "memorysetup-temp-allocator-size-gi-baking-worker=262144"
    "memorysetup-temp-allocator-size-gi-baking-worker=262144"
    "memorysetup-temp-allocator-size-gi-baking-worker=262144"
    "memorysetup-temp-allocator-size-gfx=262144"
Player connection [8385798528]  Target information:

Player connection [8385798528]  * "[IP] 10.36.199.100 [Port] 0 [Flags] 2 [Guid] 4130120 [EditorId] 4130120 [Version] 1048832 [Id] OSXEditor(0,eduroam-campus-10-36-199-100.campus-dynamic.uwaterloo.ca) [Debug] 1 [PackageName] OSXEditor [ProjectName] Editor" 

Player connection [8385798528] Host joined multi-casting on [225.0.0.222:54997]...
Player connection [8385798528] Host joined alternative multi-casting on [225.0.0.222:34997]...
JobSystem: Creating JobQueue using job-worker-count value 5
Input System module state changed to: Initialized.
[Physics::Module] Initialized fallback backend.
[Physics::Module] Id: 0xdecafbad
Library Redirect Path: Library/
[Physics::Module] Selected backend.
[Physics::Module] Name: PhysX
[Physics::Module] Id: 0xf2b8ea05
[Physics::Module] SDK Version: 4.1.2
[Physics::Module] Integration Version: 1.0.0
[Physics::Module] Threading Mode: Multi-Threaded
[Licensing::Module] Licensing is not yet initialized.
[Licensing::Client] Handshaking with LicensingClient:
  Version:                 1.18.3+d7ffd15
  Session Id:              32f3e1deba7b40249b5dbd6608905aa5
  Correlation Id:          f87711e8bee48c96bbd9ffe2d73e16bd
  External correlation Id: 3236471380847964122
  Machine Id:              m3PPNyKNJOb/y4XIuOxqAksc8As=
[Licensing::Module] Successfully connected to LicensingClient on channel: "LicenseClient-riddh" (connect: 0.00s, validation: 0.00s, handshake: 0.29s)
[Licensing::IpcConnector] Successfully connected to: "LicenseClient-riddh-notifications" at "2026-09-19T15:58:08.300428Z"
[Licensing::Module] Licensing Background thread has ended after 0.29s
[Licensing::Module] Licensing is initialized (took 0.12s).
[Licensing::Client] Successfully resolved entitlement details
[Licensing::Module] License group:
  Id: 3574372603868-UnityPersXXXX
  Product: Unity Personal
  Type: Assigned
  Expiration: Unlimited
Refreshing native plugins compatible for Editor in 30.75 ms, found 18 plugins.
Preloading 1 native plugins for Editor in 1.63 ms.
Initialize engine version: 6000.3.13f1 (8c4f11e4fb20)
[Subsystems] Discovering subsystems at path /Applications/Unity/Hub/Editor/6000.3.13f1/Unity.app/Contents/Resources/UnitySubsystems
[Subsystems] Discovering subsystems at path /Users/riddh/Unity Projects/Ink Bound/Assets
GfxDevice: creating device client; kGfxThreadingModeNonThreaded
 preferred device: Apple M4 Pro (high power)
Metal devices available: 1
0: Apple M4 Pro (high power)
Using device Apple M4 Pro (high power)
Initializing Metal device caps: Apple M4 Pro
Mac GPU Family: 2
Apple GPU Family: 9
MSL Version: 3.0
Has Float MSAA: 1
Has Float Filtering: 1
ReadWrite Texture Tier: 2
Shader 'Meta/MRUK/Scene/HighlightsAndShadows': fallback shader 'Off' not found
Shader 'Oculus/OVRMRCameraFrameLit': fallback shader 'Alpha-Diffuse' not found
Initialize mono
Mono path[0] = '/Applications/Unity/Hub/Editor/6000.3.13f1/Unity.app/Contents/Resources/Scripting/Managed'
Mono path[1] = '/Applications/Unity/Hub/Editor/6000.3.13f1/Unity.app/Contents/Resources/Scripting/MonoBleedingEdge/lib/mono/unityjit-macos'
Mono config path = '/Applications/Unity/Hub/Editor/6000.3.13f1/Unity.app/Contents/Resources/Scripting/MonoBleedingEdge/etc'
Using monoOptions --debugger-agent=transport=dt_socket,embedding=1,server=y,suspend=n,address=127.0.0.1:56738
Begin MonoManager ReloadAssembly
Registering precompiled unity dll's ...
Register platform support module: /Applications/Unity/Hub/Editor/6000.3.13f1/Unity.app/Contents/PlaybackEngines/MacStandaloneSupport/UnityEditor.OSXStandalone.Extensions.dll
Register platform support module: /Applications/Unity/Hub/Editor/6000.3.13f1/PlaybackEngines/AndroidPlayer/UnityEditor.Android.Extensions.dll
[Licensing::Client] Successfully resolved entitlement details
Register platform support module: /Applications/Unity/Hub/Editor/6000.3.13f1/PlaybackEngines/iOSSupport/UnityEditor.iOS.Extensions.dll
Registered in 0.002984 seconds.
- Loaded All Assemblies, in  0.247 seconds
[usbmuxd] Start listen thread
[usbmuxd] Listen thread started
[usbmuxd] Send listen message
Native extension for iOS target not found
Native extension for Android target not found
Native extension for OSXStandalone target not found
Package Manager log level set to [2]
[Package Manager] Failed to launch server process. Reason: Unity was launched with the -noUpm command-line argument
[Package Manager] Unable to send message (not connected to server process).
[Package Manager] Cannot connect to Unity Package Manager local server
ScheduleIndexationOnStartup MainProcess:False IndexOnStartup:True
Mono: successfully reloaded assembly
- Finished resetting the current domain, in  0.241 seconds
Domain Reload Profiling: 488ms
	BeginReloadAssembly (89ms)
		ExecutionOrderSort (0ms)
		DisableScriptedObjects (0ms)
		BackupInstance (0ms)
		ReleaseScriptingObjects (0ms)
		CreateAndSetChildDomain (0ms)
	RebuildCommonClasses (21ms)
	RebuildNativeTypeToScriptingClass (7ms)
	initialDomainReloadingComplete (26ms)
	LoadAllAssembliesAndSetupDomain (105ms)
		LoadAssemblies (90ms)
		RebuildTransferFunctionScriptingTraits (0ms)
		AnalyzeDomain (102ms)
			TypeCache.Refresh (101ms)
				TypeCache.ScanAssembly (93ms)
			BuildScriptInfoCaches (0ms)
			ResolveRequiredComponents (0ms)
	FinalizeReload (241ms)
		ReleaseScriptCaches (0ms)
		RebuildScriptCaches (0ms)
		SetupLoadedEditorAssemblies (205ms)
			LogAssemblyErrors (0ms)
			InitializePlatformSupportModulesInManaged (51ms)
			SetLoadedEditorAssemblies (2ms)
			BeforeProcessingInitializeOnLoad (44ms)
			ProcessInitializeOnLoadAttributes (67ms)
			ProcessInitializeOnLoadMethodAttributes (42ms)
			AfterProcessingInitializeOnLoad (0ms)
			EditorAssembliesLoaded (0ms)
		ExecutionOrderSort2 (0ms)
		AwakeInstancesAfterBackupRestoration (0ms)
[CoreBusinessMetrics] Unexpected thread when updating session info.
========================================================================
Worker process is ready to serve import requests
Import Worker Mode flag is 0x00
Begin MonoManager ReloadAssembly
[Licensing::Client] Successfully resolved entitlement details
Symbol file LoadedFromMemory is not a mono symbol file
- Loaded All Assemblies, in  0.567 seconds
Script 'CharacterController' has the same name as built-in Unity component.
AddComponent and GetComponent will not work with this script.
'Packages/com.meta.xr.sdk.core/Editor/RuntimeOptimizer/RuntimeOptimizerNetworking.cs' contains partial class of Unity.Object, exactly 1 of the partial classes needs to be in a file with the same filename. This is to know the one that can be referenced from ie. GameObjects
'Packages/com.meta.xr.sdk.core/Editor/BuildingBlocks/BlocksWindow.cs' contains partial class of Unity.Object, exactly 1 of the partial classes needs to be in a file with the same filename. This is to know the one that can be referenced from ie. GameObjects
'Packages/com.meta.xr.sdk.core/Editor/RuntimeOptimizer/RuntimeOptimizerStyles.cs' contains partial class of Unity.Object, exactly 1 of the partial classes needs to be in a file with the same filename. This is to know the one that can be referenced from ie. GameObjects
'Packages/com.meta.xr.sdk.core/Editor/RuntimeOptimizer/RuntimeOptimizer.cs' contains partial class of Unity.Object, exactly 1 of the partial classes needs to be in a file with the same filename. This is to know the one that can be referenced from ie. GameObjects
'Packages/com.meta.xr.sdk.core/Editor/BuildingBlocks/BlocksWindowDetailsExtension.cs' contains partial class of Unity.Object, exactly 1 of the partial classes needs to be in a file with the same filename. This is to know the one that can be referenced from ie. GameObjects
'Packages/com.meta.xr.sdk.core/Editor/BuildingBlocks/BlocksWindowCollectionsPageExtension.cs' contains partial class of Unity.Object, exactly 1 of the partial classes needs to be in a file with the same filename. This is to know the one that can be referenced from ie. GameObjects
Refreshing native plugins compatible for Editor in 4.33 ms, found 18 plugins.
Native extension for iOS target not found
Native extension for Android target not found
Native extension for OSXStandalone target not found
[Package Manager] Failed to launch server process. Reason: Unity was launched with the -noUpm command-line argument
[Package Manager] Unable to send message (not connected to server process).
[Package Manager] Cannot connect to Unity Package Manager local server
Refreshing native plugins compatible for Editor in 3.46 ms, found 18 plugins.
I0919 11:58:10.446632 532338 OVRTelemetry.cpp:57] Telemetry_Init: calling startSession with engineName=Unity, pluginVersion=1.205.0
I0919 11:58:10.462467 532338 OVRTelemetry.cpp:61] Telemetry_Init: startSession completed successfully
[Package Manager] Failed to launch server process. Reason: Unity was launched with the -noUpm command-line argument
[Package Manager] Unable to send message (not connected to server process).
[Package Manager] Cannot connect to Unity Package Manager local server
[Package Manager] Failed to launch server process. Reason: Unity was launched with the -noUpm command-line argument
[Package Manager] Unable to send message (not connected to server process).
[Package Manager] Cannot connect to Unity Package Manager local server
[Package Manager] Failed to launch server process. Reason: Unity was launched with the -noUpm command-line argument
[Package Manager] Unable to send message (not connected to server process).
[Package Manager] Cannot connect to Unity Package Manager local server
ScheduleIndexationOnStartup MainProcess:False IndexOnStartup:True
Mono: successfully reloaded assembly
[Package Manager] Failed to launch server process. Reason: Unity was launched with the -noUpm command-line argument
[Package Manager] Unable to send message (not connected to server process).
[Package Manager] Cannot connect to Unity Package Manager local server
[Package Manager] Failed to launch server process. Reason: Unity was launched with the -noUpm command-line argument
[Package Manager] Unable to send message (not connected to server process).
[Package Manager] Cannot connect to Unity Package Manager local server
- Finished resetting the current domain, in  0.773 seconds
Domain Reload Profiling: 1339ms
	BeginReloadAssembly (62ms)
		ExecutionOrderSort (0ms)
		DisableScriptedObjects (3ms)
		BackupInstance (0ms)
		ReleaseScriptingObjects (0ms)
		CreateAndSetChildDomain (12ms)
	RebuildCommonClasses (20ms)
	RebuildNativeTypeToScriptingClass (7ms)
	initialDomainReloadingComplete (17ms)
	LoadAllAssembliesAndSetupDomain (459ms)
		LoadAssemblies (276ms)
		RebuildTransferFunctionScriptingTraits (0ms)
		AnalyzeDomain (209ms)
			TypeCache.Refresh (151ms)
				TypeCache.ScanAssembly (133ms)
			BuildScriptInfoCaches (44ms)
			ResolveRequiredComponents (11ms)
	FinalizeReload (773ms)
		ReleaseScriptCaches (0ms)
		RebuildScriptCaches (0ms)
		SetupLoadedEditorAssemblies (658ms)
			LogAssemblyErrors (0ms)
			InitializePlatformSupportModulesInManaged (8ms)
			SetLoadedEditorAssemblies (4ms)
			BeforeProcessingInitializeOnLoad (89ms)
			ProcessInitializeOnLoadAttributes (452ms)
			ProcessInitializeOnLoadMethodAttributes (104ms)
			AfterProcessingInitializeOnLoad (1ms)
			EditorAssembliesLoaded (0ms)
		ExecutionOrderSort2 (0ms)
		AwakeInstancesAfterBackupRestoration (1ms)
WARNING: Shader Unsupported: 'Universal Render Pipeline/VR/SpatialMapping/Wireframe' - All subshaders removed
WARNING: Shader Did you use #pragma only_renderers and omit this platform?
WARNING: Shader If subshaders removal was intentional, you may have forgotten turning Fallback off?
WARNING: Shader Unsupported: 'Universal Render Pipeline/VR/SpatialMapping/Wireframe' - All subshaders removed
WARNING: Shader Did you use #pragma only_renderers and omit this platform?
WARNING: Shader If subshaders removal was intentional, you may have forgotten turning Fallback off?
Shader 'Oculus/OVRMRCameraFrameLit': fallback shader 'Alpha-Diffuse' not found
Shader 'Meta/MRUK/Scene/HighlightsAndShadows': fallback shader 'Off' not found
[OVRPlugin][INFO] UnityPluginLoad called

Launching external process: /Applications/Unity/Hub/Editor/6000.3.13f1/Unity.app/Contents/Helpers/UnityShaderCompiler
Launched and connected shader compiler UnityShaderCompiler after 0.02 seconds
Refreshing native plugins compatible for Editor in 5.36 ms, found 18 plugins.
Preloading 1 native plugins for Editor in 0.58 ms.
Unloading 22 Unused Serialized files (Serialized files now loaded: 0)
Unloading 10040 unused Assets / (5.1 MB). Loaded Objects now: 10919.
Memory consumption went from 176.7 MB to 171.6 MB.
Total: 10.599292 ms (FindLiveObjects: 0.807042 ms CreateObjectMapping: 0.274000 ms MarkObjects: 7.799541 ms  DeleteObjects: 1.718417 ms)

========================================================================
Received Import Request.
  Time since last request: 26384.360732 seconds.
  path: Assets/Sci-Fi Styled Modular Pack/Models/floor_2.fbx
  artifactKey: Guid(80b93341bf275fe408b1bd56cb261ce8) Importer(2089858483,b0f066a214c2f5e87bad3c948f4d605d)
Start importing Assets/Sci-Fi Styled Modular Pack/Models/floor_2.fbx using Guid(80b93341bf275fe408b1bd56cb261ce8) Importer(2089858483,b0f066a214c2f5e87bad3c948f4d605d) (ScriptedImporter) -> (artifact id: 'd8300c16852d99f79edfc7bb2173e43b') in 0.068650541 seconds
Number of updated asset objects reloaded before import = 0Number of asset objects unloaded after import = 10

========================================================================
Received Import Request.
  Time since last request: 0.000031 seconds.
  path: Assets/Sci-Fi Styled Modular Pack/Materials/nature_ground.mat
  artifactKey: Guid(71c78677fdc08394da7fd716fb41a991) Importer(2089858483,b0f066a214c2f5e87bad3c948f4d605d)
Start importing Assets/Sci-Fi Styled Modular Pack/Materials/nature_ground.mat using Guid(71c78677fdc08394da7fd716fb41a991) Importer(2089858483,b0f066a214c2f5e87bad3c948f4d605d) (ScriptedImporter) -> (artifact id: 'b71463dd26ba3c292d52dfd08cc51ebe') in 0.007525125 seconds
Number of updated asset objects reloaded before import = 0Number of asset objects unloaded after import = 1

========================================================================
Received Import Request.
  Time since last request: 0.000051 seconds.
  path: Assets/Sci-Fi Styled Modular Pack/Prefabs/Decorative elements/sign.prefab
  artifactKey: Guid(48f0889733d556d4a927a13a99a7f434) Importer(2089858483,b0f066a214c2f5e87bad3c948f4d605d)
Start importing Assets/Sci-Fi Styled Modular Pack/Prefabs/Decorative elements/sign.prefab using Guid(48f0889733d556d4a927a13a99a7f434) Importer(2089858483,b0f066a214c2f5e87bad3c948f4d605d) (ScriptedImporter) -> (artifact id: 'dedc8529adff4c966c65e5f70defa4f8') in 0.006494333 seconds
Number of updated asset objects reloaded before import = 0Number of asset objects unloaded after import = 9

========================================================================
Received Import Request.
  Time since last request: 0.000035 seconds.
  path: Assets/Sci-Fi Styled Modular Pack/Prefabs/Decorative elements/Arts/art_5.prefab
  artifactKey: Guid(b1b2094e689c43d4ea4fd01f7c8b5849) Importer(2089858483,b0f066a214c2f5e87bad3c948f4d605d)
Start importing Assets/Sci-Fi Styled Modular Pack/Prefabs/Decorative elements/Arts/art_5.prefab using Guid(b1b2094e689c43d4ea4fd01f7c8b5849) Importer(2089858483,b0f066a214c2f5e87bad3c948f4d605d) (ScriptedImporter) -> (artifact id: '85821e57a6b1f957986e061caf20718a') in 0.002932958 seconds
Number of updated asset objects reloaded before import = 0Number of asset objects unloaded after import = 10

========================================================================
Received Import Request.
  Time since last request: 0.000029 seconds.
  path: Assets/Sci-Fi Styled Modular Pack/Prefabs/Corridors/Corridor_X.prefab
  artifactKey: Guid(d17bc9c1cdef1c5448255edad31c1c61) Importer(2089858483,b0f066a214c2f5e87bad3c948f4d605d)
Start importing Assets/Sci-Fi Styled Modular Pack/Prefabs/Corridors/Corridor_X.prefab using Guid(d17bc9c1cdef1c5448255edad31c1c61) Importer(2089858483,b0f066a214c2f5e87bad3c948f4d605d) (ScriptedImporter) -> (artifact id: '3f56f33083d9f2747e81ce802568488b') in 0.003502708 seconds
Number of updated asset objects reloaded before import = 0Number of asset objects unloaded after import = 194

========================================================================
Received Import Request.
  Time since last request: 0.000031 seconds.
  path: Assets/Sci-Fi Styled Modular Pack/Prefabs/Decorative elements/bed.prefab
  artifactKey: Guid(43d083e8215b4544594282d6c144d7ba) Importer(2089858483,b0f066a214c2f5e87bad3c948f4d605d)
Start importing Assets/Sci-Fi Styled Modular Pack/Prefabs/Decorative elements/bed.prefab using Guid(43d083e8215b4544594282d6c144d7ba) Importer(2089858483,b0f066a214c2f5e87bad3c948f4d605d) (ScriptedImporter) -> (artifact id: 'cec7ab356e4f06b94ffd2e841260c359') in 0.002644917 seconds
Number of updated asset objects reloaded before import = 0Number of asset objects unloaded after import = 9

========================================================================
Received Import Request.
  Time since last request: 0.000042 seconds.
  path: Assets/Sci-Fi Styled Modular Pack/Prefabs/Windows/window_big_blocker_2.prefab
  artifactKey: Guid(6dc2880f157b0954f94e34369a97cc6f) Importer(2089858483,b0f066a214c2f5e87bad3c948f4d605d)
Start importing Assets/Sci-Fi Styled Modular Pack/Prefabs/Windows/window_big_blocker_2.prefab using Guid(6dc2880f157b0954f94e34369a97cc6f) Importer(2089858483,b0f066a214c2f5e87bad3c948f4d605d) (ScriptedImporter) -> (artifact id: 'dd3827369837624f3c36d8a7f00e580d') in 0.002718083 seconds
Number of updated asset objects reloaded before import = 0Number of asset objects unloaded after import = 9

========================================================================
Received Import Request.
  Time since last request: 0.000045 seconds.
  path: Assets/Sci-Fi Styled Modular Pack/Models/decorative_wall_1_LOD0.fbx
  artifactKey: Guid(cfaae91c0468de14fa52db2da7d5746a) Importer(2089858483,b0f066a214c2f5e87bad3c948f4d605d)
Start importing Assets/Sci-Fi Styled Modular Pack/Models/decorative_wall_1_LOD0.fbx using Guid(cfaae91c0468de14fa52db2da7d5746a) Importer(2089858483,b0f066a214c2f5e87bad3c948f4d605d) (ScriptedImporter) -> (artifact id: 'ec297705c8ebb7c97a20233c87b4b840') in 0.003443166 seconds
Number of updated asset objects reloaded before import = 0Number of asset objects unloaded after import = 8

========================================================================
Received Import Request.
  Time since last request: 0.000028 seconds.
  path: Assets/Sci-Fi Styled Modular Pack/Prefabs/Machines/container_small.prefab
  artifactKey: Guid(6456a4784f31cab439d29b7e3bb286a4) Importer(2089858483,b0f066a214c2f5e87bad3c948f4d605d)
Start importing Assets/Sci-Fi Styled Modular Pack/Prefabs/Machines/container_small.prefab using Guid(6456a4784f31cab439d29b7e3bb286a4) Importer(2089858483,b0f066a214c2f5e87bad3c948f4d605d) (ScriptedImporter) -> (artifact id: '48899a2c4cb8f32e7efef512e68a62b8') in 0.002641458 seconds
Number of updated asset objects reloaded before import = 0Number of asset objects unloaded after import = 9

========================================================================
Received Import Request.
  Time since last request: 0.000045 seconds.
  path: Assets/Sci-Fi Styled Modular Pack/Models/shield_generator.fbx
  artifactKey: Guid(fcf5cb51929ff5446bd8ae59de56ea02) Importer(2089858483,b0f066a214c2f5e87bad3c948f4d605d)
Start importing Assets/Sci-Fi Styled Modular Pack/Models/shield_generator.fbx using Guid(fcf5cb51929ff5446bd8ae59de56ea02) Importer(2089858483,b0f066a214c2f5e87bad3c948f4d605d) (ScriptedImporter) -> (artifact id: '6c553b39eccba0f89c551b84da2720ff') in 0.004408208 seconds
Number of updated asset objects reloaded before import = 0Number of asset objects unloaded after import = 8

========================================================================
Received Import Request.
  Time since last request: 0.000042 seconds.
  path: Assets/Sci-Fi Styled Modular Pack/Prefabs/Walls/Half walls/decorative_half_wall_5.prefab
  artifactKey: Guid(e521c664fa8f8c845a0f2f463f0d05b2) Importer(2089858483,b0f066a214c2f5e87bad3c948f4d605d)
Start importing Assets/Sci-Fi Styled Modular Pack/Prefabs/Walls/Half walls/decorative_half_wall_5.prefab using Guid(e521c664fa8f8c845a0f2f463f0d05b2) Importer(2089858483,b0f066a214c2f5e87bad3c948f4d605d) (ScriptedImporter) -> (artifact id: '210d9f3fe92ef44f86a895df37fa4aa4') in 0.00290775 seconds
Number of updated asset objects reloaded before import = 0Number of asset objects unloaded after import = 9

========================================================================
Received Import Request.
  Time since last request: 0.000032 seconds.
  path: Assets/Sci-Fi Styled Modular Pack/Prefabs/Lights
  artifactKey: Guid(9a8b8ccdb0cb56842926faf128cbfac3) Importer(2089858483,b0f066a214c2f5e87bad3c948f4d605d)
Start importing Assets/Sci-Fi Styled Modular Pack/Prefabs/Lights using Guid(9a8b8ccdb0cb56842926faf128cbfac3) Importer(2089858483,b0f066a214c2f5e87bad3c948f4d605d) (ScriptedImporter) -> (artifact id: '2848faf74115ce26bbe4c778e56e4b9e') in 0.001189083 seconds
Number of updated asset objects reloaded before import = 0Number of asset objects unloaded after import = 1

========================================================================
Received Import Request.
  Time since last request: 0.000040 seconds.
  path: Assets/Sci-Fi Styled Modular Pack/Materials/screen.mat
  artifactKey: Guid(bf1464b84bb76b44abb088d5a41acfee) Importer(2089858483,b0f066a214c2f5e87bad3c948f4d605d)
Start importing Assets/Sci-Fi Styled Modular Pack/Materials/screen.mat using Guid(bf1464b84bb76b44abb088d5a41acfee) Importer(2089858483,b0f066a214c2f5e87bad3c948f4d605d) (ScriptedImporter) -> (artifact id: '350164738b1eeb945df0484a65e1cb5d') in 0.001900334 seconds
Number of updated asset objects reloaded before import = 0Number of asset objects unloaded after import = 1

========================================================================
Received Import Request.
  Time since last request: 0.000037 seconds.
  path: Assets/Sci-Fi Styled Modular Pack/Models/floor_1_LOD1.fbx
  artifactKey: Guid(c36834fa2d8d0504e9842a6454f207ca) Importer(2089858483,b0f066a214c2f5e87bad3c948f4d605d)
Start importing Assets/Sci-Fi Styled Modular Pack/Models/floor_1_LOD1.fbx using Guid(c36834fa2d8d0504e9842a6454f207ca) Importer(2089858483,b0f066a214c2f5e87bad3c948f4d605d) (ScriptedImporter) -> (artifact id: '0d16a9d4cd81e7e3609a5fcda5cfd111') in 0.003851875 seconds
Number of updated asset objects reloaded before import = 0Number of asset objects unloaded after import = 9

========================================================================
Received Import Request.
  Time since last request: 0.000056 seconds.
  path: Assets/Sci-Fi Styled Modular Pack/Prefabs/Windows/window_big_plug.prefab
  artifactKey: Guid(d087389d05d4d7e44922758971ced6af) Importer(2089858483,b0f066a214c2f5e87bad3c948f4d605d)
Start importing Assets/Sci-Fi Styled Modular Pack/Prefabs/Windows/window_big_plug.prefab using Guid(d087389d05d4d7e44922758971ced6af) Importer(2089858483,b0f066a214c2f5e87bad3c948f4d605d) (ScriptedImporter) -> (artifact id: '2cb00e28748b5859fc3ecf89eb9e5d9c') in 0.002997583 seconds
Number of updated asset objects reloaded before import = 0Number of asset objects unloaded after import = 9

========================================================================
Received Import Request.
  Time since last request: 0.000049 seconds.
  path: Assets/Sci-Fi Styled Modular Pack/Prefabs/Walls/Simple/blank_wall_D.prefab
  artifactKey: Guid(8641c0ea619290f46a68c207dc6ff828) Importer(2089858483,b0f066a214c2f5e87bad3c948f4d605d)
Start importing Assets/Sci-Fi Styled Modular Pack/Prefabs/Walls/Simple/blank_wall_D.prefab using Guid(8641c0ea619290f46a68c207dc6ff828) Importer(2089858483,b0f066a214c2f5e87bad3c948f4d605d) (ScriptedImporter) -> (artifact id: 'bc438ec600c612194212058115f37418') in 0.002758 seconds
Number of updated asset objects reloaded before import = 0Number of asset objects unloaded after import = 9

========================================================================
Received Import Request.
  Time since last request: 0.000057 seconds.
  path: Assets/Sci-Fi Styled Modular Pack/Models/decorative_wall_3_LOD1.fbx
  artifactKey: Guid(a140b27441a26454b823cd2bbd6ed96a) Importer(2089858483,b0f066a214c2f5e87bad3c948f4d605d)
Start importing Assets/Sci-Fi Styled Modular Pack/Models/decorative_wall_3_LOD1.fbx using Guid(a140b27441a26454b823cd2bbd6ed96a) Importer(2089858483,b0f066a214c2f5e87bad3c948f4d605d) (ScriptedImporter) -> (artifact id: '67bba60628620955adbc56521bfa1c3e') in 0.003769083 seconds
Number of updated asset objects reloaded before import = 0Number of asset objects unloaded after import = 8

========================================================================
Received Import Request.
  Time since last request: 0.000034 seconds.
  path: Assets/Sci-Fi Styled Modular Pack/Models/projector_LOD1.fbx
  artifactKey: Guid(b94be10dedfa9c246b5c439440e580f5) Importer(2089858483,b0f066a214c2f5e87bad3c948f4d605d)
Start importing Assets/Sci-Fi Styled Modular Pack/Models/projector_LOD1.fbx using Guid(b94be10dedfa9c246b5c439440e580f5) Importer(2089858483,b0f066a214c2f5e87bad3c948f4d605d) (ScriptedImporter) -> (artifact id: 'd9e4ad146a0c418019a14e1c7ec8dcce') in 0.003781791 seconds
Number of updated asset objects reloaded before import = 0Number of asset objects unloaded after import = 10

========================================================================
Received Import Request.
  Time since last request: 0.000031 seconds.
  path: Assets/Sci-Fi Styled Modular Pack/Prefabs/Machines/Shield Core.prefab
  artifactKey: Guid(5f8552cfeac0c29428f4d3d1362bacae) Importer(2089858483,b0f066a214c2f5e87bad3c948f4d605d)
Start importing Assets/Sci-Fi Styled Modular Pack/Prefabs/Machines/Shield Core.prefab using Guid(5f8552cfeac0c29428f4d3d1362bacae) Importer(2089858483,b0f066a214c2f5e87bad3c948f4d605d) (ScriptedImporter) -> (artifact id: '22030fb2b114c55a1b184173eadc87ea') in 0.005245792 seconds
Number of updated asset objects reloaded before import = 0Number of asset objects unloaded after import = 74

========================================================================
Received Import Request.
  Time since last request: 0.000035 seconds.
  path: Assets/Sci-Fi Styled Modular Pack/Models/glass_panel_1_door.fbx
  artifactKey: Guid(37fb91b59d4d2ba4da8fbcf15d055ebe) Importer(2089858483,b0f066a214c2f5e87bad3c948f4d605d)
Start importing Assets/Sci-Fi Styled Modular Pack/Models/glass_panel_1_door.fbx using Guid(37fb91b59d4d2ba4da8fbcf15d055ebe) Importer(2089858483,b0f066a214c2f5e87bad3c948f4d605d) (ScriptedImporter) -> (artifact id: '0edc9f424026a11842fce2f035ef6aa7') in 0.003610875 seconds
Number of updated asset objects reloaded before import = 0Number of asset objects unloaded after import = 9

========================================================================
Received Import Request.
  Time since last request: 0.000032 seconds.
  path: Assets/Sci-Fi Styled Modular Pack/Models/window_big_with_side_offset_LOD0.fbx
  artifactKey: Guid(92173177b83f4ae4194c757b33b5d46b) Importer(2089858483,b0f066a214c2f5e87bad3c948f4d605d)
Start importing Assets/Sci-Fi Styled Modular Pack/Models/window_big_with_side_offset_LOD0.fbx using Guid(92173177b83f4ae4194c757b33b5d46b) Importer(2089858483,b0f066a214c2f5e87bad3c948f4d605d) (ScriptedImporter) -> (artifact id: '6d813e665d730feb893a4e2e6a5c8530') in 0.004839959 seconds
Number of updated asset objects reloaded before import = 0Number of asset objects unloaded after import = 11

========================================================================
Received Import Request.
  Time since last request: 0.000046 seconds.
  path: Assets/Sci-Fi Styled Modular Pack/Models/decorative_half_wall_1_LOD0.fbx
  artifactKey: Guid(126da1070311a154885091b4c21323c5) Importer(2089858483,b0f066a214c2f5e87bad3c948f4d605d)
Start importing Assets/Sci-Fi Styled Modular Pack/Models/decorative_half_wall_1_LOD0.fbx using Guid(126da1070311a154885091b4c21323c5) Importer(2089858483,b0f066a214c2f5e87bad3c948f4d605d) (ScriptedImporter) -> (artifact id: '2ff5f420aee28d448887fb63959906ce') in 0.003582875 seconds
Number of updated asset objects reloaded before import = 0Number of asset objects unloaded after import = 8

========================================================================
Received Import Request.
  Time since last request: 0.000032 seconds.
  path: Assets/Sci-Fi Styled Modular Pack/Textures/window_big_transparent_mask.png
  artifactKey: Guid(c4d2256bf54ca0948bc30a5cc74fb153) Importer(2089858483,b0f066a214c2f5e87bad3c948f4d605d)
Start importing Assets/Sci-Fi Styled Modular Pack/Textures/window_big_transparent_mask.png using Guid(c4d2256bf54ca0948bc30a5cc74fb153) Importer(2089858483,b0f066a214c2f5e87bad3c948f4d605d) (ScriptedImporter) -> (artifact id: 'ee333e82f90e05fe0cc96f7e7f99189a') in 0.0206615 seconds
Number of updated asset objects reloaded before import = 0Number of asset objects unloaded after import = 3

========================================================================
Received Import Request.
  Time since last request: 0.000048 seconds.
  path: Assets/Sci-Fi Styled Modular Pack/Models/shield_generator_rotor.fbx
  artifactKey: Guid(d87e6b42fd353414cb31b1615da9d5d4) Importer(2089858483,b0f066a214c2f5e87bad3c948f4d605d)
Start importing Assets/Sci-Fi Styled Modular Pack/Models/shield_generator_rotor.fbx using Guid(d87e6b42fd353414cb31b1615da9d5d4) Importer(2089858483,b0f066a214c2f5e87bad3c948f4d605d) (ScriptedImporter) -> (artifact id: 'd27576763656495bfb98ad12fcac18ed') in 0.008408542 seconds
Number of updated asset objects reloaded before import = 0Number of asset objects unloaded after import = 10

========================================================================
Received Import Request.
  Time since last request: 0.000038 seconds.
  path: Assets/Sci-Fi Styled Modular Pack/Textures/dark-color.png
  artifactKey: Guid(d65ae29772ec4ab4b949103da54086be) Importer(2089858483,b0f066a214c2f5e87bad3c948f4d605d)
Start importing Assets/Sci-Fi Styled Modular Pack/Textures/dark-color.png using Guid(d65ae29772ec4ab4b949103da54086be) Importer(2089858483,b0f066a214c2f5e87bad3c948f4d605d) (ScriptedImporter) -> (artifact id: '72ba07c7472fd8500f5b4de87192f76a') in 0.004110583 seconds
Number of updated asset objects reloaded before import = 0Number of asset objects unloaded after import = 3

========================================================================
Received Import Request.
  Time since last request: 0.000036 seconds.
  path: Assets/Sci-Fi Styled Modular Pack/Prefabs/Floors
  artifactKey: Guid(f5318563da884874182b4ef60d507b3a) Importer(2089858483,b0f066a214c2f5e87bad3c948f4d605d)
Start importing Assets/Sci-Fi Styled Modular Pack/Prefabs/Floors using Guid(f5318563da884874182b4ef60d507b3a) Importer(2089858483,b0f066a214c2f5e87bad3c948f4d605d) (ScriptedImporter) -> (artifact id: '899bea1b6e87950d4ba57e37fd9cef83') in 0.002320375 seconds
Number of updated asset objects reloaded before import = 0Number of asset objects unloaded after import = 1

========================================================================
Received Import Request.
  Time since last request: 0.000043 seconds.
  path: Assets/Sci-Fi Styled Modular Pack/Models/battery_medium.fbx
  artifactKey: Guid(c1c48e1341ea35d4fa172cdb915ed140) Importer(2089858483,b0f066a214c2f5e87bad3c948f4d605d)
Start importing Assets/Sci-Fi Styled Modular Pack/Models/battery_medium.fbx using Guid(c1c48e1341ea35d4fa172cdb915ed140) Importer(2089858483,b0f066a214c2f5e87bad3c948f4d605d) (ScriptedImporter) -> (artifact id: 'fa87164aebdac43359c3297334a07347') in 0.003688 seconds
Number of updated asset objects reloaded before import = 0Number of asset objects unloaded after import = 9

========================================================================
Received Import Request.
  Time since last request: 0.000036 seconds.
  path: Assets/Sci-Fi Styled Modular Pack/Models/cabinet_L_cutted.fbx
  artifactKey: Guid(ce77e936a9505b142a210040b9ab07e0) Importer(2089858483,b0f066a214c2f5e87bad3c948f4d605d)
Start importing Assets/Sci-Fi Styled Modular Pack/Models/cabinet_L_cutted.fbx using Guid(ce77e936a9505b142a210040b9ab07e0) Importer(2089858483,b0f066a214c2f5e87bad3c948f4d605d) (ScriptedImporter) -> (artifact id: 'b422e9339a4a69ac1f176ac04821e4d8') in 0.003290041 seconds
Number of updated asset objects reloaded before import = 0Number of asset objects unloaded after import = 8

========================================================================
Received Import Request.
  Time since last request: 0.000043 seconds.
  path: Assets/Sci-Fi Styled Modular Pack/Models/window_big_with_side_offset_LOD1.fbx
  artifactKey: Guid(ea33750d8062a5f40853d5a678f98727) Importer(2089858483,b0f066a214c2f5e87bad3c948f4d605d)
Start importing Assets/Sci-Fi Styled Modular Pack/Models/window_big_with_side_offset_LOD1.fbx using Guid(ea33750d8062a5f40853d5a678f98727) Importer(2089858483,b0f066a214c2f5e87bad3c948f4d605d) (ScriptedImporter) -> (artifact id: 'ccf9abf54a2aed79e0a2cbc8d8053e77') in 0.003907667 seconds
Number of updated asset objects reloaded before import = 0Number of asset objects unloaded after import = 11

========================================================================
Received Import Request.
  Time since last request: 0.000032 seconds.
  path: Assets/Sci-Fi Styled Modular Pack/Models/window_big_with_side_full_offset_LOD1.fbx
  artifactKey: Guid(b568c330172e27949a030e01d718133e) Importer(2089858483,b0f066a214c2f5e87bad3c948f4d605d)
Start importing Assets/Sci-Fi Styled Modular Pack/Models/window_big_with_side_full_offset_LOD1.fbx using Guid(b568c330172e27949a030e01d718133e) Importer(2089858483,b0f066a214c2f5e87bad3c948f4d605d) (ScriptedImporter) -> (artifact id: '9ff43c0b05ad96e3215b400acb57a9f6') in 0.003785708 seconds
Number of updated asset objects reloaded before import = 0Number of asset objects unloaded after import = 11

========================================================================
Received Import Request.
  Time since last request: 0.000044 seconds.
  path: Assets/Sci-Fi Styled Modular Pack/Animations/glass_door_open.anim
  artifactKey: Guid(e4a7d3a2e475e6543994756f695d34ce) Importer(2089858483,b0f066a214c2f5e87bad3c948f4d605d)
Start importing Assets/Sci-Fi Styled Modular Pack/Animations/glass_door_open.anim using Guid(e4a7d3a2e475e6543994756f695d34ce) Importer(2089858483,b0f066a214c2f5e87bad3c948f4d605d) (ScriptedImporter) -> (artifact id: '8b9a0ce849f65caab4227d4e93bac2f5') in 0.00622825 seconds
Number of updated asset objects reloaded before import = 0Number of asset objects unloaded after import = 1

========================================================================
Received Import Request.
  Time since last request: 0.000037 seconds.
  path: Assets/Sci-Fi Styled Modular Pack/Models/wall_big_no_side_full_LOD0.fbx
  artifactKey: Guid(10c805e783fd2d64f84bdbb6fae5d25f) Importer(2089858483,b0f066a214c2f5e87bad3c948f4d605d)
Start importing Assets/Sci-Fi Styled Modular Pack/Models/wall_big_no_side_full_LOD0.fbx using Guid(10c805e783fd2d64f84bdbb6fae5d25f) Importer(2089858483,b0f066a214c2f5e87bad3c948f4d605d) (ScriptedImporter) -> (artifact id: '2d9a4ce4f5e094ad7b4f20b3f81ab548') in 0.00337825 seconds
Number of updated asset objects reloaded before import = 0Number of asset objects unloaded after import = 8

========================================================================
Received Import Request.
  Time since last request: 0.000041 seconds.
  path: Assets/Sci-Fi Styled Modular Pack/Models/decorative_sofa_LOD1.fbx
  artifactKey: Guid(65173919170defb40bc0157bcbf757f0) Importer(2089858483,b0f066a214c2f5e87bad3c948f4d605d)
Start importing Assets/Sci-Fi Styled Modular Pack/Models/decorative_sofa_LOD1.fbx using Guid(65173919170defb40bc0157bcbf757f0) Importer(2089858483,b0f066a214c2f5e87bad3c948f4d605d) (ScriptedImporter) -> (artifact id: 'a819def8752f1d5432563d6ac742a9f0') in 0.004232708 seconds
Number of updated asset objects reloaded before import = 0Number of asset objects unloaded after import = 8

========================================================================
Received Import Request.
  Time since last request: 0.000039 seconds.
  path: Assets/Sci-Fi Styled Modular Pack/Prefabs/Stairs
  artifactKey: Guid(6d2be673da8ba5442a237159cbceb59f) Importer(2089858483,b0f066a214c2f5e87bad3c948f4d605d)
Start importing Assets/Sci-Fi Styled Modular Pack/Prefabs/Stairs using Guid(6d2be673da8ba5442a237159cbceb59f) Importer(2089858483,b0f066a214c2f5e87bad3c948f4d605d) (ScriptedImporter) -> (artifact id: '1088628d1d1c8c23852a233f7896845d') in 0.001214167 seconds
Number of updated asset objects reloaded before import = 0Number of asset objects unloaded after import = 1

========================================================================
Received Import Request.
  Time since last request: 0.000038 seconds.
  path: Assets/Sci-Fi Styled Modular Pack/Prefabs/Decorative elements/Column/column_kneel_2.prefab
  artifactKey: Guid(23dfeb7d73f68474285f619486e8119f) Importer(2089858483,b0f066a214c2f5e87bad3c948f4d605d)
Start importing Assets/Sci-Fi Styled Modular Pack/Prefabs/Decorative elements/Column/column_kneel_2.prefab using Guid(23dfeb7d73f68474285f619486e8119f) Importer(2089858483,b0f066a214c2f5e87bad3c948f4d605d) (ScriptedImporter) -> (artifact id: '27b40ab324f30cb5606a736f31c1eda0') in 0.0026555 seconds
Number of updated asset objects reloaded before import = 0Number of asset objects unloaded after import = 9

========================================================================
Received Import Request.
  Time since last request: 0.000047 seconds.
  path: Assets/Sci-Fi Styled Modular Pack/Models/frame_door_3_colision_mesh.fbx
  artifactKey: Guid(e497b40124d368543a1971d44952f2d5) Importer(2089858483,b0f066a214c2f5e87bad3c948f4d605d)
Start importing Assets/Sci-Fi Styled Modular Pack/Models/frame_door_3_colision_mesh.fbx using Guid(e497b40124d368543a1971d44952f2d5) Importer(2089858483,b0f066a214c2f5e87bad3c948f4d605d) (ScriptedImporter) -> (artifact id: '9b223be7a319d607e092edcb6c4350ec') in 0.003611375 seconds
Number of updated asset objects reloaded before import = 0Number of asset objects unloaded after import = 8

========================================================================
Received Import Request.
  Time since last request: 0.000044 seconds.
  path: Assets/Sci-Fi Styled Modular Pack/Models/door_3_bottom_A.fbx
  artifactKey: Guid(433547009282eae47a18a43ae4f16587) Importer(2089858483,b0f066a214c2f5e87bad3c948f4d605d)
Start importing Assets/Sci-Fi Styled Modular Pack/Models/door_3_bottom_A.fbx using Guid(433547009282eae47a18a43ae4f16587) Importer(2089858483,b0f066a214c2f5e87bad3c948f4d605d) (ScriptedImporter) -> (artifact id: '4d4a3a567baeba3cf6056b80fffa88cd') in 0.004002333 seconds
Number of updated asset objects reloaded before import = 0Number of asset objects unloaded after import = 10

========================================================================
Received Import Request.
  Time since last request: 0.000039 seconds.
  path: Assets/Sci-Fi Styled Modular Pack/Prefabs
  artifactKey: Guid(a54965f822af06343a5ffdf446f11783) Importer(2089858483,b0f066a214c2f5e87bad3c948f4d605d)
Start importing Assets/Sci-Fi Styled Modular Pack/Prefabs using Guid(a54965f822af06343a5ffdf446f11783) Importer(2089858483,b0f066a214c2f5e87bad3c948f4d605d) (ScriptedImporter) -> (artifact id: '2be3498acd616f2fa9d0f53e893a6c04') in 0.0012785 seconds
Number of updated asset objects reloaded before import = 0Number of asset objects unloaded after import = 1

========================================================================
Received Import Request.
  Time since last request: 0.000046 seconds.
  path: Assets/Sci-Fi Styled Modular Pack/Prefabs/Doors/door_2.prefab
  artifactKey: Guid(820591594dcfa124d8a9c5d016d6c22c) Importer(2089858483,b0f066a214c2f5e87bad3c948f4d605d)
Start importing Assets/Sci-Fi Styled Modular Pack/Prefabs/Doors/door_2.prefab using Guid(820591594dcfa124d8a9c5d016d6c22c) Importer(2089858483,b0f066a214c2f5e87bad3c948f4d605d) (ScriptedImporter) -> (artifact id: '7242d63eb8ddf1b5cd6b06844dbec086') in 0.004284084 seconds
Number of updated asset objects reloaded before import = 0Number of asset objects unloaded after import = 39

========================================================================
Received Import Request.
  Time since last request: 0.000033 seconds.
  path: Assets/Sci-Fi Styled Modular Pack/Prefabs/Floors/floor_2_L.prefab
  artifactKey: Guid(5b3cc55650f95e34797ed0af9c57110a) Importer(2089858483,b0f066a214c2f5e87bad3c948f4d605d)
Start importing Assets/Sci-Fi Styled Modular Pack/Prefabs/Floors/floor_2_L.prefab using Guid(5b3cc55650f95e34797ed0af9c57110a) Importer(2089858483,b0f066a214c2f5e87bad3c948f4d605d) (ScriptedImporter) -> (artifact id: '19290948130be540c376ac57eb5e63f2') in 0.002390417 seconds
Number of updated asset objects reloaded before import = 0Number of asset objects unloaded after import = 17

========================================================================
Received Import Request.
  Time since last request: 0.000028 seconds.
  path: Assets/Sci-Fi Styled Modular Pack/Models/decorative_table_no_glass.fbx
  artifactKey: Guid(8ad22dca44fd0454983dd1151d42180b) Importer(2089858483,b0f066a214c2f5e87bad3c948f4d605d)
Start importing Assets/Sci-Fi Styled Modular Pack/Models/decorative_table_no_glass.fbx using Guid(8ad22dca44fd0454983dd1151d42180b) Importer(2089858483,b0f066a214c2f5e87bad3c948f4d605d) (ScriptedImporter) -> (artifact id: '5559f2649da8dc90abf1b9f641207b51') in 0.003578375 seconds
Number of updated asset objects reloaded before import = 0Number of asset objects unloaded after import = 8

========================================================================
Received Import Request.
  Time since last request: 0.000035 seconds.
  path: Assets/Sci-Fi Styled Modular Pack/Prefabs/Windows/window_big_corner_far.prefab
  artifactKey: Guid(f1e5cb2f014b6834b849c918ab359508) Importer(2089858483,b0f066a214c2f5e87bad3c948f4d605d)
Start importing Assets/Sci-Fi Styled Modular Pack/Prefabs/Windows/window_big_corner_far.prefab using Guid(f1e5cb2f014b6834b849c918ab359508) Importer(2089858483,b0f066a214c2f5e87bad3c948f4d605d) (ScriptedImporter) -> (artifact id: 'cbae06a6124ff31ff13b6e3ec7188551') in 0.002425042 seconds
Number of updated asset objects reloaded before import = 0Number of asset objects unloaded after import = 16

========================================================================
Received Import Request.
  Time since last request: 0.000028 seconds.
  path: Assets/Sci-Fi Styled Modular Pack/Textures/coffee-color.png
  artifactKey: Guid(0444929aa8d1adf45a0fe7c3c3c8d205) Importer(2089858483,b0f066a214c2f5e87bad3c948f4d605d)
Start importing Assets/Sci-Fi Styled Modular Pack/Textures/coffee-color.png using Guid(0444929aa8d1adf45a0fe7c3c3c8d205) Importer(2089858483,b0f066a214c2f5e87bad3c948f4d605d) (ScriptedImporter) -> (artifact id: 'bc23e0a66b6c3e903e182f3956161b4b') in 0.003039833 seconds
Number of updated asset objects reloaded before import = 0Number of asset objects unloaded after import = 1

========================================================================
Received Import Request.
  Time since last request: 0.000030 seconds.
  path: Assets/Sci-Fi Styled Modular Pack/Models/door_1_right.fbx
  artifactKey: Guid(b34895a5cbeae0246af9c017f7df4b1b) Importer(2089858483,b0f066a214c2f5e87bad3c948f4d605d)
Start importing Assets/Sci-Fi Styled Modular Pack/Models/door_1_right.fbx using Guid(b34895a5cbeae0246af9c017f7df4b1b) Importer(2089858483,b0f066a214c2f5e87bad3c948f4d605d) (ScriptedImporter) -> (artifact id: 'f731a0b43ac3601c1a12590fda0bf0a3') in 0.00537675 seconds
Number of updated asset objects reloaded before import = 0Number of asset objects unloaded after import = 10

========================================================================
Received Import Request.
  Time since last request: 0.000060 seconds.
  path: Assets/Sci-Fi Styled Modular Pack/Models/floor_2_no_lattice.fbx
  artifactKey: Guid(7f962bb89688620469dbe0e850e34b3a) Importer(2089858483,b0f066a214c2f5e87bad3c948f4d605d)
Start importing Assets/Sci-Fi Styled Modular Pack/Models/floor_2_no_lattice.fbx using Guid(7f962bb89688620469dbe0e850e34b3a) Importer(2089858483,b0f066a214c2f5e87bad3c948f4d605d) (ScriptedImporter) -> (artifact id: 'f95077c86f08a8db5ffb6def30231790') in 0.003819875 seconds
Number of updated asset objects reloaded before import = 0Number of asset objects unloaded after import = 10

========================================================================
Received Import Request.
  Time since last request: 0.000034 seconds.
  path: Assets/Sci-Fi Styled Modular Pack/Prefabs/Walls/Half walls/decorative_half_wall_1_LOD.prefab
  artifactKey: Guid(b0b67fee087661941a6b851ede8cc5ed) Importer(2089858483,b0f066a214c2f5e87bad3c948f4d605d)
Start importing Assets/Sci-Fi Styled Modular Pack/Prefabs/Walls/Half walls/decorative_half_wall_1_LOD.prefab using Guid(b0b67fee087661941a6b851ede8cc5ed) Importer(2089858483,b0f066a214c2f5e87bad3c948f4d605d) (ScriptedImporter) -> (artifact id: '1150acd34a3ca8f49478fc77ee991a3a') in 0.002377708 seconds
Number of updated asset objects reloaded before import = 0Number of asset objects unloaded after import = 16

========================================================================
Received Import Request.
  Time since last request: 0.000036 seconds.
  path: Assets/Sci-Fi Styled Modular Pack/Textures/second-color.png
  artifactKey: Guid(35c79cc0b2e9d394faa8922409ffb64a) Importer(2089858483,b0f066a214c2f5e87bad3c948f4d605d)
Start importing Assets/Sci-Fi Styled Modular Pack/Textures/second-color.png using Guid(35c79cc0b2e9d394faa8922409ffb64a) Importer(2089858483,b0f066a214c2f5e87bad3c948f4d605d) (ScriptedImporter) -> (artifact id: '82deba02cf77c3fc1fa7328630f56e1b') in 0.004115417 seconds
Number of updated asset objects reloaded before import = 0Number of asset objects unloaded after import = 3

========================================================================
Received Import Request.
  Time since last request: 0.000044 seconds.
  path: Assets/Sci-Fi Styled Modular Pack/Models/floor_1.fbx
  artifactKey: Guid(d48aaf8e2d925ae4d97369f487b2834c) Importer(2089858483,b0f066a214c2f5e87bad3c948f4d605d)
Start importing Assets/Sci-Fi Styled Modular Pack/Models/floor_1.fbx using Guid(d48aaf8e2d925ae4d97369f487b2834c) Importer(2089858483,b0f066a214c2f5e87bad3c948f4d605d) (ScriptedImporter) -> (artifact id: '594edea7a57357a91b820165a75af44d') in 0.0036815 seconds
Number of updated asset objects reloaded before import = 0Number of asset objects unloaded after import = 9

========================================================================
Received Import Request.
  Time since last request: 0.000045 seconds.
  path: Assets/Sci-Fi Styled Modular Pack/Prefabs/Windows/Complete Windows
  artifactKey: Guid(e1a3d5a3d7a91ab47ae051b84f3ddf77) Importer(2089858483,b0f066a214c2f5e87bad3c948f4d605d)
Start importing Assets/Sci-Fi Styled Modular Pack/Prefabs/Windows/Complete Windows using Guid(e1a3d5a3d7a91ab47ae051b84f3ddf77) Importer(2089858483,b0f066a214c2f5e87bad3c948f4d605d) (ScriptedImporter) -> (artifact id: '402c994f724b9eb59da0e6b836be4434') in 0.001213458 seconds
Number of updated asset objects reloaded before import = 0Number of asset objects unloaded after import = 1

========================================================================
Received Import Request.
  Time since last request: 0.000032 seconds.
  path: Assets/Sci-Fi Styled Modular Pack/Models/decorative_wall_H.fbx
  artifactKey: Guid(c881dff15378dc146987c3f5edb29504) Importer(2089858483,b0f066a214c2f5e87bad3c948f4d605d)
Start importing Assets/Sci-Fi Styled Modular Pack/Models/decorative_wall_H.fbx using Guid(c881dff15378dc146987c3f5edb29504) Importer(2089858483,b0f066a214c2f5e87bad3c948f4d605d) (ScriptedImporter) -> (artifact id: '6752407ebef43021b7fb652a8676c9c2') in 0.003525333 seconds
Number of updated asset objects reloaded before import = 0Number of asset objects unloaded after import = 8

========================================================================
Received Import Request.
  Time since last request: 0.000051 seconds.
  path: Assets/Sci-Fi Styled Modular Pack/Prefabs/Decorative elements/pilot_seat.prefab
  artifactKey: Guid(790e191d50e6fe249900e78369ae7986) Importer(2089858483,b0f066a214c2f5e87bad3c948f4d605d)
Start importing Assets/Sci-Fi Styled Modular Pack/Prefabs/Decorative elements/pilot_seat.prefab using Guid(790e191d50e6fe249900e78369ae7986) Importer(2089858483,b0f066a214c2f5e87bad3c948f4d605d) (ScriptedImporter) -> (artifact id: 'ec71ee2c3ab66f3cc4e6f208fdd9a8d8') in 0.003022625 seconds
Number of updated asset objects reloaded before import = 0Number of asset objects unloaded after import = 9

========================================================================
Received Import Request.
  Time since last request: 0.000029 seconds.
  path: Assets/Sci-Fi Styled Modular Pack/Prefabs/Corridors/Corridor_1.prefab
  artifactKey: Guid(f18932879bb23b84ca5370b65419ee41) Importer(2089858483,b0f066a214c2f5e87bad3c948f4d605d)
Start importing Assets/Sci-Fi Styled Modular Pack/Prefabs/Corridors/Corridor_1.prefab using Guid(f18932879bb23b84ca5370b65419ee41) Importer(2089858483,b0f066a214c2f5e87bad3c948f4d605d) (ScriptedImporter) -> (artifact id: '5c4ed662e6d27b0efd9f38c160df336f') in 0.002415583 seconds
Number of updated asset objects reloaded before import = 0Number of asset objects unloaded after import = 50

========================================================================
Received Import Request.
  Time since last request: 0.000045 seconds.
  path: Assets/Sci-Fi Styled Modular Pack/Prefabs/Lights/light_wall_3_blue.prefab
  artifactKey: Guid(8b5797a18349fb546be8acddc71151ff) Importer(2089858483,b0f066a214c2f5e87bad3c948f4d605d)
Start importing Assets/Sci-Fi Styled Modular Pack/Prefabs/Lights/light_wall_3_blue.prefab using Guid(8b5797a18349fb546be8acddc71151ff) Importer(2089858483,b0f066a214c2f5e87bad3c948f4d605d) (ScriptedImporter) -> (artifact id: '3d427cb8ae280a953f3096c05f10073f') in 0.003200584 seconds
Number of updated asset objects reloaded before import = 0Number of asset objects unloaded after import = 13

========================================================================
Received Import Request.
  Time since last request: 0.000043 seconds.
  path: Assets/Sci-Fi Styled Modular Pack/Models/stairs_small.fbx
  artifactKey: Guid(bd0a17be9280439418203fe96116cee6) Importer(2089858483,b0f066a214c2f5e87bad3c948f4d605d)
Start importing Assets/Sci-Fi Styled Modular Pack/Models/stairs_small.fbx using Guid(bd0a17be9280439418203fe96116cee6) Importer(2089858483,b0f066a214c2f5e87bad3c948f4d605d) (ScriptedImporter) -> (artifact id: '4ca06aaaf98d65c0d9f110cd795b6b6b') in 0.0037745 seconds
Number of updated asset objects reloaded before import = 0Number of asset objects unloaded after import = 9

========================================================================
Received Import Request.
  Time since last request: 0.000069 seconds.
  path: Assets/Sci-Fi Styled Modular Pack/Models
  artifactKey: Guid(5902297ebb0c5f34ca42aeca563efee0) Importer(2089858483,b0f066a214c2f5e87bad3c948f4d605d)
Start importing Assets/Sci-Fi Styled Modular Pack/Models using Guid(5902297ebb0c5f34ca42aeca563efee0) Importer(2089858483,b0f066a214c2f5e87bad3c948f4d605d) (ScriptedImporter) -> (artifact id: '12026ad1b6e9025ca53fa6fb38e78b33') in 0.001329666 seconds
Number of updated asset objects reloaded before import = 0Number of asset objects unloaded after import = 1

========================================================================
Received Import Request.
  Time since last request: 0.000033 seconds.
  path: Assets/Sci-Fi Styled Modular Pack/Models/window_big_with_side_offset.fbx
  artifactKey: Guid(3275015972f1ebd4ba5e1fc0b74fa66d) Importer(2089858483,b0f066a214c2f5e87bad3c948f4d605d)
Start importing Assets/Sci-Fi Styled Modular Pack/Models/window_big_with_side_offset.fbx using Guid(3275015972f1ebd4ba5e1fc0b74fa66d) Importer(2089858483,b0f066a214c2f5e87bad3c948f4d605d) (ScriptedImporter) -> (artifact id: 'cf950b941f127159eaed936972006c96') in 0.004882792 seconds
Number of updated asset objects reloaded before import = 0Number of asset objects unloaded after import = 11

========================================================================
Received Import Request.
  Time since last request: 0.000037 seconds.
  path: Assets/Sci-Fi Styled Modular Pack/Models/glass_panel_1_with_door.fbx
  artifactKey: Guid(1d8fb1d801abb5741a1a870b2e3986dd) Importer(2089858483,b0f066a214c2f5e87bad3c948f4d605d)
Start importing Assets/Sci-Fi Styled Modular Pack/Models/glass_panel_1_with_door.fbx using Guid(1d8fb1d801abb5741a1a870b2e3986dd) Importer(2089858483,b0f066a214c2f5e87bad3c948f4d605d) (ScriptedImporter) -> (artifact id: 'f167e84e584a41db6647eb6aff6896eb') in 0.003474792 seconds
Number of updated asset objects reloaded before import = 0Number of asset objects unloaded after import = 9

========================================================================
Received Import Request.
  Time since last request: 0.000047 seconds.
  path: Assets/Sci-Fi Styled Modular Pack/Models/hologram_LOD0.fbx
  artifactKey: Guid(d77c6e2e51bc37641acd6ddc5f81209b) Importer(2089858483,b0f066a214c2f5e87bad3c948f4d605d)
Start importing Assets/Sci-Fi Styled Modular Pack/Models/hologram_LOD0.fbx using Guid(d77c6e2e51bc37641acd6ddc5f81209b) Importer(2089858483,b0f066a214c2f5e87bad3c948f4d605d) (ScriptedImporter) -> (artifact id: 'd73dada9fe5870930ac91a3cd5ba6493') in 0.003540083 seconds
Number of updated asset objects reloaded before import = 0Number of asset objects unloaded after import = 8

========================================================================
Received Import Request.
  Time since last request: 0.000037 seconds.
  path: Assets/Sci-Fi Styled Modular Pack/Models/window_big_with_side_full_offset.fbx
  artifactKey: Guid(ded28afd628a69b4683cdc663cd39d56) Importer(2089858483,b0f066a214c2f5e87bad3c948f4d605d)
Start importing Assets/Sci-Fi Styled Modular Pack/Models/window_big_with_side_full_offset.fbx using Guid(ded28afd628a69b4683cdc663cd39d56) Importer(2089858483,b0f066a214c2f5e87bad3c948f4d605d) (ScriptedImporter) -> (artifact id: '15fb3f350731545a984701c75c9b18a0') in 0.003664458 seconds
Number of updated asset objects reloaded before import = 0Number of asset objects unloaded after import = 11

========================================================================
Received Import Request.
  Time since last request: 0.000037 seconds.
  path: Assets/Sci-Fi Styled Modular Pack/Prefabs/Machines/torpedo_docking_station_2_side.prefab
  artifactKey: Guid(e15141fc92cd7b947a0d7d838f1ffb48) Importer(2089858483,b0f066a214c2f5e87bad3c948f4d605d)
Start importing Assets/Sci-Fi Styled Modular Pack/Prefabs/Machines/torpedo_docking_station_2_side.prefab using Guid(e15141fc92cd7b947a0d7d838f1ffb48) Importer(2089858483,b0f066a214c2f5e87bad3c948f4d605d) (ScriptedImporter) -> (artifact id: '426d41e23403790f1e1e242f1f06749a') in 0.002597917 seconds
Number of updated asset objects reloaded before import = 0Number of asset objects unloaded after import = 9

========================================================================
Received Import Request.
  Time since last request: 0.000050 seconds.
  path: Assets/Sci-Fi Styled Modular Pack/Models/door_3_bottom_B.fbx
  artifactKey: Guid(559b8a2c3fe7baa48bfca925d384fff3) Importer(2089858483,b0f066a214c2f5e87bad3c948f4d605d)
Start importing Assets/Sci-Fi Styled Modular Pack/Models/door_3_bottom_B.fbx using Guid(559b8a2c3fe7baa48bfca925d384fff3) Importer(2089858483,b0f066a214c2f5e87bad3c948f4d605d) (ScriptedImporter) -> (artifact id: '194c6ec32543258dae2de47adfd6190a') in 0.004194875 seconds
Number of updated asset objects reloaded before import = 0Number of asset objects unloaded after import = 10

========================================================================
Received Import Request.
  Time since last request: 0.000031 seconds.
  path: Assets/Sci-Fi Styled Modular Pack/Materials/white emision.mat
  artifactKey: Guid(6b6dfd77776c54a4781ec8cab4d87860) Importer(2089858483,b0f066a214c2f5e87bad3c948f4d605d)
Start importing Assets/Sci-Fi Styled Modular Pack/Materials/white emision.mat using Guid(6b6dfd77776c54a4781ec8cab4d87860) Importer(2089858483,b0f066a214c2f5e87bad3c948f4d605d) (ScriptedImporter) -> (artifact id: 'f7558c5c501d2deaf2ae88ccdf8ee36c') in 0.001935083 seconds
Number of updated asset objects reloaded before import = 0Number of asset objects unloaded after import = 1

========================================================================
Received Import Request.
  Time since last request: 0.000037 seconds.
  path: Assets/Sci-Fi Styled Modular Pack/Materials/window.mat
  artifactKey: Guid(6df5b81390f2c8d4d967baea2b0a190e) Importer(2089858483,b0f066a214c2f5e87bad3c948f4d605d)
Start importing Assets/Sci-Fi Styled Modular Pack/Materials/window.mat using Guid(6df5b81390f2c8d4d967baea2b0a190e) Importer(2089858483,b0f066a214c2f5e87bad3c948f4d605d) (ScriptedImporter) -> (artifact id: '82700aaf64721ed429ac297f80c47b1c') in 0.156525292 seconds
Number of updated asset objects reloaded before import = 0Number of asset objects unloaded after import = 4

========================================================================
Received Import Request.
  Time since last request: 0.000035 seconds.
  path: Assets/Sci-Fi Styled Modular Pack/Models/decorative_table_small_no_glass.fbx
  artifactKey: Guid(e4f7e70184d1727499222527f1ac3508) Importer(2089858483,b0f066a214c2f5e87bad3c948f4d605d)
Start importing Assets/Sci-Fi Styled Modular Pack/Models/decorative_table_small_no_glass.fbx using Guid(e4f7e70184d1727499222527f1ac3508) Importer(2089858483,b0f066a214c2f5e87bad3c948f4d605d) (ScriptedImporter) -> (artifact id: '76afcca14058c98758a4efee8bc79844') in 0.004690458 seconds
Number of updated asset objects reloaded before import = 0Number of asset objects unloaded after import = 8

========================================================================
Received Import Request.
  Time since last request: 0.000048 seconds.
  path: Assets/Sci-Fi Styled Modular Pack/Models/light_wall_1_blue.fbx
  artifactKey: Guid(df2a0aea3cdc2bb49a0c359b09b0abdd) Importer(2089858483,b0f066a214c2f5e87bad3c948f4d605d)
Start importing Assets/Sci-Fi Styled Modular Pack/Models/light_wall_1_blue.fbx using Guid(df2a0aea3cdc2bb49a0c359b09b0abdd) Importer(2089858483,b0f066a214c2f5e87bad3c948f4d605d) (ScriptedImporter) -> (artifact id: 'fd5e12ddbcc91ed9d40c21a654761d74') in 0.00354425 seconds
Number of updated asset objects reloaded before import = 0Number of asset objects unloaded after import = 9

========================================================================
Received Import Request.
  Time since last request: 0.000041 seconds.
  path: Assets/Sci-Fi Styled Modular Pack/Textures/window_big_emission_mask.png
  artifactKey: Guid(343596706f539db458d30dcc935523b4) Importer(2089858483,b0f066a214c2f5e87bad3c948f4d605d)
Start importing Assets/Sci-Fi Styled Modular Pack/Textures/window_big_emission_mask.png using Guid(343596706f539db458d30dcc935523b4) Importer(2089858483,b0f066a214c2f5e87bad3c948f4d605d) (ScriptedImporter) -> (artifact id: '48fc876b6fb6d4a83cc7963e8e80718f') in 0.003200875 seconds
Number of updated asset objects reloaded before import = 0Number of asset objects unloaded after import = 1

========================================================================
Received Import Request.
  Time since last request: 0.000046 seconds.
  path: Assets/Sci-Fi Styled Modular Pack/Textures/blue-color.png
  artifactKey: Guid(a698da84decbb5f43881903177570fe2) Importer(2089858483,b0f066a214c2f5e87bad3c948f4d605d)
Start importing Assets/Sci-Fi Styled Modular Pack/Textures/blue-color.png using Guid(a698da84decbb5f43881903177570fe2) Importer(2089858483,b0f066a214c2f5e87bad3c948f4d605d) (ScriptedImporter) -> (artifact id: '2b96f1b6f381ffb12feffd387b16d616') in 0.003030792 seconds
Number of updated asset objects reloaded before import = 0Number of asset objects unloaded after import = 1

========================================================================
Received Import Request.
  Time since last request: 0.000036 seconds.
  path: Assets/Sci-Fi Styled Modular Pack/Prefabs/Joints/Joint_X_6.prefab
  artifactKey: Guid(9d71973b94dc7364a8a8c7cd0a62b082) Importer(2089858483,b0f066a214c2f5e87bad3c948f4d605d)
Start importing Assets/Sci-Fi Styled Modular Pack/Prefabs/Joints/Joint_X_6.prefab using Guid(9d71973b94dc7364a8a8c7cd0a62b082) Importer(2089858483,b0f066a214c2f5e87bad3c948f4d605d) (ScriptedImporter) -> (artifact id: 'fc0e1ee9807da03dad7519a847b26cfa') in 0.002593042 seconds
Number of updated asset objects reloaded before import = 0Number of asset objects unloaded after import = 9

========================================================================
Received Import Request.
  Time since last request: 0.000052 seconds.
  path: Assets/Sci-Fi Styled Modular Pack/Example scenes/outpost on desert.unity
  artifactKey: Guid(b42ca4c5c936383429d2318c931f7ad2) Importer(2089858483,b0f066a214c2f5e87bad3c948f4d605d)
Start importing Assets/Sci-Fi Styled Modular Pack/Example scenes/outpost on desert.unity using Guid(b42ca4c5c936383429d2318c931f7ad2) Importer(2089858483,b0f066a214c2f5e87bad3c948f4d605d) (ScriptedImporter) -> (artifact id: 'ac6cc96b7709f706d6ba0940113e27fc') in 0.00534575 seconds
Number of updated asset objects reloaded before import = 0Number of asset objects unloaded after import = 1

========================================================================
Received Import Request.
  Time since last request: 0.000039 seconds.
  path: Assets/Sci-Fi Styled Modular Pack/Models/door_2_right.fbx
  artifactKey: Guid(2c33def46326fbd42a987a9fc6dc1154) Importer(2089858483,b0f066a214c2f5e87bad3c948f4d605d)
Start importing Assets/Sci-Fi Styled Modular Pack/Models/door_2_right.fbx using Guid(2c33def46326fbd42a987a9fc6dc1154) Importer(2089858483,b0f066a214c2f5e87bad3c948f4d605d) (ScriptedImporter) -> (artifact id: 'eb656ffe92d8857f55226e27d0d39d61') in 0.003758125 seconds
Number of updated asset objects reloaded before import = 0Number of asset objects unloaded after import = 10

========================================================================
Received Import Request.
  Time since last request: 0.000048 seconds.
  path: Assets/Sci-Fi Styled Modular Pack/Textures/computer_wall_texture.png
  artifactKey: Guid(7b98260aedcf3b0438023520105fd422) Importer(2089858483,b0f066a214c2f5e87bad3c948f4d605d)
Start importing Assets/Sci-Fi Styled Modular Pack/Textures/computer_wall_texture.png using Guid(7b98260aedcf3b0438023520105fd422) Importer(2089858483,b0f066a214c2f5e87bad3c948f4d605d) (ScriptedImporter) -> (artifact id: '5a21a168fbe3675550abfa7ead2c3924') in 0.003411875 seconds
Number of updated asset objects reloaded before import = 0Number of asset objects unloaded after import = 3

========================================================================
Received Import Request.
  Time since last request: 0.000066 seconds.
  path: Assets/Sci-Fi Styled Modular Pack/Textures/projector_warning.png
  artifactKey: Guid(2e2333c960274e741a36e9f3cc903039) Importer(2089858483,b0f066a214c2f5e87bad3c948f4d605d)
Start importing Assets/Sci-Fi Styled Modular Pack/Textures/projector_warning.png using Guid(2e2333c960274e741a36e9f3cc903039) Importer(2089858483,b0f066a214c2f5e87bad3c948f4d605d) (ScriptedImporter) -> (artifact id: '43ecd41f64e79057318564cf48d8f863') in 0.002808792 seconds
Number of updated asset objects reloaded before import = 0Number of asset objects unloaded after import = 1

========================================================================
Received Import Request.
  Time since last request: 0.000038 seconds.
  path: Assets/Sci-Fi Styled Modular Pack/Models/decorative_wall_E.fbx
  artifactKey: Guid(40166e8c866e1ec4a8a5b9055666ddd8) Importer(2089858483,b0f066a214c2f5e87bad3c948f4d605d)
Start importing Assets/Sci-Fi Styled Modular Pack/Models/decorative_wall_E.fbx using Guid(40166e8c866e1ec4a8a5b9055666ddd8) Importer(2089858483,b0f066a214c2f5e87bad3c948f4d605d) (ScriptedImporter) -> (artifact id: 'd9eb1af31bdc5b38303620e4c649495b') in 0.004456875 seconds
Number of updated asset objects reloaded before import = 0Number of asset objects unloaded after import = 8

========================================================================
Received Import Request.
  Time since last request: 0.000031 seconds.
  path: Assets/Sci-Fi Styled Modular Pack/Prefabs/Walls/decorative_wall_5.prefab
  artifactKey: Guid(339299a7e2fdedf47b7788ab1a25c9df) Importer(2089858483,b0f066a214c2f5e87bad3c948f4d605d)
Start importing Assets/Sci-Fi Styled Modular Pack/Prefabs/Walls/decorative_wall_5.prefab using Guid(339299a7e2fdedf47b7788ab1a25c9df) Importer(2089858483,b0f066a214c2f5e87bad3c948f4d605d) (ScriptedImporter) -> (artifact id: 'dc45c6b553ec3e541459c81f9a1dc588') in 0.0025675 seconds
Number of updated asset objects reloaded before import = 0Number of asset objects unloaded after import = 9

========================================================================
Received Import Request.
  Time since last request: 0.000050 seconds.
  path: Assets/Sci-Fi Styled Modular Pack/Models/desk_LOD0.fbx
  artifactKey: Guid(331afd3af774c7448aaf36a7d08c8b16) Importer(2089858483,b0f066a214c2f5e87bad3c948f4d605d)
Start importing Assets/Sci-Fi Styled Modular Pack/Models/desk_LOD0.fbx using Guid(331afd3af774c7448aaf36a7d08c8b16) Importer(2089858483,b0f066a214c2f5e87bad3c948f4d605d) (ScriptedImporter) -> (artifact id: 'c83e5ecaebde01d54909008459d2bf46') in 0.003449125 seconds
Number of updated asset objects reloaded before import = 0Number of asset objects unloaded after import = 9

========================================================================
Received Import Request.
  Time since last request: 0.000043 seconds.
  path: Assets/Sci-Fi Styled Modular Pack/Textures/base-color.png
  artifactKey: Guid(dfcd4dcb2145c6d4f9da3e7654d22d9e) Importer(2089858483,b0f066a214c2f5e87bad3c948f4d605d)
Start importing Assets/Sci-Fi Styled Modular Pack/Textures/base-color.png using Guid(dfcd4dcb2145c6d4f9da3e7654d22d9e) Importer(2089858483,b0f066a214c2f5e87bad3c948f4d605d) (ScriptedImporter) -> (artifact id: '958cf2b73d0c589a315ca9f8bd4116ce') in 0.002802417 seconds
Number of updated asset objects reloaded before import = 0Number of asset objects unloaded after import = 1

========================================================================
Received Import Request.
  Time since last request: 0.000048 seconds.
  path: Assets/Sci-Fi Styled Modular Pack/Models/Cube_1x1_extended.fbx
  artifactKey: Guid(7f4ff057efa234740842b9442ebc75e6) Importer(2089858483,b0f066a214c2f5e87bad3c948f4d605d)
Start importing Assets/Sci-Fi Styled Modular Pack/Models/Cube_1x1_extended.fbx using Guid(7f4ff057efa234740842b9442ebc75e6) Importer(2089858483,b0f066a214c2f5e87bad3c948f4d605d) (ScriptedImporter) -> (artifact id: '99eff7575e56518582f5b25a2438a7d5') in 0.003246375 seconds
Number of updated asset objects reloaded before import = 0Number of asset objects unloaded after import = 8

========================================================================
Received Import Request.
  Time since last request: 0.000056 seconds.
  path: Assets/Sci-Fi Styled Modular Pack/Animations/door_1_close.anim
  artifactKey: Guid(087510c99a61ba64c878537da1363a66) Importer(2089858483,b0f066a214c2f5e87bad3c948f4d605d)
Start importing Assets/Sci-Fi Styled Modular Pack/Animations/door_1_close.anim using Guid(087510c99a61ba64c878537da1363a66) Importer(2089858483,b0f066a214c2f5e87bad3c948f4d605d) (ScriptedImporter) -> (artifact id: 'e998883386ba903348205af02a0b188d') in 0.00187475 seconds
Number of updated asset objects reloaded before import = 0Number of asset objects unloaded after import = 1

========================================================================
Received Import Request.
  Time since last request: 0.000037 seconds.
  path: Assets/Sci-Fi Styled Modular Pack/Prefabs/Stairs/stairs_small.prefab
  artifactKey: Guid(67da585b6785b484dabda72df240d375) Importer(2089858483,b0f066a214c2f5e87bad3c948f4d605d)
Start importing Assets/Sci-Fi Styled Modular Pack/Prefabs/Stairs/stairs_small.prefab using Guid(67da585b6785b484dabda72df240d375) Importer(2089858483,b0f066a214c2f5e87bad3c948f4d605d) (ScriptedImporter) -> (artifact id: '3cb7b8edc9528f48eddf728b6fad3e4f') in 0.002701708 seconds
Number of updated asset objects reloaded before import = 0Number of asset objects unloaded after import = 10

========================================================================
Received Import Request.
  Time since last request: 0.000033 seconds.
  path: Assets/Sci-Fi Styled Modular Pack/Prefabs/Decorative elements/Arts/art_6.prefab
  artifactKey: Guid(52c2612af80526741a33c2092448618c) Importer(2089858483,b0f066a214c2f5e87bad3c948f4d605d)
Start importing Assets/Sci-Fi Styled Modular Pack/Prefabs/Decorative elements/Arts/art_6.prefab using Guid(52c2612af80526741a33c2092448618c) Importer(2089858483,b0f066a214c2f5e87bad3c948f4d605d) (ScriptedImporter) -> (artifact id: 'dd1f9d30b3865a0d391bd33267523534') in 0.0025165 seconds
Number of updated asset objects reloaded before import = 0Number of asset objects unloaded after import = 10

========================================================================
Received Import Request.
  Time since last request: 0.000037 seconds.
  path: Assets/Sci-Fi Styled Modular Pack/Prefabs/Machines/Battery.prefab
  artifactKey: Guid(857b9bcf7311f5a49b829c4fd3cc791f) Importer(2089858483,b0f066a214c2f5e87bad3c948f4d605d)
Start importing Assets/Sci-Fi Styled Modular Pack/Prefabs/Machines/Battery.prefab using Guid(857b9bcf7311f5a49b829c4fd3cc791f) Importer(2089858483,b0f066a214c2f5e87bad3c948f4d605d) (ScriptedImporter) -> (artifact id: 'ace07a4c323f488a65074e6026ec1f76') in 0.00292875 seconds
Number of updated asset objects reloaded before import = 0Number of asset objects unloaded after import = 10

========================================================================
Received Import Request.
  Time since last request: 0.000037 seconds.
  path: Assets/Sci-Fi Styled Modular Pack/Models/light_wall_3.fbx
  artifactKey: Guid(4b423724c4892d6438d29cb37b373290) Importer(2089858483,b0f066a214c2f5e87bad3c948f4d605d)
Start importing Assets/Sci-Fi Styled Modular Pack/Models/light_wall_3.fbx using Guid(4b423724c4892d6438d29cb37b373290) Importer(2089858483,b0f066a214c2f5e87bad3c948f4d605d) (ScriptedImporter) -> (artifact id: '1e551a285b81ba26365e559bc954df96') in 0.003268042 seconds
Number of updated asset objects reloaded before import = 0Number of asset objects unloaded after import = 9

========================================================================
Received Import Request.
  Time since last request: 0.000043 seconds.
  path: Assets/Sci-Fi Styled Modular Pack/Prefabs/Decorative elements/big_screen.prefab
  artifactKey: Guid(2e1b886e9f18d9e43bf1d35ceab0b368) Importer(2089858483,b0f066a214c2f5e87bad3c948f4d605d)
Start importing Assets/Sci-Fi Styled Modular Pack/Prefabs/Decorative elements/big_screen.prefab using Guid(2e1b886e9f18d9e43bf1d35ceab0b368) Importer(2089858483,b0f066a214c2f5e87bad3c948f4d605d) (ScriptedImporter) -> (artifact id: '1950dedf25ae21fa58d214abf8f3585b') in 0.002728625 seconds
Number of updated asset objects reloaded before import = 0Number of asset objects unloaded after import = 10

========================================================================
Received Import Request.
  Time since last request: 0.000051 seconds.
  path: Assets/Sci-Fi Styled Modular Pack/Animations/door_3_opened.anim
  artifactKey: Guid(a84f6c408b97dd6458cdc08f29f6e315) Importer(2089858483,b0f066a214c2f5e87bad3c948f4d605d)
Start importing Assets/Sci-Fi Styled Modular Pack/Animations/door_3_opened.anim using Guid(a84f6c408b97dd6458cdc08f29f6e315) Importer(2089858483,b0f066a214c2f5e87bad3c948f4d605d) (ScriptedImporter) -> (artifact id: '4f601d43f6fc10a510d39e9cdcdb3ebc') in 0.001911209 seconds
Number of updated asset objects reloaded before import = 0Number of asset objects unloaded after import = 1

========================================================================
Received Import Request.
  Time since last request: 0.000050 seconds.
  path: Assets/Sci-Fi Styled Modular Pack/Prefabs/Floors/floor_5.prefab
  artifactKey: Guid(548a40efc092c6f408cc4d1691b171cc) Importer(2089858483,b0f066a214c2f5e87bad3c948f4d605d)
Start importing Assets/Sci-Fi Styled Modular Pack/Prefabs/Floors/floor_5.prefab using Guid(548a40efc092c6f408cc4d1691b171cc) Importer(2089858483,b0f066a214c2f5e87bad3c948f4d605d) (ScriptedImporter) -> (artifact id: '248a93938b7d782f6ec1962900ed9b35') in 0.003803917 seconds
Number of updated asset objects reloaded before import = 0Number of asset objects unloaded after import = 11

========================================================================
Received Import Request.
  Time since last request: 0.000025 seconds.
  path: Assets/Sci-Fi Styled Modular Pack/Textures
  artifactKey: Guid(9735f9194d790554c84c2e1e6cb94d83) Importer(2089858483,b0f066a214c2f5e87bad3c948f4d605d)
Start importing Assets/Sci-Fi Styled Modular Pack/Textures using Guid(9735f9194d790554c84c2e1e6cb94d83) Importer(2089858483,b0f066a214c2f5e87bad3c948f4d605d) (ScriptedImporter) -> (artifact id: 'e0f04f00173ffcd390c92dcf26a3104a') in 0.001315 seconds
Number of updated asset objects reloaded before import = 0Number of asset objects unloaded after import = 1

========================================================================
Received Import Request.
  Time since last request: 0.000041 seconds.
  path: Assets/Sci-Fi Styled Modular Pack/Models/art_1.fbx
  artifactKey: Guid(eb75e9f492c943a4dac52c742f729357) Importer(2089858483,b0f066a214c2f5e87bad3c948f4d605d)
Start importing Assets/Sci-Fi Styled Modular Pack/Models/art_1.fbx using Guid(eb75e9f492c943a4dac52c742f729357) Importer(2089858483,b0f066a214c2f5e87bad3c948f4d605d) (ScriptedImporter) -> (artifact id: 'd4876da5ee532055f4f1e399365572d8') in 0.003492125 seconds
Number of updated asset objects reloaded before import = 0Number of asset objects unloaded after import = 8

========================================================================
Received Import Request.
  Time since last request: 0.000040 seconds.
  path: Assets/Sci-Fi Styled Modular Pack/Prefabs/Extended Primitives/Cube_2x2_extended.prefab
  artifactKey: Guid(6e1e6e01e60af9e4abae4d324b854198) Importer(2089858483,b0f066a214c2f5e87bad3c948f4d605d)
Start importing Assets/Sci-Fi Styled Modular Pack/Prefabs/Extended Primitives/Cube_2x2_extended.prefab using Guid(6e1e6e01e60af9e4abae4d324b854198) Importer(2089858483,b0f066a214c2f5e87bad3c948f4d605d) (ScriptedImporter) -> (artifact id: '0517d522df3b53843c980088d685f2b5') in 0.002773375 seconds
Number of updated asset objects reloaded before import = 0Number of asset objects unloaded after import = 9

========================================================================
Received Import Request.
  Time since last request: 0.000034 seconds.
  path: Assets/Sci-Fi Styled Modular Pack/Models/decorative_pilow_LOD1.fbx
  artifactKey: Guid(a911bd7bc293fc8469a2680a5c3bf5fe) Importer(2089858483,b0f066a214c2f5e87bad3c948f4d605d)
Start importing Assets/Sci-Fi Styled Modular Pack/Models/decorative_pilow_LOD1.fbx using Guid(a911bd7bc293fc8469a2680a5c3bf5fe) Importer(2089858483,b0f066a214c2f5e87bad3c948f4d605d) (ScriptedImporter) -> (artifact id: '974f3cfe47c05ce5f65d67de41ec2c7c') in 0.003774083 seconds
Number of updated asset objects reloaded before import = 0Number of asset objects unloaded after import = 8

========================================================================
Received Import Request.
  Time since last request: 0.000031 seconds.
  path: Assets/Sci-Fi Styled Modular Pack/Prefabs/Walls/Half walls
  artifactKey: Guid(17fb33d13df9ca9419713d4a94bb4d12) Importer(2089858483,b0f066a214c2f5e87bad3c948f4d605d)
Start importing Assets/Sci-Fi Styled Modular Pack/Prefabs/Walls/Half walls using Guid(17fb33d13df9ca9419713d4a94bb4d12) Importer(2089858483,b0f066a214c2f5e87bad3c948f4d605d) (ScriptedImporter) -> (artifact id: 'f7d69721b9261878825a578f89740ab8') in 0.001293375 seconds
Number of updated asset objects reloaded before import = 0Number of asset objects unloaded after import = 1

========================================================================
Received Import Request.
  Time since last request: 0.000040 seconds.
  path: Assets/Sci-Fi Styled Modular Pack/Models/light_corner_1_blue.fbx
  artifactKey: Guid(4a819203f13c18b4882fc327623cf504) Importer(2089858483,b0f066a214c2f5e87bad3c948f4d605d)
Start importing Assets/Sci-Fi Styled Modular Pack/Models/light_corner_1_blue.fbx using Guid(4a819203f13c18b4882fc327623cf504) Importer(2089858483,b0f066a214c2f5e87bad3c948f4d605d) (ScriptedImporter) -> (artifact id: 'ce4b2bfa675c6a3937ba5625abf6b575') in 0.003783542 seconds
Number of updated asset objects reloaded before import = 0Number of asset objects unloaded after import = 9

========================================================================
Received Import Request.
  Time since last request: 0.000038 seconds.
  path: Assets/Sci-Fi Styled Modular Pack/Animations/door_1_opened.anim
  artifactKey: Guid(bf742d1db80eba8479bec92e01824c6d) Importer(2089858483,b0f066a214c2f5e87bad3c948f4d605d)
Start importing Assets/Sci-Fi Styled Modular Pack/Animations/door_1_opened.anim using Guid(bf742d1db80eba8479bec92e01824c6d) Importer(2089858483,b0f066a214c2f5e87bad3c948f4d605d) (ScriptedImporter) -> (artifact id: '80306bfa59f8fb4a28ba92c1c82eb132') in 0.001895458 seconds
Number of updated asset objects reloaded before import = 0Number of asset objects unloaded after import = 1

========================================================================
Received Import Request.
  Time since last request: 7.584287 seconds.
  path: Assets/Sci-Fi Styled Modular Pack/Example scenes/outpost on desert/LightingData.asset
  artifactKey: Guid(b34d1db15db624c59aa9cbffeb85f6b5) Importer(2089858483,b0f066a214c2f5e87bad3c948f4d605d)
Start importing Assets/Sci-Fi Styled Modular Pack/Example scenes/outpost on desert/LightingData.asset using Guid(b34d1db15db624c59aa9cbffeb85f6b5) Importer(2089858483,b0f066a214c2f5e87bad3c948f4d605d) (ScriptedImporter) -> (artifact id: '668d8171758665955af44b6238f8d9e5') in 0.002185916 seconds
Number of updated asset objects reloaded before import = 0Number of asset objects unloaded after import = 2

========================================================================
Received Prepare
Begin MonoManager ReloadAssembly
Thread 0x170fc7000 may have been prematurely finalized
Symbol file LoadedFromMemory is not a mono symbol file
- Loaded All Assemblies, in  0.449 seconds
Script 'CharacterController' has the same name as built-in Unity component.
AddComponent and GetComponent will not work with this script.
'Packages/com.meta.xr.sdk.core/Editor/RuntimeOptimizer/RuntimeOptimizerNetworking.cs' contains partial class of Unity.Object, exactly 1 of the partial classes needs to be in a file with the same filename. This is to know the one that can be referenced from ie. GameObjects
'Packages/com.meta.xr.sdk.core/Editor/BuildingBlocks/BlocksWindow.cs' contains partial class of Unity.Object, exactly 1 of the partial classes needs to be in a file with the same filename. This is to know the one that can be referenced from ie. GameObjects
'Packages/com.meta.xr.sdk.core/Editor/RuntimeOptimizer/RuntimeOptimizerStyles.cs' contains partial class of Unity.Object, exactly 1 of the partial classes needs to be in a file with the same filename. This is to know the one that can be referenced from ie. GameObjects
'Packages/com.meta.xr.sdk.core/Editor/RuntimeOptimizer/RuntimeOptimizer.cs' contains partial class of Unity.Object, exactly 1 of the partial classes needs to be in a file with the same filename. This is to know the one that can be referenced from ie. GameObjects
'Packages/com.meta.xr.sdk.core/Editor/BuildingBlocks/BlocksWindowDetailsExtension.cs' contains partial class of Unity.Object, exactly 1 of the partial classes needs to be in a file with the same filename. This is to know the one that can be referenced from ie. GameObjects
'Packages/com.meta.xr.sdk.core/Editor/BuildingBlocks/BlocksWindowCollectionsPageExtension.cs' contains partial class of Unity.Object, exactly 1 of the partial classes needs to be in a file with the same filename. This is to know the one that can be referenced from ie. GameObjects
Refreshing native plugins compatible for Editor in 3.86 ms, found 18 plugins.
Native extension for iOS target not found
Native extension for Android target not found
Native extension for OSXStandalone target not found
[Package Manager] Failed to launch server process. Reason: Unity was launched with the -noUpm command-line argument
[Package Manager] Unable to send message (not connected to server process).
[Package Manager] Cannot connect to Unity Package Manager local server
Refreshing native plugins compatible for Editor in 3.54 ms, found 18 plugins.
[Package Manager] Failed to launch server process. Reason: Unity was launched with the -noUpm command-line argument
[Package Manager] Unable to send message (not connected to server process).
[Package Manager] Cannot connect to Unity Package Manager local server
[Package Manager] Failed to launch server process. Reason: Unity was launched with the -noUpm command-line argument
[Package Manager] Unable to send message (not connected to server process).
[Package Manager] Cannot connect to Unity Package Manager local server
[Package Manager] Failed to launch server process. Reason: Unity was launched with the -noUpm command-line argument
[Package Manager] Unable to send message (not connected to server process).
[Package Manager] Cannot connect to Unity Package Manager local server
ScheduleIndexationOnStartup MainProcess:False IndexOnStartup:True
Mono: successfully reloaded assembly
[Package Manager] Failed to launch server process. Reason: Unity was launched with the -noUpm command-line argument
[Package Manager] Unable to send message (not connected to server process).
[Package Manager] Cannot connect to Unity Package Manager local server
- Finished resetting the current domain, in  0.586 seconds
Domain Reload Profiling: 1038ms
	BeginReloadAssembly (93ms)
		ExecutionOrderSort (0ms)
		DisableScriptedObjects (3ms)
		BackupInstance (0ms)
		ReleaseScriptingObjects (0ms)
		CreateAndSetChildDomain (29ms)
	RebuildCommonClasses (19ms)
	RebuildNativeTypeToScriptingClass (7ms)
	initialDomainReloadingComplete (11ms)
	LoadAllAssembliesAndSetupDomain (321ms)
		LoadAssemblies (210ms)
		RebuildTransferFunctionScriptingTraits (0ms)
		AnalyzeDomain (133ms)
			TypeCache.Refresh (9ms)
				TypeCache.ScanAssembly (0ms)
			BuildScriptInfoCaches (111ms)
			ResolveRequiredComponents (10ms)
	FinalizeReload (586ms)
		ReleaseScriptCaches (0ms)
		RebuildScriptCaches (0ms)
		SetupLoadedEditorAssemblies (487ms)
			LogAssemblyErrors (0ms)
			InitializePlatformSupportModulesInManaged (9ms)
			SetLoadedEditorAssemblies (4ms)
			BeforeProcessingInitializeOnLoad (86ms)
			ProcessInitializeOnLoadAttributes (293ms)
			ProcessInitializeOnLoadMethodAttributes (95ms)
			AfterProcessingInitializeOnLoad (0ms)
			EditorAssembliesLoaded (0ms)
		ExecutionOrderSort2 (0ms)
		AwakeInstancesAfterBackupRestoration (5ms)
WARNING: Shader Unsupported: 'Universal Render Pipeline/VR/SpatialMapping/Wireframe' - All subshaders removed
WARNING: Shader Did you use #pragma only_renderers and omit this platform?
WARNING: Shader If subshaders removal was intentional, you may have forgotten turning Fallback off?
WARNING: Shader Unsupported: 'Universal Render Pipeline/VR/SpatialMapping/Wireframe' - All subshaders removed
WARNING: Shader Did you use #pragma only_renderers and omit this platform?
WARNING: Shader If subshaders removal was intentional, you may have forgotten turning Fallback off?
Refreshing native plugins compatible for Editor in 3.75 ms, found 18 plugins.
Preloading 1 native plugins for Editor in 0.34 ms.
Unloading 22 Unused Serialized files (Serialized files now loaded: 0)
Unloading 10036 unused Assets / (4.9 MB). Loaded Objects now: 10938.
Memory consumption went from 204.4 MB to 199.5 MB.
Total: 9.539750 ms (FindLiveObjects: 0.462791 ms CreateObjectMapping: 0.289209 ms MarkObjects: 7.343458 ms  DeleteObjects: 1.444125 ms)

Prepare: number of updated asset objects reloaded= 0
Shader 'Oculus/OVRMRCameraFrameLit': fallback shader 'Alpha-Diffuse' not found
Shader 'Meta/MRUK/Scene/HighlightsAndShadows': fallback shader 'Off' not found
========================================================================
Received Prepare
WARNING: Shader Unsupported: 'Universal Render Pipeline/VR/SpatialMapping/Wireframe' - All subshaders removed
WARNING: Shader Did you use #pragma only_renderers and omit this platform?
WARNING: Shader If subshaders removal was intentional, you may have forgotten turning Fallback off?
WARNING: Shader Unsupported: 'Universal Render Pipeline/VR/SpatialMapping/Wireframe' - All subshaders removed
WARNING: Shader Did you use #pragma only_renderers and omit this platform?
WARNING: Shader If subshaders removal was intentional, you may have forgotten turning Fallback off?
Refreshing native plugins compatible for Editor in 3.24 ms, found 18 plugins.
Preloading 1 native plugins for Editor in 0.36 ms.
Unloading 22 Unused Serialized files (Serialized files now loaded: 0)
Unloading 22 unused Assets / (1.9 MB). Loaded Objects now: 10938.
Memory consumption went from 178.4 MB to 176.5 MB.
Total: 8.299042 ms (FindLiveObjects: 0.241292 ms CreateObjectMapping: 0.080500 ms MarkObjects: 7.787750 ms  DeleteObjects: 0.189042 ms)

Prepare: number of updated asset objects reloaded= 0
Shader 'Oculus/OVRMRCameraFrameLit': fallback shader 'Alpha-Diffuse' not found
Shader 'Meta/MRUK/Scene/HighlightsAndShadows': fallback shader 'Off' not found
========================================================================
Received Import Request.
  Time since last request: 200.328122 seconds.
  path: Assets/Sci-Fi Styled Modular Pack/Example scenes/outpost with snow
  artifactKey: Guid(ef16d530b5c704279bbb05b4bc48264f) Importer(2089858483,b0f066a214c2f5e87bad3c948f4d605d)
Start importing Assets/Sci-Fi Styled Modular Pack/Example scenes/outpost with snow using Guid(ef16d530b5c704279bbb05b4bc48264f) Importer(2089858483,b0f066a214c2f5e87bad3c948f4d605d) (ScriptedImporter) -> (artifact id: 'bef56cc41ac0d02ed2d4bbb8e2124818') in 0.01914575 seconds
Number of updated asset objects reloaded before import = 0Number of asset objects unloaded after import = 1

========================================================================
Received Import Request.
  Time since last request: 0.000072 seconds.
  path: Assets/Sci-Fi Styled Modular Pack/Materials/lattice.mat
  artifactKey: Guid(0f4853191d321d748b1f95a97d7b37f4) Importer(2089858483,b0f066a214c2f5e87bad3c948f4d605d)
Start importing Assets/Sci-Fi Styled Modular Pack/Materials/lattice.mat using Guid(0f4853191d321d748b1f95a97d7b37f4) Importer(2089858483,b0f066a214c2f5e87bad3c948f4d605d) (ScriptedImporter) -> (artifact id: '212b6cdac8001ae438fbee849fa40fdd') in 0.995254084 seconds
Number of updated asset objects reloaded before import = 0Number of asset objects unloaded after import = 2

========================================================================
Received Import Request.
  Time since last request: 0.000048 seconds.
  path: Assets/Sci-Fi Styled Modular Pack/Example scenes/outpost with snow/LightingData.asset
  artifactKey: Guid(7cd25bc1df47444399f4d8f4af8262ca) Importer(2089858483,b0f066a214c2f5e87bad3c948f4d605d)
Start importing Assets/Sci-Fi Styled Modular Pack/Example scenes/outpost with snow/LightingData.asset using Guid(7cd25bc1df47444399f4d8f4af8262ca) Importer(2089858483,b0f066a214c2f5e87bad3c948f4d605d) (ScriptedImporter) -> (artifact id: 'd7deb180cc1779624912b0c4da16c408') in 0.003675709 seconds
Number of updated asset objects reloaded before import = 0Number of asset objects unloaded after import = 2

========================================================================
Received Import Request.
  Time since last request: 0.000049 seconds.
  path: Assets/Sci-Fi Styled Modular Pack/Example scenes/outpost on desert/LightingData.asset
  artifactKey: Guid(b34d1db15db624c59aa9cbffeb85f6b5) Importer(2089858483,b0f066a214c2f5e87bad3c948f4d605d)
Start importing Assets/Sci-Fi Styled Modular Pack/Example scenes/outpost on desert/LightingData.asset using Guid(b34d1db15db624c59aa9cbffeb85f6b5) Importer(2089858483,b0f066a214c2f5e87bad3c948f4d605d) (ScriptedImporter) -> (artifact id: '3d499dc45dbca73b8d14a9854576342d') in 0.002207625 seconds
Number of updated asset objects reloaded before import = 0Number of asset objects unloaded after import = 2

========================================================================
Received Import Request.
  Time since last request: 4.064178 seconds.
  path: Assets/Sci-Fi Styled Modular Pack/Materials/hologram.mat
  artifactKey: Guid(e305453a48fa58446882f6671dfa0d58) Importer(2089858483,b0f066a214c2f5e87bad3c948f4d605d)
Start importing Assets/Sci-Fi Styled Modular Pack/Materials/hologram.mat using Guid(e305453a48fa58446882f6671dfa0d58) Importer(2089858483,b0f066a214c2f5e87bad3c948f4d605d) (ScriptedImporter) -> (artifact id: '0a8208b449b7451b5aca47875825ca68') in 0.007610833 seconds
Number of updated asset objects reloaded before import = 0Number of asset objects unloaded after import = 2

========================================================================
Received Import Request.
  Time since last request: 0.000051 seconds.
  path: Assets/Sci-Fi Styled Modular Pack/Materials/blue emission.mat
  artifactKey: Guid(5476ae29e2e50194abce19e5cacce575) Importer(2089858483,b0f066a214c2f5e87bad3c948f4d605d)
Start importing Assets/Sci-Fi Styled Modular Pack/Materials/blue emission.mat using Guid(5476ae29e2e50194abce19e5cacce575) Importer(2089858483,b0f066a214c2f5e87bad3c948f4d605d) (ScriptedImporter) -> (artifact id: 'cb93a5fd9a1c6f6b4184750a876d6a57') in 0.003021916 seconds
Number of updated asset objects reloaded before import = 0Number of asset objects unloaded after import = 1

========================================================================
Received Import Request.
  Time since last request: 0.000056 seconds.
  path: Assets/Sci-Fi Styled Modular Pack/Materials/nature_root.mat
  artifactKey: Guid(00fc27719fc29924b9a34aab914dc83a) Importer(2089858483,b0f066a214c2f5e87bad3c948f4d605d)
Start importing Assets/Sci-Fi Styled Modular Pack/Materials/nature_root.mat using Guid(00fc27719fc29924b9a34aab914dc83a) Importer(2089858483,b0f066a214c2f5e87bad3c948f4d605d) (ScriptedImporter) -> (artifact id: 'a57c5e0724f1485986a0384724a9ed98') in 0.004783 seconds
Number of updated asset objects reloaded before import = 0Number of asset objects unloaded after import = 1

========================================================================
Received Import Request.
  Time since last request: 0.000066 seconds.
  path: Assets/Sci-Fi Styled Modular Pack/Materials/projector_warning.mat
  artifactKey: Guid(51d587eafcd13384bafd060c5bc7cb82) Importer(2089858483,b0f066a214c2f5e87bad3c948f4d605d)
Start importing Assets/Sci-Fi Styled Modular Pack/Materials/projector_warning.mat using Guid(51d587eafcd13384bafd060c5bc7cb82) Importer(2089858483,b0f066a214c2f5e87bad3c948f4d605d) (ScriptedImporter) -> (artifact id: '13e2705a5dceba715474144dc45a9393') in 0.003248542 seconds
Number of updated asset objects reloaded before import = 0Number of asset objects unloaded after import = 2

========================================================================
Received Import Request.
  Time since last request: 0.000042 seconds.
  path: Assets/Sci-Fi Styled Modular Pack/Materials/Palletes/dark color.mat
  artifactKey: Guid(14e5822a3f4e21e4d9ef3d687fe27b01) Importer(2089858483,b0f066a214c2f5e87bad3c948f4d605d)
Start importing Assets/Sci-Fi Styled Modular Pack/Materials/Palletes/dark color.mat using Guid(14e5822a3f4e21e4d9ef3d687fe27b01) Importer(2089858483,b0f066a214c2f5e87bad3c948f4d605d) (ScriptedImporter) -> (artifact id: '7925c6136b20ab186f68cfbf4a1d0f4e') in 0.005487125 seconds
Number of updated asset objects reloaded before import = 0Number of asset objects unloaded after import = 4

========================================================================
Received Import Request.
  Time since last request: 0.000062 seconds.
  path: Assets/Sci-Fi Styled Modular Pack/Materials/window.mat
  artifactKey: Guid(6df5b81390f2c8d4d967baea2b0a190e) Importer(2089858483,b0f066a214c2f5e87bad3c948f4d605d)
Start importing Assets/Sci-Fi Styled Modular Pack/Materials/window.mat using Guid(6df5b81390f2c8d4d967baea2b0a190e) Importer(2089858483,b0f066a214c2f5e87bad3c948f4d605d) (ScriptedImporter) -> (artifact id: 'c2fec03ddbe61e122d853538019abc42') in 0.004091083 seconds
Number of updated asset objects reloaded before import = 0Number of asset objects unloaded after import = 4

========================================================================
Received Import Request.
  Time since last request: 0.000077 seconds.
  path: Assets/Sci-Fi Styled Modular Pack/Materials/Palletes/blue color.mat
  artifactKey: Guid(bb0ea486e3a8ea846993232a228b528a) Importer(2089858483,b0f066a214c2f5e87bad3c948f4d605d)
Start importing Assets/Sci-Fi Styled Modular Pack/Materials/Palletes/blue color.mat using Guid(bb0ea486e3a8ea846993232a228b528a) Importer(2089858483,b0f066a214c2f5e87bad3c948f4d605d) (ScriptedImporter) -> (artifact id: 'c5859f8374a0a9a166137c490a5c4e6c') in 0.007525541 seconds
Number of updated asset objects reloaded before import = 0Number of asset objects unloaded after import = 4

========================================================================
Received Import Request.
  Time since last request: 424.223621 seconds.
  path: Assets/Sci-Fi Styled Modular Pack/Materials/nature_bush.mat
  artifactKey: Guid(4256c7f593c13f84bbd6e74b481a6ec4) Importer(2089858483,b0f066a214c2f5e87bad3c948f4d605d)
Start importing Assets/Sci-Fi Styled Modular Pack/Materials/nature_bush.mat using Guid(4256c7f593c13f84bbd6e74b481a6ec4) Importer(2089858483,b0f066a214c2f5e87bad3c948f4d605d) (ScriptedImporter) -> (artifact id: '23ca3811cf02852065eaa606abbc2ee6') in 0.017920208 seconds
Number of updated asset objects reloaded before import = 0Number of asset objects unloaded after import = 2

========================================================================
Received Import Request.
  Time since last request: 0.000073 seconds.
  path: Assets/Sci-Fi Styled Modular Pack/Materials/lattice.mat
  artifactKey: Guid(0f4853191d321d748b1f95a97d7b37f4) Importer(2089858483,b0f066a214c2f5e87bad3c948f4d605d)
Start importing Assets/Sci-Fi Styled Modular Pack/Materials/lattice.mat using Guid(0f4853191d321d748b1f95a97d7b37f4) Importer(2089858483,b0f066a214c2f5e87bad3c948f4d605d) (ScriptedImporter) -> (artifact id: '93da9406052331b12d01cc1310ff08b6') in 0.003237166 seconds
Number of updated asset objects reloaded before import = 0Number of asset objects unloaded after import = 2

========================================================================
Received Import Request.
  Time since last request: 0.000023 seconds.
  path: Assets/Sci-Fi Styled Modular Pack/Materials/glass.mat
  artifactKey: Guid(2ce01831e9f3ae441bb48623e5fbe0c0) Importer(2089858483,b0f066a214c2f5e87bad3c948f4d605d)
Start importing Assets/Sci-Fi Styled Modular Pack/Materials/glass.mat using Guid(2ce01831e9f3ae441bb48623e5fbe0c0) Importer(2089858483,b0f066a214c2f5e87bad3c948f4d605d) (ScriptedImporter) -> (artifact id: '30f0ff4e4ee8a70cfe8efa40f2ec785b') in 0.002392292 seconds
Number of updated asset objects reloaded before import = 0Number of asset objects unloaded after import = 1

========================================================================
Received Import Request.
  Time since last request: 0.000040 seconds.
  path: Assets/Sci-Fi Styled Modular Pack/Materials/blue emission.mat
  artifactKey: Guid(5476ae29e2e50194abce19e5cacce575) Importer(2089858483,b0f066a214c2f5e87bad3c948f4d605d)
Start importing Assets/Sci-Fi Styled Modular Pack/Materials/blue emission.mat using Guid(5476ae29e2e50194abce19e5cacce575) Importer(2089858483,b0f066a214c2f5e87bad3c948f4d605d) (ScriptedImporter) -> (artifact id: 'd43fefbd86130c9263c0b786660bd1fa') in 0.002488 seconds
Number of updated asset objects reloaded before import = 0Number of asset objects unloaded after import = 1

========================================================================
Received Import Request.
  Time since last request: 0.000043 seconds.
  path: Assets/Sci-Fi Styled Modular Pack/Materials/nature_root.mat
  artifactKey: Guid(00fc27719fc29924b9a34aab914dc83a) Importer(2089858483,b0f066a214c2f5e87bad3c948f4d605d)
Start importing Assets/Sci-Fi Styled Modular Pack/Materials/nature_root.mat using Guid(00fc27719fc29924b9a34aab914dc83a) Importer(2089858483,b0f066a214c2f5e87bad3c948f4d605d) (ScriptedImporter) -> (artifact id: '186a52600cc54250183b68e063735db5') in 0.002277208 seconds
Number of updated asset objects reloaded before import = 0Number of asset objects unloaded after import = 1

========================================================================
Received Import Request.
  Time since last request: 0.000082 seconds.
  path: Assets/Sci-Fi Styled Modular Pack/Materials/comuter_wall.mat
  artifactKey: Guid(0d0f1f087865a1c47826008280428fdf) Importer(2089858483,b0f066a214c2f5e87bad3c948f4d605d)
Start importing Assets/Sci-Fi Styled Modular Pack/Materials/comuter_wall.mat using Guid(0d0f1f087865a1c47826008280428fdf) Importer(2089858483,b0f066a214c2f5e87bad3c948f4d605d) (ScriptedImporter) -> (artifact id: 'ff96a81d8ed8438e1bf0d8ff2bb83c8a') in 0.004705959 seconds
Number of updated asset objects reloaded before import = 0Number of asset objects unloaded after import = 3

========================================================================
Received Import Request.
  Time since last request: 0.000032 seconds.
  path: Assets/Sci-Fi Styled Modular Pack/Materials/white emision.mat
  artifactKey: Guid(6b6dfd77776c54a4781ec8cab4d87860) Importer(2089858483,b0f066a214c2f5e87bad3c948f4d605d)
Start importing Assets/Sci-Fi Styled Modular Pack/Materials/white emision.mat using Guid(6b6dfd77776c54a4781ec8cab4d87860) Importer(2089858483,b0f066a214c2f5e87bad3c948f4d605d) (ScriptedImporter) -> (artifact id: 'c6fb0004051cd61f23b3b5fec61b5061') in 0.002417333 seconds
Number of updated asset objects reloaded before import = 0Number of asset objects unloaded after import = 1

========================================================================
Received Import Request.
  Time since last request: 0.000042 seconds.
  path: Assets/Sci-Fi Styled Modular Pack/Materials/nature_ground.mat
  artifactKey: Guid(71c78677fdc08394da7fd716fb41a991) Importer(2089858483,b0f066a214c2f5e87bad3c948f4d605d)
Start importing Assets/Sci-Fi Styled Modular Pack/Materials/nature_ground.mat using Guid(71c78677fdc08394da7fd716fb41a991) Importer(2089858483,b0f066a214c2f5e87bad3c948f4d605d) (ScriptedImporter) -> (artifact id: '8bb8b12fc2e25c8171b047a066ceb67e') in 0.002557709 seconds
Number of updated asset objects reloaded before import = 0Number of asset objects unloaded after import = 1

