Unity Editor version:    6000.3.13f1 (8c4f11e4fb20)
Branch:                  6000.3/staging
Build type:              Release
Batch mode:              YES
macOS version:           Version 26.6.2 (Build 25G83)
Darwin version:          25.6.0
Architecture:            arm64
Running under Rosetta:   NO
Available memory:        24576 MB
Date:                    2026-09-19T15:56:58Z
[Licensing::Module] Trying to connect to existing licensing client channel...
[Licensing::IpcConnector] Successfully connected to: "LicenseClient-riddh" at "2026-09-19T15:56:58.108695Z"

COMMAND LINE ARGUMENTS:
/Applications/Unity/Hub/Editor/6000.3.13f1/Unity.app/Contents/MacOS/Unity
-adb2
-batchMode
-noUpm
-name
AssetImportWorker2
-projectPath
/Users/riddh/Unity Projects/Ink Bound
-logFile
Logs/AssetImportWorker2.log
-srvPort
54896
-licensingIpc
LicenseClient-riddh
-job-worker-count
5
-background-job-worker-count
8
-gc-helper-count
1
-name AssetImport
Successfully changed project path to: /Users/riddh/Unity Projects/Ink Bound
/Users/riddh/Unity Projects/Ink Bound
[UnityMemory] Configuration Parameters - Can be set up in boot.config
    "memorysetup-allocator-temp-initial-block-size-main=262144"
    "memorysetup-allocator-temp-initial-block-size-worker=262144"
    "memorysetup-temp-allocator-size-background-worker=32768"
    "memorysetup-temp-allocator-size-job-worker=262144"
    "memorysetup-temp-allocator-size-preload-manager=33554432"
    "memorysetup-temp-allocator-size-nav-mesh-worker=65536"
    "memorysetup-temp-allocator-size-audio-worker=65536"
    "memorysetup-temp-allocator-size-cloud-worker=32768"
    "memorysetup-bucket-allocator-granularity=16"
    "memorysetup-bucket-allocator-bucket-count=8"
    "memorysetup-bucket-allocator-block-size=33554432"
    "memorysetup-bucket-allocator-block-count=8"
    "memorysetup-main-allocator-block-size=16777216"
    "memorysetup-thread-allocator-block-size=16777216"
    "memorysetup-gfx-main-allocator-block-size=16777216"
    "memorysetup-gfx-thread-allocator-block-size=16777216"
    "memorysetup-cache-allocator-block-size=4194304"
    "memorysetup-typetree-allocator-block-size=2097152"
    "memorysetup-profiler-bucket-allocator-granularity=16"
    "memorysetup-profiler-bucket-allocator-bucket-count=8"
    "memorysetup-profiler-bucket-allocator-block-size=33554432"
    "memorysetup-profiler-bucket-allocator-block-count=8"
    "memorysetup-profiler-allocator-block-size=16777216"
    "memorysetup-profiler-editor-allocator-block-size=1048576"
    "memorysetup-temp-allocator-size-main=16777216"
    "memorysetup-job-temp-allocator-block-size=2097152"
    "memorysetup-job-temp-allocator-block-size-background=1048576"
    "memorysetup-job-temp-allocator-reduction-small-platforms=262144"
    "memorysetup-temp-allocator-size-gi-baking-worker=262144"
    "memorysetup-temp-allocator-size-gi-baking-worker=262144"
    "memorysetup-temp-allocator-size-gi-baking-worker=262144"
    "memorysetup-temp-allocator-size-gi-baking-worker=262144"
    "memorysetup-temp-allocator-size-gi-baking-worker=262144"
    "memorysetup-temp-allocator-size-gfx=262144"
Player connection [8385798528]  Target information:

Player connection [8385798528]  * "[IP] 10.36.199.100 [Port] 0 [Flags] 2 [Guid] 1813765038 [EditorId] 1813765038 [Version] 1048832 [Id] OSXEditor(0,eduroam-campus-10-36-199-100.campus-dynamic.uwaterloo.ca) [Debug] 1 [PackageName] OSXEditor [ProjectName] Editor" 

Player connection [8385798528] Host joined multi-casting on [225.0.0.222:54997]...
Player connection [8385798528] Host joined alternative multi-casting on [225.0.0.222:34997]...
JobSystem: Creating JobQueue using job-worker-count value 5
Input System module state changed to: Initialized.
[Physics::Module] Initialized fallback backend.
[Physics::Module] Id: 0xdecafbad
Library Redirect Path: Library/
[Physics::Module] Selected backend.
[Physics::Module] Name: PhysX
[Physics::Module] Id: 0xf2b8ea05
[Physics::Module] SDK Version: 4.1.2
[Physics::Module] Integration Version: 1.0.0
[Physics::Module] Threading Mode: Multi-Threaded
[Licensing::Module] Licensing is not yet initialized.
[Licensing::Client] Handshaking with LicensingClient:
  Version:                 1.18.3+d7ffd15
  Session Id:              d7ef51fed2b94216825892ab033b9355
  Correlation Id:          f87711e8bee48c96bbd9ffe2d73e16bd
  External correlation Id: 8220061873422230970
  Machine Id:              m3PPNyKNJOb/y4XIuOxqAksc8As=
[Licensing::Module] Successfully connected to LicensingClient on channel: "LicenseClient-riddh" (connect: 0.00s, validation: 0.00s, handshake: 0.63s)
[Licensing::IpcConnector] Successfully connected to: "LicenseClient-riddh-notifications" at "2026-09-19T15:56:58.741762Z"
[Licensing::Module] Licensing Background thread has ended after 0.63s
[Licensing::Module] Licensing is initialized (took 0.41s).
[Licensing::Client] Successfully resolved entitlement details
[Licensing::Module] License group:
  Id: 3574372603868-UnityPersXXXX
  Product: Unity Personal
  Type: Assigned
  Expiration: Unlimited
Refreshing native plugins compatible for Editor in 28.16 ms, found 18 plugins.
Preloading 1 native plugins for Editor in 1.47 ms.
Initialize engine version: 6000.3.13f1 (8c4f11e4fb20)
[Subsystems] Discovering subsystems at path /Applications/Unity/Hub/Editor/6000.3.13f1/Unity.app/Contents/Resources/UnitySubsystems
[Subsystems] Discovering subsystems at path /Users/riddh/Unity Projects/Ink Bound/Assets
GfxDevice: creating device client; kGfxThreadingModeNonThreaded
 preferred device: Apple M4 Pro (high power)
Metal devices available: 1
0: Apple M4 Pro (high power)
Using device Apple M4 Pro (high power)
Initializing Metal device caps: Apple M4 Pro
Mac GPU Family: 2
Apple GPU Family: 9
MSL Version: 3.0
Has Float MSAA: 1
Has Float Filtering: 1
ReadWrite Texture Tier: 2
Shader 'Meta/MRUK/Scene/HighlightsAndShadows': fallback shader 'Off' not found
Shader 'Oculus/OVRMRCameraFrameLit': fallback shader 'Alpha-Diffuse' not found
Initialize mono
Mono path[0] = '/Applications/Unity/Hub/Editor/6000.3.13f1/Unity.app/Contents/Resources/Scripting/Managed'
Mono path[1] = '/Applications/Unity/Hub/Editor/6000.3.13f1/Unity.app/Contents/Resources/Scripting/MonoBleedingEdge/lib/mono/unityjit-macos'
Mono config path = '/Applications/Unity/Hub/Editor/6000.3.13f1/Unity.app/Contents/Resources/Scripting/MonoBleedingEdge/etc'
Using monoOptions --debugger-agent=transport=dt_socket,embedding=1,server=y,suspend=n,address=127.0.0.1:56528
Begin MonoManager ReloadAssembly
Registering precompiled unity dll's ...
Register platform support module: /Applications/Unity/Hub/Editor/6000.3.13f1/Unity.app/Contents/PlaybackEngines/MacStandaloneSupport/UnityEditor.OSXStandalone.Extensions.dll
Register platform support module: /Applications/Unity/Hub/Editor/6000.3.13f1/PlaybackEngines/AndroidPlayer/UnityEditor.Android.Extensions.dll
[Licensing::Client] Successfully resolved entitlement details
Register platform support module: /Applications/Unity/Hub/Editor/6000.3.13f1/PlaybackEngines/iOSSupport/UnityEditor.iOS.Extensions.dll
Registered in 0.000957 seconds.
- Loaded All Assemblies, in  0.223 seconds
[usbmuxd] Start listen thread
[usbmuxd] Listen thread started
[usbmuxd] Send listen message
Native extension for iOS target not found
Native extension for Android target not found
Native extension for OSXStandalone target not found
Package Manager log level set to [2]
[Package Manager] Failed to launch server process. Reason: Unity was launched with the -noUpm command-line argument
[Package Manager] Unable to send message (not connected to server process).
[Package Manager] Cannot connect to Unity Package Manager local server
ScheduleIndexationOnStartup MainProcess:False IndexOnStartup:True
Mono: successfully reloaded assembly
- Finished resetting the current domain, in  0.242 seconds
Domain Reload Profiling: 465ms
	BeginReloadAssembly (69ms)
		ExecutionOrderSort (0ms)
		DisableScriptedObjects (0ms)
		BackupInstance (0ms)
		ReleaseScriptingObjects (0ms)
		CreateAndSetChildDomain (0ms)
	RebuildCommonClasses (19ms)
	RebuildNativeTypeToScriptingClass (7ms)
	initialDomainReloadingComplete (24ms)
	LoadAllAssembliesAndSetupDomain (104ms)
		LoadAssemblies (69ms)
		RebuildTransferFunctionScriptingTraits (0ms)
		AnalyzeDomain (101ms)
			TypeCache.Refresh (100ms)
				TypeCache.ScanAssembly (91ms)
			BuildScriptInfoCaches (0ms)
			ResolveRequiredComponents (0ms)
	FinalizeReload (242ms)
		ReleaseScriptCaches (0ms)
		RebuildScriptCaches (0ms)
		SetupLoadedEditorAssemblies (208ms)
			LogAssemblyErrors (0ms)
			InitializePlatformSupportModulesInManaged (56ms)
			SetLoadedEditorAssemblies (2ms)
			BeforeProcessingInitializeOnLoad (44ms)
			ProcessInitializeOnLoadAttributes (66ms)
			ProcessInitializeOnLoadMethodAttributes (40ms)
			AfterProcessingInitializeOnLoad (0ms)
			EditorAssembliesLoaded (0ms)
		ExecutionOrderSort2 (0ms)
		AwakeInstancesAfterBackupRestoration (0ms)
[CoreBusinessMetrics] Unexpected thread when updating session info.
========================================================================
Worker process is ready to serve import requests
Import Worker Mode flag is 0x00
Begin MonoManager ReloadAssembly
[Licensing::Client] Successfully resolved entitlement details
Symbol file LoadedFromMemory is not a mono symbol file
- Loaded All Assemblies, in  0.573 seconds
Script 'CharacterController' has the same name as built-in Unity component.
AddComponent and GetComponent will not work with this script.
'Packages/com.meta.xr.sdk.core/Editor/RuntimeOptimizer/RuntimeOptimizerNetworking.cs' contains partial class of Unity.Object, exactly 1 of the partial classes needs to be in a file with the same filename. This is to know the one that can be referenced from ie. GameObjects
'Packages/com.meta.xr.sdk.core/Editor/BuildingBlocks/BlocksWindow.cs' contains partial class of Unity.Object, exactly 1 of the partial classes needs to be in a file with the same filename. This is to know the one that can be referenced from ie. GameObjects
'Packages/com.meta.xr.sdk.core/Editor/RuntimeOptimizer/RuntimeOptimizerStyles.cs' contains partial class of Unity.Object, exactly 1 of the partial classes needs to be in a file with the same filename. This is to know the one that can be referenced from ie. GameObjects
'Packages/com.meta.xr.sdk.core/Editor/RuntimeOptimizer/RuntimeOptimizer.cs' contains partial class of Unity.Object, exactly 1 of the partial classes needs to be in a file with the same filename. This is to know the one that can be referenced from ie. GameObjects
'Packages/com.meta.xr.sdk.core/Editor/BuildingBlocks/BlocksWindowDetailsExtension.cs' contains partial class of Unity.Object, exactly 1 of the partial classes needs to be in a file with the same filename. This is to know the one that can be referenced from ie. GameObjects
'Packages/com.meta.xr.sdk.core/Editor/BuildingBlocks/BlocksWindowCollectionsPageExtension.cs' contains partial class of Unity.Object, exactly 1 of the partial classes needs to be in a file with the same filename. This is to know the one that can be referenced from ie. GameObjects
Refreshing native plugins compatible for Editor in 3.87 ms, found 18 plugins.
Native extension for iOS target not found
Native extension for Android target not found
Native extension for OSXStandalone target not found
[Package Manager] Failed to launch server process. Reason: Unity was launched with the -noUpm command-line argument
[Package Manager] Unable to send message (not connected to server process).
[Package Manager] Cannot connect to Unity Package Manager local server
Refreshing native plugins compatible for Editor in 3.20 ms, found 18 plugins.
I0919 11:57:00.868012 530359 OVRTelemetry.cpp:57] Telemetry_Init: calling startSession with engineName=Unity, pluginVersion=1.205.0
I0919 11:57:00.880977 530359 OVRTelemetry.cpp:61] Telemetry_Init: startSession completed successfully
[Package Manager] Failed to launch server process. Reason: Unity was launched with the -noUpm command-line argument
[Package Manager] Unable to send message (not connected to server process).
[Package Manager] Cannot connect to Unity Package Manager local server
[Package Manager] Failed to launch server process. Reason: Unity was launched with the -noUpm command-line argument
[Package Manager] Unable to send message (not connected to server process).
[Package Manager] Cannot connect to Unity Package Manager local server
[Package Manager] Failed to launch server process. Reason: Unity was launched with the -noUpm command-line argument
[Package Manager] Unable to send message (not connected to server process).
[Package Manager] Cannot connect to Unity Package Manager local server
ScheduleIndexationOnStartup MainProcess:False IndexOnStartup:True
Mono: successfully reloaded assembly
[Package Manager] Failed to launch server process. Reason: Unity was launched with the -noUpm command-line argument
[Package Manager] Unable to send message (not connected to server process).
[Package Manager] Cannot connect to Unity Package Manager local server
[Package Manager] Failed to launch server process. Reason: Unity was launched with the -noUpm command-line argument
[Package Manager] Unable to send message (not connected to server process).
[Package Manager] Cannot connect to Unity Package Manager local server
- Finished resetting the current domain, in  0.769 seconds
Domain Reload Profiling: 1342ms
	BeginReloadAssembly (63ms)
		ExecutionOrderSort (0ms)
		DisableScriptedObjects (2ms)
		BackupInstance (0ms)
		ReleaseScriptingObjects (0ms)
		CreateAndSetChildDomain (13ms)
	RebuildCommonClasses (21ms)
	RebuildNativeTypeToScriptingClass (7ms)
	initialDomainReloadingComplete (17ms)
	LoadAllAssembliesAndSetupDomain (465ms)
		LoadAssemblies (278ms)
		RebuildTransferFunctionScriptingTraits (0ms)
		AnalyzeDomain (213ms)
			TypeCache.Refresh (151ms)
				TypeCache.ScanAssembly (132ms)
			BuildScriptInfoCaches (48ms)
			ResolveRequiredComponents (11ms)
	FinalizeReload (769ms)
		ReleaseScriptCaches (0ms)
		RebuildScriptCaches (0ms)
		SetupLoadedEditorAssemblies (653ms)
			LogAssemblyErrors (0ms)
			InitializePlatformSupportModulesInManaged (8ms)
			SetLoadedEditorAssemblies (4ms)
			BeforeProcessingInitializeOnLoad (92ms)
			ProcessInitializeOnLoadAttributes (449ms)
			ProcessInitializeOnLoadMethodAttributes (99ms)
			AfterProcessingInitializeOnLoad (1ms)
			EditorAssembliesLoaded (0ms)
		ExecutionOrderSort2 (0ms)
		AwakeInstancesAfterBackupRestoration (1ms)
WARNING: Shader Unsupported: 'Universal Render Pipeline/VR/SpatialMapping/Wireframe' - All subshaders removed
WARNING: Shader Did you use #pragma only_renderers and omit this platform?
WARNING: Shader If subshaders removal was intentional, you may have forgotten turning Fallback off?
WARNING: Shader Unsupported: 'Universal Render Pipeline/VR/SpatialMapping/Wireframe' - All subshaders removed
WARNING: Shader Did you use #pragma only_renderers and omit this platform?
WARNING: Shader If subshaders removal was intentional, you may have forgotten turning Fallback off?
Shader 'Meta/MRUK/Scene/HighlightsAndShadows': fallback shader 'Off' not found
Shader 'Oculus/OVRMRCameraFrameLit': fallback shader 'Alpha-Diffuse' not found
[OVRPlugin][INFO] UnityPluginLoad called

Launching external process: /Applications/Unity/Hub/Editor/6000.3.13f1/Unity.app/Contents/Helpers/UnityShaderCompiler
Launched and connected shader compiler UnityShaderCompiler after 0.02 seconds
Refreshing native plugins compatible for Editor in 4.18 ms, found 18 plugins.
Preloading 1 native plugins for Editor in 0.33 ms.
Unloading 22 Unused Serialized files (Serialized files now loaded: 0)
Unloading 10040 unused Assets / (4.9 MB). Loaded Objects now: 10919.
Memory consumption went from 176.6 MB to 171.7 MB.
Total: 11.473417 ms (FindLiveObjects: 0.933334 ms CreateObjectMapping: 0.232875 ms MarkObjects: 8.332875 ms  DeleteObjects: 1.973916 ms)

========================================================================
Received Import Request.
  Time since last request: 26314.763771 seconds.
  path: Assets/Resources/ImmersiveDebuggerSettings.asset
  artifactKey: Guid(b60a9d3e509364d18a2468838c65bd89) Importer(2089858483,b0f066a214c2f5e87bad3c948f4d605d)
Start importing Assets/Resources/ImmersiveDebuggerSettings.asset using Guid(b60a9d3e509364d18a2468838c65bd89) Importer(2089858483,b0f066a214c2f5e87bad3c948f4d605d) (ScriptedImporter) -> (artifact id: 'd4fd1187bfa00d6fa49d773ff5784571') in 0.036965083 seconds
Number of updated asset objects reloaded before import = 0Number of asset objects unloaded after import = 1

========================================================================
Received Import Request.
  Time since last request: 0.000046 seconds.
  path: Assets/XR/Loaders/OpenXRLoader.asset
  artifactKey: Guid(18c510949fef74dc3af7b1b1d13d1339) Importer(2089858483,b0f066a214c2f5e87bad3c948f4d605d)
Start importing Assets/XR/Loaders/OpenXRLoader.asset using Guid(18c510949fef74dc3af7b1b1d13d1339) Importer(2089858483,b0f066a214c2f5e87bad3c948f4d605d) (ScriptedImporter) -> (artifact id: 'a63528cbe462fafebab9d8e73f8939b3') in 0.002568417 seconds
Number of updated asset objects reloaded before import = 0Number of asset objects unloaded after import = 1

========================================================================
Received Import Request.
  Time since last request: 0.000041 seconds.
  path: Assets/Plugins
  artifactKey: Guid(f95f991e8b6f04e529d97f9ef53c47c3) Importer(2089858483,b0f066a214c2f5e87bad3c948f4d605d)
Start importing Assets/Plugins using Guid(f95f991e8b6f04e529d97f9ef53c47c3) Importer(2089858483,b0f066a214c2f5e87bad3c948f4d605d) (ScriptedImporter) -> (artifact id: '695533084c32cd7588468c1584c1c663') in 0.001311875 seconds
Number of updated asset objects reloaded before import = 0Number of asset objects unloaded after import = 1

========================================================================
Received Import Request.
  Time since last request: 0.000040 seconds.
  path: Assets/XR/Settings/OpenXR Package Settings.asset
  artifactKey: Guid(7a8632832d66a4c08a28fd564ca49411) Importer(2089858483,b0f066a214c2f5e87bad3c948f4d605d)
Start importing Assets/XR/Settings/OpenXR Package Settings.asset using Guid(7a8632832d66a4c08a28fd564ca49411) Importer(2089858483,b0f066a214c2f5e87bad3c948f4d605d) (ScriptedImporter) -> (artifact id: 'b1f233ea95b50e1b00c9c6f84276a0a5') in 0.02283625 seconds
Number of updated asset objects reloaded before import = 0Number of asset objects unloaded after import = 1

========================================================================
Received Import Request.
  Time since last request: 0.000039 seconds.
  path: Assets/Resources/InputActions.asset
  artifactKey: Guid(5a78aeb88af864393ba6f476b2768623) Importer(2089858483,b0f066a214c2f5e87bad3c948f4d605d)
Start importing Assets/Resources/InputActions.asset using Guid(5a78aeb88af864393ba6f476b2768623) Importer(2089858483,b0f066a214c2f5e87bad3c948f4d605d) (ScriptedImporter) -> (artifact id: '84c957fd0b477d3784834af28aab818f') in 0.001957459 seconds
Number of updated asset objects reloaded before import = 0Number of asset objects unloaded after import = 1

========================================================================
Received Import Request.
  Time since last request: 0.000052 seconds.
  path: Assets/Settings/Mobile_RPAsset.asset
  artifactKey: Guid(5e6cbd92db86f4b18aec3ed561671858) Importer(2089858483,b0f066a214c2f5e87bad3c948f4d605d)
Start importing Assets/Settings/Mobile_RPAsset.asset using Guid(5e6cbd92db86f4b18aec3ed561671858) Importer(2089858483,b0f066a214c2f5e87bad3c948f4d605d) (ScriptedImporter) -> (artifact id: 'eeff7052b4c26a96ed2b5d847fb4aec1') in 0.021422334 seconds
Number of updated asset objects reloaded before import = 0Number of asset objects unloaded after import = 2

========================================================================
Received Import Request.
  Time since last request: 66.342154 seconds.
  path: Assets/Sci-Fi Styled Modular Pack/Models/decorative_wall_4_computer_LOD1.fbx
  artifactKey: Guid(c23fae69e42c1a844878231b997a2c88) Importer(2089858483,b0f066a214c2f5e87bad3c948f4d605d)
Start importing Assets/Sci-Fi Styled Modular Pack/Models/decorative_wall_4_computer_LOD1.fbx using Guid(c23fae69e42c1a844878231b997a2c88) Importer(2089858483,b0f066a214c2f5e87bad3c948f4d605d) (ScriptedImporter) -> (artifact id: 'cb82fac2765aa3cc95ff424f4285e6ff') in 0.034057417 seconds
Number of updated asset objects reloaded before import = 0Number of asset objects unloaded after import = 11

========================================================================
Received Import Request.
  Time since last request: 0.000049 seconds.
  path: Assets/Sci-Fi Styled Modular Pack/Textures/black-color.png
  artifactKey: Guid(d35a86981ce0835469c36ee0215785b3) Importer(2089858483,b0f066a214c2f5e87bad3c948f4d605d)
Start importing Assets/Sci-Fi Styled Modular Pack/Textures/black-color.png using Guid(d35a86981ce0835469c36ee0215785b3) Importer(2089858483,b0f066a214c2f5e87bad3c948f4d605d) (ScriptedImporter)[Licensing::Client] Successfully resolved entitlement details
[Licensing::Client] Successfully resolved entitlement details
 -> (artifact id: '6a8fdf77c07b29d6605dd979b54d429e') in 0.017681791 seconds
Number of updated asset objects reloaded before import = 0Number of asset objects unloaded after import = 1

========================================================================
Received Import Request.
  Time since last request: 0.000045 seconds.
  path: Assets/Sci-Fi Styled Modular Pack/Animations/door_1_closed.anim
  artifactKey: Guid(6ffa4ee6d76e25345ba3ecf24d9ace90) Importer(2089858483,b0f066a214c2f5e87bad3c948f4d605d)
Start importing Assets/Sci-Fi Styled Modular Pack/Animations/door_1_closed.anim using Guid(6ffa4ee6d76e25345ba3ecf24d9ace90) Importer(2089858483,b0f066a214c2f5e87bad3c948f4d605d) (ScriptedImporter) -> (artifact id: 'd6037f7b0ecee79dd909b5f09f2c7572') in 0.007028333 seconds
Number of updated asset objects reloaded before import = 0Number of asset objects unloaded after import = 1

========================================================================
Received Import Request.
  Time since last request: 0.000039 seconds.
  path: Assets/Sci-Fi Styled Modular Pack/Prefabs/Windows/window_big.prefab
  artifactKey: Guid(20373c6cd77ef3840af30d9c058fbee7) Importer(2089858483,b0f066a214c2f5e87bad3c948f4d605d)
Start importing Assets/Sci-Fi Styled Modular Pack/Prefabs/Windows/window_big.prefab using Guid(20373c6cd77ef3840af30d9c058fbee7) Importer(2089858483,b0f066a214c2f5e87bad3c948f4d605d) (ScriptedImporter) -> (artifact id: '3277b601cdfa531e6e067f7625a0458b') in 0.008227375 seconds
Number of updated asset objects reloaded before import = 0Number of asset objects unloaded after import = 17

========================================================================
Received Import Request.
  Time since last request: 0.000056 seconds.
  path: Assets/Sci-Fi Styled Modular Pack/Models/decorative_wall_1_LOD1.fbx
  artifactKey: Guid(0eb978c8eaeb00e4882ac2cf4e1ab020) Importer(2089858483,b0f066a214c2f5e87bad3c948f4d605d)
Start importing Assets/Sci-Fi Styled Modular Pack/Models/decorative_wall_1_LOD1.fbx using Guid(0eb978c8eaeb00e4882ac2cf4e1ab020) Importer(2089858483,b0f066a214c2f5e87bad3c948f4d605d) (ScriptedImporter) -> (artifact id: '7a47a3fd5ee48f401a1606162f3b14ae') in 0.004001375 seconds
Number of updated asset objects reloaded before import = 0Number of asset objects unloaded after import = 8

========================================================================
Received Import Request.
  Time since last request: 0.000055 seconds.
  path: Assets/Sci-Fi Styled Modular Pack/Prefabs/Doors/door_1.prefab
  artifactKey: Guid(ea798cfb4939d4441b95d1bd39d0767f) Importer(2089858483,b0f066a214c2f5e87bad3c948f4d605d)
Start importing Assets/Sci-Fi Styled Modular Pack/Prefabs/Doors/door_1.prefab using Guid(ea798cfb4939d4441b95d1bd39d0767f) Importer(2089858483,b0f066a214c2f5e87bad3c948f4d605d) (ScriptedImporter) -> (artifact id: '411b4e8754d834c9f9d93abcb545667a') in 0.00564275 seconds
Number of updated asset objects reloaded before import = 0Number of asset objects unloaded after import = 37

========================================================================
Received Import Request.
  Time since last request: 0.000043 seconds.
  path: Assets/Sci-Fi Styled Modular Pack/Textures/hologram texture.png
  artifactKey: Guid(298751e2d47c6fc4dabd5e865463c5f5) Importer(2089858483,b0f066a214c2f5e87bad3c948f4d605d)
Start importing Assets/Sci-Fi Styled Modular Pack/Textures/hologram texture.png using Guid(298751e2d47c6fc4dabd5e865463c5f5) Importer(2089858483,b0f066a214c2f5e87bad3c948f4d605d) (ScriptedImporter) -> (artifact id: 'b9f6ca3c43934b00bcfc5ed3f249398a') in 0.003303708 seconds
Number of updated asset objects reloaded before import = 0Number of asset objects unloaded after import = 1

========================================================================
Received Import Request.
  Time since last request: 0.000032 seconds.
  path: Assets/Sci-Fi Styled Modular Pack/Prefabs/Machines/rotor.prefab
  artifactKey: Guid(cd918f355f278d740a893b9a8b49a85c) Importer(2089858483,b0f066a214c2f5e87bad3c948f4d605d)
Start importing Assets/Sci-Fi Styled Modular Pack/Prefabs/Machines/rotor.prefab using Guid(cd918f355f278d740a893b9a8b49a85c) Importer(2089858483,b0f066a214c2f5e87bad3c948f4d605d) (ScriptedImporter) -> (artifact id: '3cea0eb3110d8c13a8be0504d0ef8638') in 0.002993125 seconds
Number of updated asset objects reloaded before import = 0Number of asset objects unloaded after import = 9

========================================================================
Received Import Request.
  Time since last request: 0.000065 seconds.
  path: Assets/Sci-Fi Styled Modular Pack/Prefabs/Decorative elements/Tables/decorative_table_no_glass_only_top.prefab
  artifactKey: Guid(699db2b0a61aefe44b1da8ec52e44bcf) Importer(2089858483,b0f066a214c2f5e87bad3c948f4d605d)
Start importing Assets/Sci-Fi Styled Modular Pack/Prefabs/Decorative elements/Tables/decorative_table_no_glass_only_top.prefab using Guid(699db2b0a61aefe44b1da8ec52e44bcf) Importer(2089858483,b0f066a214c2f5e87bad3c948f4d605d) (ScriptedImporter) -> (artifact id: '7d9a2f1cf28b4a3f122dc46a0d9f6d7c') in 0.002991958 seconds
Number of updated asset objects reloaded before import = 0Number of asset objects unloaded after import = 9

========================================================================
Received Import Request.
  Time since last request: 0.000042 seconds.
  path: Assets/Sci-Fi Styled Modular Pack/Models/decorative_half_wall_4_LOD0.fbx
  artifactKey: Guid(8cfadfd6f24381943ba7c84b556d77c5) Importer(2089858483,b0f066a214c2f5e87bad3c948f4d605d)
Start importing Assets/Sci-Fi Styled Modular Pack/Models/decorative_half_wall_4_LOD0.fbx using Guid(8cfadfd6f24381943ba7c84b556d77c5) Importer(2089858483,b0f066a214c2f5e87bad3c948f4d605d) (ScriptedImporter) -> (artifact id: 'd1d6420a61cd7d268563bdc4221fbc22') in 0.004007959 seconds
Number of updated asset objects reloaded before import = 0Number of asset objects unloaded after import = 10

========================================================================
Received Import Request.
  Time since last request: 0.000035 seconds.
  path: Assets/Sci-Fi Styled Modular Pack/Models/decorative_plant_small.fbx
  artifactKey: Guid(ee525e307c7e23c449adda79b8029a44) Importer(2089858483,b0f066a214c2f5e87bad3c948f4d605d)
Start importing Assets/Sci-Fi Styled Modular Pack/Models/decorative_plant_small.fbx using Guid(ee525e307c7e23c449adda79b8029a44) Importer(2089858483,b0f066a214c2f5e87bad3c948f4d605d) (ScriptedImporter) -> (artifact id: 'd6b4ab99907bac49c3ca88bc348c622d') in 0.004400917 seconds
Number of updated asset objects reloaded before import = 0Number of asset objects unloaded after import = 11

========================================================================
Received Import Request.
  Time since last request: 0.000051 seconds.
  path: Assets/Sci-Fi Styled Modular Pack/Prefabs/Stairs/stairs_small_with_emmision.prefab
  artifactKey: Guid(8da4079fb873f6b458c21ed4e56da94b) Importer(2089858483,b0f066a214c2f5e87bad3c948f4d605d)
Start importing Assets/Sci-Fi Styled Modular Pack/Prefabs/Stairs/stairs_small_with_emmision.prefab using Guid(8da4079fb873f6b458c21ed4e56da94b) Importer(2089858483,b0f066a214c2f5e87bad3c948f4d605d) (ScriptedImporter) -> (artifact id: 'd8b0a6d18f9fe87dce45192659c6f7b7') in 0.00403625 seconds
Number of updated asset objects reloaded before import = 0Number of asset objects unloaded after import = 10

========================================================================
Received Import Request.
  Time since last request: 0.000042 seconds.
  path: Assets/Sci-Fi Styled Modular Pack/Prefabs/Lights/light_corner_1_blue.prefab
  artifactKey: Guid(7b45b788a1417934faed26ad07e2f502) Importer(2089858483,b0f066a214c2f5e87bad3c948f4d605d)
Start importing Assets/Sci-Fi Styled Modular Pack/Prefabs/Lights/light_corner_1_blue.prefab using Guid(7b45b788a1417934faed26ad07e2f502) Importer(2089858483,b0f066a214c2f5e87bad3c948f4d605d) (ScriptedImporter) -> (artifact id: 'a92b52f19765e51412b8da5f19d86e2b') in 0.003187292 seconds
Number of updated asset objects reloaded before import = 0Number of asset objects unloaded after import = 13

========================================================================
Received Import Request.
  Time since last request: 0.000048 seconds.
  path: Assets/Sci-Fi Styled Modular Pack/Materials/Palletes/base color.mat
  artifactKey: Guid(10de6384af0c3b54e8166f9c3f936e88) Importer(2089858483,b0f066a214c2f5e87bad3c948f4d605d)
Start importing Assets/Sci-Fi Styled Modular Pack/Materials/Palletes/base color.mat using Guid(10de6384af0c3b54e8166f9c3f936e88) Importer(2089858483,b0f066a214c2f5e87bad3c948f4d605d) (ScriptedImporter) -> (artifact id: '1429dccd613e89a0886f54d2f68d3806') in 1.033702375 seconds
Number of updated asset objects reloaded before import = 0Number of asset objects unloaded after import = 4

========================================================================
Received Import Request.
  Time since last request: 0.000043 seconds.
  path: Assets/Sci-Fi Styled Modular Pack/Prefabs/Decorative elements/Tables
  artifactKey: Guid(df3bcd11e32c71f479289ea52e404ac1) Importer(2089858483,b0f066a214c2f5e87bad3c948f4d605d)
Start importing Assets/Sci-Fi Styled Modular Pack/Prefabs/Decorative elements/Tables using Guid(df3bcd11e32c71f479289ea52e404ac1) Importer(2089858483,b0f066a214c2f5e87bad3c948f4d605d) (ScriptedImporter) -> (artifact id: 'fed08fa962f01571cb6566e8b4804c75') in 0.001277667 seconds
Number of updated asset objects reloaded before import = 0Number of asset objects unloaded after import = 1

========================================================================
Received Import Request.
  Time since last request: 0.000038 seconds.
  path: Assets/Sci-Fi Styled Modular Pack/Models/sing_small.fbx
  artifactKey: Guid(7364b60afe0462741bed3c6b259737d5) Importer(2089858483,b0f066a214c2f5e87bad3c948f4d605d)
Start importing Assets/Sci-Fi Styled Modular Pack/Models/sing_small.fbx using Guid(7364b60afe0462741bed3c6b259737d5) Importer(2089858483,b0f066a214c2f5e87bad3c948f4d605d) (ScriptedImporter) -> (artifact id: '6b75206f9e042127753f792f212222c1') in 0.003577625 seconds
Number of updated asset objects reloaded before import = 0Number of asset objects unloaded after import = 8

========================================================================
Received Import Request.
  Time since last request: 0.000039 seconds.
  path: Assets/Sci-Fi Styled Modular Pack/Models/decorative_sofa.fbx
  artifactKey: Guid(551227f6a1fa77141aaf53cbb8173ca5) Importer(2089858483,b0f066a214c2f5e87bad3c948f4d605d)
Start importing Assets/Sci-Fi Styled Modular Pack/Models/decorative_sofa.fbx using Guid(551227f6a1fa77141aaf53cbb8173ca5) Importer(2089858483,b0f066a214c2f5e87bad3c948f4d605d) (ScriptedImporter) -> (artifact id: '3e5391eca98d29cc6569c1e437d6cce6') in 0.003792667 seconds
Number of updated asset objects reloaded before import = 0Number of asset objects unloaded after import = 8

========================================================================
Received Import Request.
  Time since last request: 0.000045 seconds.
  path: Assets/Sci-Fi Styled Modular Pack/Materials/projector_warning.mat
  artifactKey: Guid(51d587eafcd13384bafd060c5bc7cb82) Importer(2089858483,b0f066a214c2f5e87bad3c948f4d605d)
Start importing Assets/Sci-Fi Styled Modular Pack/Materials/projector_warning.mat using Guid(51d587eafcd13384bafd060c5bc7cb82) Importer(2089858483,b0f066a214c2f5e87bad3c948f4d605d) (ScriptedImporter) -> (artifact id: '54bb3f9b1e6f3b13044334df93ee741c') in 0.002383542 seconds
Number of updated asset objects reloaded before import = 0Number of asset objects unloaded after import = 2

========================================================================
Received Import Request.
  Time since last request: 0.000040 seconds.
  path: Assets/Sci-Fi Styled Modular Pack/Models/window_big_with_side_LOD0.fbx
  artifactKey: Guid(597afbd1c9ad7654dad0d662a301724c) Importer(2089858483,b0f066a214c2f5e87bad3c948f4d605d)
Start importing Assets/Sci-Fi Styled Modular Pack/Models/window_big_with_side_LOD0.fbx using Guid(597afbd1c9ad7654dad0d662a301724c) Importer(2089858483,b0f066a214c2f5e87bad3c948f4d605d) (ScriptedImporter) -> (artifact id: '371385a2239b87845ae8c678d3df9c43') in 0.004259 seconds
Number of updated asset objects reloaded before import = 0Number of asset objects unloaded after import = 11

========================================================================
Received Import Request.
  Time since last request: 0.000042 seconds.
  path: Assets/Sci-Fi Styled Modular Pack/Models/floor_1_LOD0.fbx
  artifactKey: Guid(2497a48cf43e1554aa0c4feb1c7e9d69) Importer(2089858483,b0f066a214c2f5e87bad3c948f4d605d)
Start importing Assets/Sci-Fi Styled Modular Pack/Models/floor_1_LOD0.fbx using Guid(2497a48cf43e1554aa0c4feb1c7e9d69) Importer(2089858483,b0f066a214c2f5e87bad3c948f4d605d) (ScriptedImporter) -> (artifact id: 'cfc5f693f585b3762f170ddf0d8982fb') in 0.003716375 seconds
Number of updated asset objects reloaded before import = 0Number of asset objects unloaded after import = 9

========================================================================
Received Import Request.
  Time since last request: 0.000050 seconds.
  path: Assets/Sci-Fi Styled Modular Pack/Prefabs/Decorative elements/Tables/table_2.prefab
  artifactKey: Guid(6ffa7d55296318341acf5521f4bbae00) Importer(2089858483,b0f066a214c2f5e87bad3c948f4d605d)
Start importing Assets/Sci-Fi Styled Modular Pack/Prefabs/Decorative elements/Tables/table_2.prefab using Guid(6ffa7d55296318341acf5521f4bbae00) Importer(2089858483,b0f066a214c2f5e87bad3c948f4d605d) (ScriptedImporter) -> (artifact id: '1f286a8abde7deadb0ecc27ac8719416') in 0.003069625 seconds
Number of updated asset objects reloaded before import = 0Number of asset objects unloaded after import = 10

========================================================================
Received Import Request.
  Time since last request: 0.000036 seconds.
  path: Assets/Sci-Fi Styled Modular Pack/Prefabs/Machines/torpedo_docking_station_1_side.prefab
  artifactKey: Guid(9d50504942943bc4db8140046bd7ee95) Importer(2089858483,b0f066a214c2f5e87bad3c948f4d605d)
Start importing Assets/Sci-Fi Styled Modular Pack/Prefabs/Machines/torpedo_docking_station_1_side.prefab using Guid(9d50504942943bc4db8140046bd7ee95) Importer(2089858483,b0f066a214c2f5e87bad3c948f4d605d) (ScriptedImporter) -> (artifact id: '6ffbed4ebe25694bd0bf37d4f51e838e') in 0.004277833 seconds
Number of updated asset objects reloaded before import = 0Number of asset objects unloaded after import = 9

========================================================================
Received Import Request.
  Time since last request: 0.000051 seconds.
  path: Assets/Sci-Fi Styled Modular Pack/Models/window_big_no_side_LOD1.fbx
  artifactKey: Guid(0551fb3b057a56747bbf8578150c8281) Importer(2089858483,b0f066a214c2f5e87bad3c948f4d605d)
Start importing Assets/Sci-Fi Styled Modular Pack/Models/window_big_no_side_LOD1.fbx using Guid(0551fb3b057a56747bbf8578150c8281) Importer(2089858483,b0f066a214c2f5e87bad3c948f4d605d) (ScriptedImporter) -> (artifact id: '4e664924a6c2ffb618af3c785afcd4de') in 0.004005958 seconds
Number of updated asset objects reloaded before import = 0Number of asset objects unloaded after import = 11

========================================================================
Received Import Request.
  Time since last request: 0.000042 seconds.
  path: Assets/Sci-Fi Styled Modular Pack/Prefabs/Windows/window_big_blocker_3.prefab
  artifactKey: Guid(7e2e8028213a4834fa8f2991bdefe708) Importer(2089858483,b0f066a214c2f5e87bad3c948f4d605d)
Start importing Assets/Sci-Fi Styled Modular Pack/Prefabs/Windows/window_big_blocker_3.prefab using Guid(7e2e8028213a4834fa8f2991bdefe708) Importer(2089858483,b0f066a214c2f5e87bad3c948f4d605d) (ScriptedImporter) -> (artifact id: 'a68e4ba7d95f23e3f62784ee507fab09') in 0.003803459 seconds
Number of updated asset objects reloaded before import = 0Number of asset objects unloaded after import = 9

========================================================================
Received Import Request.
  Time since last request: 0.000047 seconds.
  path: Assets/Sci-Fi Styled Modular Pack/Prefabs/Decorative elements/double_bed.prefab
  artifactKey: Guid(4d7b74a926e2914419d3d0bda63ce844) Importer(2089858483,b0f066a214c2f5e87bad3c948f4d605d)
Start importing Assets/Sci-Fi Styled Modular Pack/Prefabs/Decorative elements/double_bed.prefab using Guid(4d7b74a926e2914419d3d0bda63ce844) Importer(2089858483,b0f066a214c2f5e87bad3c948f4d605d) (ScriptedImporter) -> (artifact id: '9bb53715f6888823377788f52aa5df2b') in 0.002906 seconds
Number of updated asset objects reloaded before import = 0Number of asset objects unloaded after import = 9

========================================================================
Received Import Request.
  Time since last request: 0.000021 seconds.
  path: Assets/Sci-Fi Styled Modular Pack/Prefabs/Walls/Simple/blank_wall_B.prefab
  artifactKey: Guid(b613f4d0dd5a33c429d212479c575885) Importer(2089858483,b0f066a214c2f5e87bad3c948f4d605d)
Start importing Assets/Sci-Fi Styled Modular Pack/Prefabs/Walls/Simple/blank_wall_B.prefab using Guid(b613f4d0dd5a33c429d212479c575885) Importer(2089858483,b0f066a214c2f5e87bad3c948f4d605d) (ScriptedImporter) -> (artifact id: 'b3e960e42a2dd517e2bc88a125b2f5b6') in 0.00269575 seconds
Number of updated asset objects reloaded before import = 0Number of asset objects unloaded after import = 9

========================================================================
Received Import Request.
  Time since last request: 0.000041 seconds.
  path: Assets/Sci-Fi Styled Modular Pack/Textures/grey-color.png
  artifactKey: Guid(5293294e5c42df8419dcb5492d2d0744) Importer(2089858483,b0f066a214c2f5e87bad3c948f4d605d)
Start importing Assets/Sci-Fi Styled Modular Pack/Textures/grey-color.png using Guid(5293294e5c42df8419dcb5492d2d0744) Importer(2089858483,b0f066a214c2f5e87bad3c948f4d605d) (ScriptedImporter) -> (artifact id: 'dc969038bdcf0a2b0b964df0314d7ba5') in 0.007983583 seconds
Number of updated asset objects reloaded before import = 0Number of asset objects unloaded after import = 3

========================================================================
Received Import Request.
  Time since last request: 0.000028 seconds.
  path: Assets/Sci-Fi Styled Modular Pack/Models/projector_2.fbx
  artifactKey: Guid(806d243665386404cb481e60e75eb50b) Importer(2089858483,b0f066a214c2f5e87bad3c948f4d605d)
Start importing Assets/Sci-Fi Styled Modular Pack/Models/projector_2.fbx using Guid(806d243665386404cb481e60e75eb50b) Importer(2089858483,b0f066a214c2f5e87bad3c948f4d605d) (ScriptedImporter) -> (artifact id: '50232ef74760f8c46c5dfd8a2ee56a7e') in 0.005106958 seconds
Number of updated asset objects reloaded before import = 0Number of asset objects unloaded after import = 11

========================================================================
Received Import Request.
  Time since last request: 0.000042 seconds.
  path: Assets/Sci-Fi Styled Modular Pack/Materials/nature_leaves.mat
  artifactKey: Guid(5d84bcb5cc458944085f3169d277536d) Importer(2089858483,b0f066a214c2f5e87bad3c948f4d605d)
Start importing Assets/Sci-Fi Styled Modular Pack/Materials/nature_leaves.mat using Guid(5d84bcb5cc458944085f3169d277536d) Importer(2089858483,b0f066a214c2f5e87bad3c948f4d605d) (ScriptedImporter) -> (artifact id: '99010257c33ee1cf309489f3b4aa1aab') in 0.114833791 seconds
Number of updated asset objects reloaded before import = 0Number of asset objects unloaded after import = 2

========================================================================
Received Import Request.
  Time since last request: 0.000050 seconds.
  path: Assets/Sci-Fi Styled Modular Pack/Prefabs/Walls/decorative_wall_1.prefab
  artifactKey: Guid(ef77650fcc7dfd64a8d614922d90c382) Importer(2089858483,b0f066a214c2f5e87bad3c948f4d605d)
Start importing Assets/Sci-Fi Styled Modular Pack/Prefabs/Walls/decorative_wall_1.prefab using Guid(ef77650fcc7dfd64a8d614922d90c382) Importer(2089858483,b0f066a214c2f5e87bad3c948f4d605d) (ScriptedImporter) -> (artifact id: 'a6c117402bb89a28bd7555a9e7a83f86') in 0.002298209 seconds
Number of updated asset objects reloaded before import = 0Number of asset objects unloaded after import = 16

========================================================================
Received Import Request.
  Time since last request: 0.000048 seconds.
  path: Assets/Sci-Fi Styled Modular Pack
  artifactKey: Guid(c852910dc196e4a8e9badc3d2cededff) Importer(2089858483,b0f066a214c2f5e87bad3c948f4d605d)
Start importing Assets/Sci-Fi Styled Modular Pack using Guid(c852910dc196e4a8e9badc3d2cededff) Importer(2089858483,b0f066a214c2f5e87bad3c948f4d605d) (ScriptedImporter) -> (artifact id: '9c0bb17b5199b9f5e7ee05e0f1dcc56a') in 0.001333333 seconds
Number of updated asset objects reloaded before import = 0Number of asset objects unloaded after import = 1

========================================================================
Received Import Request.
  Time since last request: 0.000061 seconds.
  path: Assets/Sci-Fi Styled Modular Pack/Prefabs/Machines/projector_2.prefab
  artifactKey: Guid(b09ac1c0cceeaae479323b022bfe74b1) Importer(2089858483,b0f066a214c2f5e87bad3c948f4d605d)
Start importing Assets/Sci-Fi Styled Modular Pack/Prefabs/Machines/projector_2.prefab using Guid(b09ac1c0cceeaae479323b022bfe74b1) Importer(2089858483,b0f066a214c2f5e87bad3c948f4d605d) (ScriptedImporter) -> (artifact id: 'a73c7a8debb68d83afc2c074a4e3a245') in 0.00320675 seconds
Number of updated asset objects reloaded before import = 0Number of asset objects unloaded after import = 12

========================================================================
Received Import Request.
  Time since last request: 0.000044 seconds.
  path: Assets/Sci-Fi Styled Modular Pack/Models/window_big_with_side_full_offset_LOD0.fbx
  artifactKey: Guid(dec2715a465c13a4fb11430962ea610f) Importer(2089858483,b0f066a214c2f5e87bad3c948f4d605d)
Start importing Assets/Sci-Fi Styled Modular Pack/Models/window_big_with_side_full_offset_LOD0.fbx using Guid(dec2715a465c13a4fb11430962ea610f) Importer(2089858483,b0f066a214c2f5e87bad3c948f4d605d) (ScriptedImporter) -> (artifact id: '37b727bbcbe6d55e23353a711a920808') in 0.003999375 seconds
Number of updated asset objects reloaded before import = 0Number of asset objects unloaded after import = 11

========================================================================
Received Import Request.
  Time since last request: 0.000034 seconds.
  path: Assets/Sci-Fi Styled Modular Pack/Materials/Palletes
  artifactKey: Guid(e7a719f896a935b409fe737d63929cc1) Importer(2089858483,b0f066a214c2f5e87bad3c948f4d605d)
Start importing Assets/Sci-Fi Styled Modular Pack/Materials/Palletes using Guid(e7a719f896a935b409fe737d63929cc1) Importer(2089858483,b0f066a214c2f5e87bad3c948f4d605d) (ScriptedImporter) -> (artifact id: '49864466a984fc93c08e186b56438e6b') in 0.001342041 seconds
Number of updated asset objects reloaded before import = 0Number of asset objects unloaded after import = 1

========================================================================
Received Import Request.
  Time since last request: 0.000042 seconds.
  path: Assets/Sci-Fi Styled Modular Pack/Prefabs/Machines/torpedo.prefab
  artifactKey: Guid(26f7afb3718727245a184c5904ea5cfa) Importer(2089858483,b0f066a214c2f5e87bad3c948f4d605d)
Start importing Assets/Sci-Fi Styled Modular Pack/Prefabs/Machines/torpedo.prefab using Guid(26f7afb3718727245a184c5904ea5cfa) Importer(2089858483,b0f066a214c2f5e87bad3c948f4d605d) (ScriptedImporter) -> (artifact id: '04809c866066d53c33d0fb1a65840860') in 0.002736 seconds
Number of updated asset objects reloaded before import = 0Number of asset objects unloaded after import = 9

========================================================================
Received Import Request.
  Time since last request: 0.000038 seconds.
  path: Assets/Sci-Fi Styled Modular Pack/Models/blank_wall_A.fbx
  artifactKey: Guid(f956c720d66359e44b3d685035075942) Importer(2089858483,b0f066a214c2f5e87bad3c948f4d605d)
Start importing Assets/Sci-Fi Styled Modular Pack/Models/blank_wall_A.fbx using Guid(f956c720d66359e44b3d685035075942) Importer(2089858483,b0f066a214c2f5e87bad3c948f4d605d) (ScriptedImporter) -> (artifact id: '270c5f3364846f016b12e614e8982155') in 0.003583959 seconds
Number of updated asset objects reloaded before import = 0Number of asset objects unloaded after import = 8

========================================================================
Received Import Request.
  Time since last request: 0.000047 seconds.
  path: Assets/Sci-Fi Styled Modular Pack/Models/container_small.fbx
  artifactKey: Guid(13f31c8427fd865429e533cea99b63c2) Importer(2089858483,b0f066a214c2f5e87bad3c948f4d605d)
Start importing Assets/Sci-Fi Styled Modular Pack/Models/container_small.fbx using Guid(13f31c8427fd865429e533cea99b63c2) Importer(2089858483,b0f066a214c2f5e87bad3c948f4d605d) (ScriptedImporter) -> (artifact id: '6396b32ff9bf834dd68b62fc608dcabe') in 0.003655292 seconds
Number of updated asset objects reloaded before import = 0Number of asset objects unloaded after import = 8

========================================================================
Received Import Request.
  Time since last request: 0.000049 seconds.
  path: Assets/Sci-Fi Styled Modular Pack/Models/rotor.fbx
  artifactKey: Guid(ad8c3b0ce9b6cce45ae865d0312ddc0f) Importer(2089858483,b0f066a214c2f5e87bad3c948f4d605d)
Start importing Assets/Sci-Fi Styled Modular Pack/Models/rotor.fbx using Guid(ad8c3b0ce9b6cce45ae865d0312ddc0f) Importer(2089858483,b0f066a214c2f5e87bad3c948f4d605d) (ScriptedImporter) -> (artifact id: '7819d6874c004496adb08b5f964abb38') in 0.003941292 seconds
Number of updated asset objects reloaded before import = 0Number of asset objects unloaded after import = 8

========================================================================
Received Import Request.
  Time since last request: 0.000043 seconds.
  path: Assets/Sci-Fi Styled Modular Pack/Prefabs/Decorative elements/bulletin_board_small.prefab
  artifactKey: Guid(d65adb88fb474aa488e3dca96d9ee071) Importer(2089858483,b0f066a214c2f5e87bad3c948f4d605d)
Start importing Assets/Sci-Fi Styled Modular Pack/Prefabs/Decorative elements/bulletin_board_small.prefab using Guid(d65adb88fb474aa488e3dca96d9ee071) Importer(2089858483,b0f066a214c2f5e87bad3c948f4d605d) (ScriptedImporter) -> (artifact id: 'fb92a5dd3d4349a4c66d1dd34452d7e7') in 0.002743792 seconds
Number of updated asset objects reloaded before import = 0Number of asset objects unloaded after import = 9

========================================================================
Received Import Request.
  Time since last request: 0.000048 seconds.
  path: Assets/Sci-Fi Styled Modular Pack/Prefabs/Machines/Battery_big.prefab
  artifactKey: Guid(77c6276b63956c9439d917f842b9eeb0) Importer(2089858483,b0f066a214c2f5e87bad3c948f4d605d)
Start importing Assets/Sci-Fi Styled Modular Pack/Prefabs/Machines/Battery_big.prefab using Guid(77c6276b63956c9439d917f842b9eeb0) Importer(2089858483,b0f066a214c2f5e87bad3c948f4d605d) (ScriptedImporter) -> (artifact id: '82ef62bc395addc4df4d9811a2dd0228') in 0.004038333 seconds
Number of updated asset objects reloaded before import = 0Number of asset objects unloaded after import = 10

========================================================================
Received Import Request.
  Time since last request: 0.000043 seconds.
  path: Assets/Sci-Fi Styled Modular Pack/Models/stairs_big.fbx
  artifactKey: Guid(1330a94ad5ebc0a4295b698b250f8ce9) Importer(2089858483,b0f066a214c2f5e87bad3c948f4d605d)
Start importing Assets/Sci-Fi Styled Modular Pack/Models/stairs_big.fbx using Guid(1330a94ad5ebc0a4295b698b250f8ce9) Importer(2089858483,b0f066a214c2f5e87bad3c948f4d605d) (ScriptedImporter) -> (artifact id: '95e3a6184510104f2ffefb94cc4114d5') in 0.00348075 seconds
Number of updated asset objects reloaded before import = 0Number of asset objects unloaded after import = 8

========================================================================
Received Import Request.
  Time since last request: 0.000035 seconds.
  path: Assets/Sci-Fi Styled Modular Pack/Animations/door_2_closed.anim
  artifactKey: Guid(5a8fbfd3eccfd4f41ba9083db9763453) Importer(2089858483,b0f066a214c2f5e87bad3c948f4d605d)
Start importing Assets/Sci-Fi Styled Modular Pack/Animations/door_2_closed.anim using Guid(5a8fbfd3eccfd4f41ba9083db9763453) Importer(2089858483,b0f066a214c2f5e87bad3c948f4d605d) (ScriptedImporter) -> (artifact id: '7da4dbe1173cf6798a266f7391d7233a') in 0.002147083 seconds
Number of updated asset objects reloaded before import = 0Number of asset objects unloaded after import = 1

========================================================================
Received Import Request.
  Time since last request: 0.000035 seconds.
  path: Assets/Sci-Fi Styled Modular Pack/Models/art_4.fbx
  artifactKey: Guid(c03a6c397607c84439753a0506e06e04) Importer(2089858483,b0f066a214c2f5e87bad3c948f4d605d)
Start importing Assets/Sci-Fi Styled Modular Pack/Models/art_4.fbx using Guid(c03a6c397607c84439753a0506e06e04) Importer(2089858483,b0f066a214c2f5e87bad3c948f4d605d) (ScriptedImporter) -> (artifact id: 'e1b00c429e9a8e3d636faf93d2a167d8') in 0.003490542 seconds
Number of updated asset objects reloaded before import = 0Number of asset objects unloaded after import = 8

========================================================================
Received Import Request.
  Time since last request: 0.000034 seconds.
  path: Assets/Sci-Fi Styled Modular Pack/Models/blank_wall_C.fbx
  artifactKey: Guid(1f977334a78ed00469d9a6558eecaa3f) Importer(2089858483,b0f066a214c2f5e87bad3c948f4d605d)
Start importing Assets/Sci-Fi Styled Modular Pack/Models/blank_wall_C.fbx using Guid(1f977334a78ed00469d9a6558eecaa3f) Importer(2089858483,b0f066a214c2f5e87bad3c948f4d605d) (ScriptedImporter) -> (artifact id: '703bf011de3fc4e0e244e95ca7f2b7b4') in 0.00368125 seconds
Number of updated asset objects reloaded before import = 0Number of asset objects unloaded after import = 8

========================================================================
Received Import Request.
  Time since last request: 0.000039 seconds.
  path: Assets/Sci-Fi Styled Modular Pack/Prefabs/Floors/floor_2_no_lattice.prefab
  artifactKey: Guid(4e32615977c0a9f4688fa0d66b0a93e5) Importer(2089858483,b0f066a214c2f5e87bad3c948f4d605d)
Start importing Assets/Sci-Fi Styled Modular Pack/Prefabs/Floors/floor_2_no_lattice.prefab using Guid(4e32615977c0a9f4688fa0d66b0a93e5) Importer(2089858483,b0f066a214c2f5e87bad3c948f4d605d) (ScriptedImporter) -> (artifact id: '384923f3c68d9d00deaf760875f64ec7') in 0.002377541 seconds
Number of updated asset objects reloaded before import = 0Number of asset objects unloaded after import = 16

========================================================================
Received Import Request.
  Time since last request: 0.000043 seconds.
  path: Assets/Sci-Fi Styled Modular Pack/Textures/lattice.png
  artifactKey: Guid(26d4d63e94c354a478b2fe05bb112302) Importer(2089858483,b0f066a214c2f5e87bad3c948f4d605d)
Start importing Assets/Sci-Fi Styled Modular Pack/Textures/lattice.png using Guid(26d4d63e94c354a478b2fe05bb112302) Importer(2089858483,b0f066a214c2f5e87bad3c948f4d605d) (ScriptedImporter) -> (artifact id: 'b46b09f982b7348dbcf7d683ce995e47') in 0.003456 seconds
Number of updated asset objects reloaded before import = 0Number of asset objects unloaded after import = 1

========================================================================
Received Import Request.
  Time since last request: 0.000043 seconds.
  path: Assets/Sci-Fi Styled Modular Pack/Animations/frame_door_1.controller
  artifactKey: Guid(959f9ed79bf06c14ab58b6da6302cd84) Importer(2089858483,b0f066a214c2f5e87bad3c948f4d605d)
Start importing Assets/Sci-Fi Styled Modular Pack/Animations/frame_door_1.controller using Guid(959f9ed79bf06c14ab58b6da6302cd84) Importer(2089858483,b0f066a214c2f5e87bad3c948f4d605d) (ScriptedImporter) -> (artifact id: 'f6ff8e9908d4ef341d8ef1f1d8f59a98') in 0.002308292 seconds
Number of updated asset objects reloaded before import = 0Number of asset objects unloaded after import = 14

========================================================================
Received Import Request.
  Time since last request: 0.000040 seconds.
  path: Assets/Sci-Fi Styled Modular Pack/Prefabs/Decorative elements/Arts/art_3.prefab
  artifactKey: Guid(570e2548a8f74734e8a712c7c4f6ab0c) Importer(2089858483,b0f066a214c2f5e87bad3c948f4d605d)
Start importing Assets/Sci-Fi Styled Modular Pack/Prefabs/Decorative elements/Arts/art_3.prefab using Guid(570e2548a8f74734e8a712c7c4f6ab0c) Importer(2089858483,b0f066a214c2f5e87bad3c948f4d605d) (ScriptedImporter) -> (artifact id: 'a485353f3fcb8d817bd72e017edc69c2') in 0.002580875 seconds
Number of updated asset objects reloaded before import = 0Number of asset objects unloaded after import = 10

========================================================================
Received Import Request.
  Time since last request: 0.000052 seconds.
  path: Assets/Sci-Fi Styled Modular Pack/Models/console.fbx
  artifactKey: Guid(7d22befb952c070459bc8f06ba0a5f84) Importer(2089858483,b0f066a214c2f5e87bad3c948f4d605d)
Start importing Assets/Sci-Fi Styled Modular Pack/Models/console.fbx using Guid(7d22befb952c070459bc8f06ba0a5f84) Importer(2089858483,b0f066a214c2f5e87bad3c948f4d605d) (ScriptedImporter) -> (artifact id: 'a22a6a3c14448d46ed9840f53647dbf8') in 0.00323 seconds
Number of updated asset objects reloaded before import = 0Number of asset objects unloaded after import = 9

========================================================================
Received Import Request.
  Time since last request: 0.000036 seconds.
  path: Assets/Sci-Fi Styled Modular Pack/Prefabs/Decorative elements/decorative_plant.prefab
  artifactKey: Guid(83a919b0e630c394780833b59a51ab4f) Importer(2089858483,b0f066a214c2f5e87bad3c948f4d605d)
Start importing Assets/Sci-Fi Styled Modular Pack/Prefabs/Decorative elements/decorative_plant.prefab using Guid(83a919b0e630c394780833b59a51ab4f) Importer(2089858483,b0f066a214c2f5e87bad3c948f4d605d) (ScriptedImporter) -> (artifact id: '15dd32d39340441da74fb7f74fbf95d7') in 0.002943792 seconds
Number of updated asset objects reloaded before import = 0Number of asset objects unloaded after import = 12

========================================================================
Received Import Request.
  Time since last request: 0.000029 seconds.
  path: Assets/Sci-Fi Styled Modular Pack/Models/Cylinder_16_extended.fbx
  artifactKey: Guid(d62ba206d6f3125429f5213d81c32eb0) Importer(2089858483,b0f066a214c2f5e87bad3c948f4d605d)
Start importing Assets/Sci-Fi Styled Modular Pack/Models/Cylinder_16_extended.fbx using Guid(d62ba206d6f3125429f5213d81c32eb0) Importer(2089858483,b0f066a214c2f5e87bad3c948f4d605d) (ScriptedImporter) -> (artifact id: '349dd61c8ba15e8f10821d7c674b3082') in 0.004065958 seconds
Number of updated asset objects reloaded before import = 0Number of asset objects unloaded after import = 8

========================================================================
Received Import Request.
  Time since last request: 0.000040 seconds.
  path: Assets/Sci-Fi Styled Modular Pack/Prefabs/Machines/vending_machine.prefab
  artifactKey: Guid(914595d46f531e44f8b35cd1232a0750) Importer(2089858483,b0f066a214c2f5e87bad3c948f4d605d)
Start importing Assets/Sci-Fi Styled Modular Pack/Prefabs/Machines/vending_machine.prefab using Guid(914595d46f531e44f8b35cd1232a0750) Importer(2089858483,b0f066a214c2f5e87bad3c948f4d605d) (ScriptedImporter) -> (artifact id: '509a8e57bd60c0b57996423bd2ac4297') in 0.002861459 seconds
Number of updated asset objects reloaded before import = 0Number of asset objects unloaded after import = 10

========================================================================
Received Import Request.
  Time since last request: 0.000036 seconds.
  path: Assets/Sci-Fi Styled Modular Pack/Models/window_big_corner_plug.fbx
  artifactKey: Guid(caed8062ac253ed45a27eed6a65cac17) Importer(2089858483,b0f066a214c2f5e87bad3c948f4d605d)
Start importing Assets/Sci-Fi Styled Modular Pack/Models/window_big_corner_plug.fbx using Guid(caed8062ac253ed45a27eed6a65cac17) Importer(2089858483,b0f066a214c2f5e87bad3c948f4d605d) (ScriptedImporter) -> (artifact id: '565ad310bfa8e0e84ab43ca4802a4cc8') in 0.003526417 seconds
Number of updated asset objects reloaded before import = 0Number of asset objects unloaded after import = 8

========================================================================
Received Import Request.
  Time since last request: 0.000029 seconds.
  path: Assets/Sci-Fi Styled Modular Pack/Models/decorative_pilow.fbx
  artifactKey: Guid(dd574b0211f8115498c621597dbe7485) Importer(2089858483,b0f066a214c2f5e87bad3c948f4d605d)
Start importing Assets/Sci-Fi Styled Modular Pack/Models/decorative_pilow.fbx using Guid(dd574b0211f8115498c621597dbe7485) Importer(2089858483,b0f066a214c2f5e87bad3c948f4d605d) (ScriptedImporter) -> (artifact id: 'c125a2a780edf4d30e8dd87a607c76ec') in 0.003337209 seconds
Number of updated asset objects reloaded before import = 0Number of asset objects unloaded after import = 8

========================================================================
Received Import Request.
  Time since last request: 0.000035 seconds.
  path: Assets/Sci-Fi Styled Modular Pack/Models/art_3.fbx
  artifactKey: Guid(3bfbdc734e9c13841add85180e90c4c0) Importer(2089858483,b0f066a214c2f5e87bad3c948f4d605d)
Start importing Assets/Sci-Fi Styled Modular Pack/Models/art_3.fbx using Guid(3bfbdc734e9c13841add85180e90c4c0) Importer(2089858483,b0f066a214c2f5e87bad3c948f4d605d) (ScriptedImporter) -> (artifact id: '1fde9f1ff33a118e33f9b8d0312a118c') in 0.00350675 seconds
Number of updated asset objects reloaded before import = 0Number of asset objects unloaded after import = 8

========================================================================
Received Import Request.
  Time since last request: 0.000037 seconds.
  path: Assets/Sci-Fi Styled Modular Pack/Models/stairs_small_with_emmision.fbx
  artifactKey: Guid(33adaeab20ce0114cb29d69b5324f02d) Importer(2089858483,b0f066a214c2f5e87bad3c948f4d605d)
Start importing Assets/Sci-Fi Styled Modular Pack/Models/stairs_small_with_emmision.fbx using Guid(33adaeab20ce0114cb29d69b5324f02d) Importer(2089858483,b0f066a214c2f5e87bad3c948f4d605d) (ScriptedImporter) -> (artifact id: '4b862704faeff628386cd5d73a81e193') in 0.003706125 seconds
Number of updated asset objects reloaded before import = 0Number of asset objects unloaded after import = 9

========================================================================
Received Import Request.
  Time since last request: 0.000051 seconds.
  path: Assets/Sci-Fi Styled Modular Pack/Prefabs/Corridors/Corridor_3.prefab
  artifactKey: Guid(abfbd13ce6faa9e48ae2b9da1b4dd476) Importer(2089858483,b0f066a214c2f5e87bad3c948f4d605d)
Start importing Assets/Sci-Fi Styled Modular Pack/Prefabs/Corridors/Corridor_3.prefab using Guid(abfbd13ce6faa9e48ae2b9da1b4dd476) Importer(2089858483,b0f066a214c2f5e87bad3c948f4d605d) (ScriptedImporter) -> (artifact id: 'd349f3b2aab06bf1231ba6b341a94cd9') in 0.002716292 seconds
Number of updated asset objects reloaded before import = 0Number of asset objects unloaded after import = 50

========================================================================
Received Import Request.
  Time since last request: 0.000034 seconds.
  path: Assets/Sci-Fi Styled Modular Pack/Prefabs/Windows/Complete Windows/window_big_corner_far.prefab
  artifactKey: Guid(b49fb96050ea0ad4790b0f550fb5f1c6) Importer(2089858483,b0f066a214c2f5e87bad3c948f4d605d)
Start importing Assets/Sci-Fi Styled Modular Pack/Prefabs/Windows/Complete Windows/window_big_corner_far.prefab using Guid(b49fb96050ea0ad4790b0f550fb5f1c6) Importer(2089858483,b0f066a214c2f5e87bad3c948f4d605d) (ScriptedImporter) -> (artifact id: 'a6b1b9378a10ddf37b62e812aa0fea8f') in 0.002191417 seconds
Number of updated asset objects reloaded before import = 0Number of asset objects unloaded after import = 24

========================================================================
Received Import Request.
  Time since last request: 0.000043 seconds.
  path: Assets/Sci-Fi Styled Modular Pack/Prefabs/Walls/Half walls/decorative_half_wall_4_LOD.prefab
  artifactKey: Guid(04109e82c0d966447966dba624e3821b) Importer(2089858483,b0f066a214c2f5e87bad3c948f4d605d)
Start importing Assets/Sci-Fi Styled Modular Pack/Prefabs/Walls/Half walls/decorative_half_wall_4_LOD.prefab using Guid(04109e82c0d966447966dba624e3821b) Importer(2089858483,b0f066a214c2f5e87bad3c948f4d605d) (ScriptedImporter) -> (artifact id: 'c927e125b1ecaf86a5eb7123b33403c6') in 0.002564667 seconds
Number of updated asset objects reloaded before import = 0Number of asset objects unloaded after import = 16

========================================================================
Received Import Request.
  Time since last request: 0.000046 seconds.
  path: Assets/Sci-Fi Styled Modular Pack/Prefabs/Walls/Simple/blank_wall_C.prefab
  artifactKey: Guid(8d76d7bf209da5b44a73507c804295d4) Importer(2089858483,b0f066a214c2f5e87bad3c948f4d605d)
Start importing Assets/Sci-Fi Styled Modular Pack/Prefabs/Walls/Simple/blank_wall_C.prefab using Guid(8d76d7bf209da5b44a73507c804295d4) Importer(2089858483,b0f066a214c2f5e87bad3c948f4d605d) (ScriptedImporter) -> (artifact id: 'db3d4b3f194c02c03ae62216bed9c90e') in 0.002718334 seconds
Number of updated asset objects reloaded before import = 0Number of asset objects unloaded after import = 9

========================================================================
Received Import Request.
  Time since last request: 0.000039 seconds.
  path: Assets/Sci-Fi Styled Modular Pack/Models/Materials/No Name.mat
  artifactKey: Guid(7a58152a38aedc0499250c326bba4d63) Importer(2089858483,b0f066a214c2f5e87bad3c948f4d605d)
Start importing Assets/Sci-Fi Styled Modular Pack/Models/Materials/No Name.mat using Guid(7a58152a38aedc0499250c326bba4d63) Importer(2089858483,b0f066a214c2f5e87bad3c948f4d605d) (ScriptedImporter) -> (artifact id: '5a42c5211015f21f7e4336f19a5fe8c5') in 0.003028583 seconds
Number of updated asset objects reloaded before import = 0Number of asset objects unloaded after import = 1

========================================================================
Received Import Request.
  Time since last request: 0.000032 seconds.
  path: Assets/Sci-Fi Styled Modular Pack/Models/storage_container_small.fbx
  artifactKey: Guid(d6354010388f6a94281a09f8fe9c6790) Importer(2089858483,b0f066a214c2f5e87bad3c948f4d605d)
Start importing Assets/Sci-Fi Styled Modular Pack/Models/storage_container_small.fbx using Guid(d6354010388f6a94281a09f8fe9c6790) Importer(2089858483,b0f066a214c2f5e87bad3c948f4d605d) (ScriptedImporter) -> (artifact id: '967e56c88bb925e748e4d6d6bc9de3cc') in 0.003800125 seconds
Number of updated asset objects reloaded before import = 0Number of asset objects unloaded after import = 8

========================================================================
Received Import Request.
  Time since last request: 0.000039 seconds.
  path: Assets/Sci-Fi Styled Modular Pack/Animations/door_3_open.anim
  artifactKey: Guid(52a0d89872d535546b48d96ddfecd8ac) Importer(2089858483,b0f066a214c2f5e87bad3c948f4d605d)
Start importing Assets/Sci-Fi Styled Modular Pack/Animations/door_3_open.anim using Guid(52a0d89872d535546b48d96ddfecd8ac) Importer(2089858483,b0f066a214c2f5e87bad3c948f4d605d) (ScriptedImporter) -> (artifact id: 'af5abf740ea661d3f4a524f6fb9a591b') in 0.001825625 seconds
Number of updated asset objects reloaded before import = 0Number of asset objects unloaded after import = 1

========================================================================
Received Import Request.
  Time since last request: 0.000037 seconds.
  path: Assets/Sci-Fi Styled Modular Pack/Models/light_corner_1.fbx
  artifactKey: Guid(5e79f218a365d3846940e357c137eb0a) Importer(2089858483,b0f066a214c2f5e87bad3c948f4d605d)
Start importing Assets/Sci-Fi Styled Modular Pack/Models/light_corner_1.fbx using Guid(5e79f218a365d3846940e357c137eb0a) Importer(2089858483,b0f066a214c2f5e87bad3c948f4d605d) (ScriptedImporter) -> (artifact id: '7dcda2d9308463253ca8bbfc74d433d5') in 0.003770125 seconds
Number of updated asset objects reloaded before import = 0Number of asset objects unloaded after import = 9

========================================================================
Received Import Request.
  Time since last request: 0.000032 seconds.
  path: Assets/Sci-Fi Styled Modular Pack/Prefabs/Lights/light_wall_2.prefab
  artifactKey: Guid(8e32be8f06ec06448ac537b609c2d7f7) Importer(2089858483,b0f066a214c2f5e87bad3c948f4d605d)
Start importing Assets/Sci-Fi Styled Modular Pack/Prefabs/Lights/light_wall_2.prefab using Guid(8e32be8f06ec06448ac537b609c2d7f7) Importer(2089858483,b0f066a214c2f5e87bad3c948f4d605d) (ScriptedImporter) -> (artifact id: '0972fb866c297b65ffffff9443c1f301') in 0.002779708 seconds
Number of updated asset objects reloaded before import = 0Number of asset objects unloaded after import = 13

========================================================================
Received Import Request.
  Time since last request: 0.000042 seconds.
  path: Assets/Sci-Fi Styled Modular Pack/Materials
  artifactKey: Guid(cdd317393a892a442866c01c1e103e34) Importer(2089858483,b0f066a214c2f5e87bad3c948f4d605d)
Start importing Assets/Sci-Fi Styled Modular Pack/Materials using Guid(cdd317393a892a442866c01c1e103e34) Importer(2089858483,b0f066a214c2f5e87bad3c948f4d605d) (ScriptedImporter) -> (artifact id: '17148869c0eb86908a55ad3a5d939514') in 0.001305083 seconds
Number of updated asset objects reloaded before import = 0Number of asset objects unloaded after import = 1

========================================================================
Received Import Request.
  Time since last request: 0.000037 seconds.
  path: Assets/Sci-Fi Styled Modular Pack/Models/Sphere_16_extended.fbx
  artifactKey: Guid(5dba31047b3c3764bb959e4b00c99740) Importer(2089858483,b0f066a214c2f5e87bad3c948f4d605d)
Start importing Assets/Sci-Fi Styled Modular Pack/Models/Sphere_16_extended.fbx using Guid(5dba31047b3c3764bb959e4b00c99740) Importer(2089858483,b0f066a214c2f5e87bad3c948f4d605d) (ScriptedImporter) -> (artifact id: 'd8fda3044d25a0d01c5dc40079a26a1c') in 0.003650334 seconds
Number of updated asset objects reloaded before import = 0Number of asset objects unloaded after import = 8

========================================================================
Received Import Request.
  Time since last request: 0.000046 seconds.
  path: Assets/Sci-Fi Styled Modular Pack/Prefabs/Walls/glass_panel_1_corner.prefab
  artifactKey: Guid(8c3a444b099b80643a84476bfefca60d) Importer(2089858483,b0f066a214c2f5e87bad3c948f4d605d)
Start importing Assets/Sci-Fi Styled Modular Pack/Prefabs/Walls/glass_panel_1_corner.prefab using Guid(8c3a444b099b80643a84476bfefca60d) Importer(2089858483,b0f066a214c2f5e87bad3c948f4d605d) (ScriptedImporter) -> (artifact id: '36c328ecb4072a35ad68042179d65288') in 0.003547958 seconds
Number of updated asset objects reloaded before import = 0Number of asset objects unloaded after import = 10

========================================================================
Received Import Request.
  Time since last request: 0.000060 seconds.
  path: Assets/Sci-Fi Styled Modular Pack/Models/window_big_with_side_full.fbx
  artifactKey: Guid(7b44f19fc6bf9f44285a9282209eb7df) Importer(2089858483,b0f066a214c2f5e87bad3c948f4d605d)
Start importing Assets/Sci-Fi Styled Modular Pack/Models/window_big_with_side_full.fbx using Guid(7b44f19fc6bf9f44285a9282209eb7df) Importer(2089858483,b0f066a214c2f5e87bad3c948f4d605d) (ScriptedImporter) -> (artifact id: 'f598d3d2966f2510933c3cbe7292be5e') in 0.003727583 seconds
Number of updated asset objects reloaded before import = 0Number of asset objects unloaded after import = 11

========================================================================
Received Import Request.
  Time since last request: 0.000038 seconds.
  path: Assets/Sci-Fi Styled Modular Pack/Prefabs/Floors/floor_2.prefab
  artifactKey: Guid(6812e31ceb91fc04da03973c6b1054cd) Importer(2089858483,b0f066a214c2f5e87bad3c948f4d605d)
Start importing Assets/Sci-Fi Styled Modular Pack/Prefabs/Floors/floor_2.prefab using Guid(6812e31ceb91fc04da03973c6b1054cd) Importer(2089858483,b0f066a214c2f5e87bad3c948f4d605d) (ScriptedImporter) -> (artifact id: 'e86c47018f64bf8ee088c64814912786') in 0.00220275 seconds
Number of updated asset objects reloaded before import = 0Number of asset objects unloaded after import = 16

========================================================================
Received Import Request.
  Time since last request: 0.000041 seconds.
  path: Assets/Sci-Fi Styled Modular Pack/Animations/door_3_closed.anim
  artifactKey: Guid(1948dd3bac0047c4ba0374ece525fdb6) Importer(2089858483,b0f066a214c2f5e87bad3c948f4d605d)
Start importing Assets/Sci-Fi Styled Modular Pack/Animations/door_3_closed.anim using Guid(1948dd3bac0047c4ba0374ece525fdb6) Importer(2089858483,b0f066a214c2f5e87bad3c948f4d605d) (ScriptedImporter) -> (artifact id: '191c4c1baf17ed7b243cd15eaa36ecea') in 0.00194675 seconds
Number of updated asset objects reloaded before import = 0Number of asset objects unloaded after import = 1

========================================================================
Received Import Request.
  Time since last request: 0.000037 seconds.
  path: Assets/Sci-Fi Styled Modular Pack/Textures/window_big.png
  artifactKey: Guid(52f89a41c5c9f1b4280ba2133f0bf7b0) Importer(2089858483,b0f066a214c2f5e87bad3c948f4d605d)
Start importing Assets/Sci-Fi Styled Modular Pack/Textures/window_big.png using Guid(52f89a41c5c9f1b4280ba2133f0bf7b0) Importer(2089858483,b0f066a214c2f5e87bad3c948f4d605d) (ScriptedImporter) -> (artifact id: '298735b8669d387f64d4dabbcb6d72e5') in 0.00435025 seconds
Number of updated asset objects reloaded before import = 0Number of asset objects unloaded after import = 3

========================================================================
Received Import Request.
  Time since last request: 0.000045 seconds.
  path: Assets/Sci-Fi Styled Modular Pack/Prefabs/Decorative elements/sing_small.prefab
  artifactKey: Guid(fc67be85f7a8a16448d922881910dcf0) Importer(2089858483,b0f066a214c2f5e87bad3c948f4d605d)
Start importing Assets/Sci-Fi Styled Modular Pack/Prefabs/Decorative elements/sing_small.prefab using Guid(fc67be85f7a8a16448d922881910dcf0) Importer(2089858483,b0f066a214c2f5e87bad3c948f4d605d) (ScriptedImporter) -> (artifact id: '5516d9b7ce02b831157d143f61ce9316') in 0.003552709 seconds
Number of updated asset objects reloaded before import = 0Number of asset objects unloaded after import = 9

========================================================================
Received Import Request.
  Time since last request: 0.000040 seconds.
  path: Assets/Sci-Fi Styled Modular Pack/Prefabs/Decorative elements/decorative_plant_desk.prefab
  artifactKey: Guid(7dd02c12b2c21ff49aa148934b3c1395) Importer(2089858483,b0f066a214c2f5e87bad3c948f4d605d)
Start importing Assets/Sci-Fi Styled Modular Pack/Prefabs/Decorative elements/decorative_plant_desk.prefab using Guid(7dd02c12b2c21ff49aa148934b3c1395) Importer(2089858483,b0f066a214c2f5e87bad3c948f4d605d) (ScriptedImporter) -> (artifact id: '3e2433fbf2a7d50693f57b7c50ac50fb') in 0.003041667 seconds
Number of updated asset objects reloaded before import = 0Number of asset objects unloaded after import = 12

========================================================================
Received Import Request.
  Time since last request: 0.000041 seconds.
  path: Assets/Sci-Fi Styled Modular Pack/Prefabs/Windows/window_big_corner.prefab
  artifactKey: Guid(b3ba71d7c63addc49b57e4c8e35af826) Importer(2089858483,b0f066a214c2f5e87bad3c948f4d605d)
Start importing Assets/Sci-Fi Styled Modular Pack/Prefabs/Windows/window_big_corner.prefab using Guid(b3ba71d7c63addc49b57e4c8e35af826) Importer(2089858483,b0f066a214c2f5e87bad3c948f4d605d) (ScriptedImporter) -> (artifact id: '88f15e8eb58950d102ea89dbb74f83d5') in 0.002734791 seconds
Number of updated asset objects reloaded before import = 0Number of asset objects unloaded after import = 16

========================================================================
Received Import Request.
  Time since last request: 0.000029 seconds.
  path: Assets/Sci-Fi Styled Modular Pack/Models/stairs_small_corner_with_emmision.fbx
  artifactKey: Guid(7aea3c50060e0d446823b9a09fd0fb1b) Importer(2089858483,b0f066a214c2f5e87bad3c948f4d605d)
Start importing Assets/Sci-Fi Styled Modular Pack/Models/stairs_small_corner_with_emmision.fbx using Guid(7aea3c50060e0d446823b9a09fd0fb1b) Importer(2089858483,b0f066a214c2f5e87bad3c948f4d605d) (ScriptedImporter) -> (artifact id: '0f25d37645ee4ca5921ee6b97d6df06b') in 0.003498834 seconds
Number of updated asset objects reloaded before import = 0Number of asset objects unloaded after import = 9

========================================================================
Received Import Request.
  Time since last request: 0.000047 seconds.
  path: Assets/Sci-Fi Styled Modular Pack/Models/decorative_table_glass.fbx
  artifactKey: Guid(e022ff0c9dac29d48a070accea073e45) Importer(2089858483,b0f066a214c2f5e87bad3c948f4d605d)
Start importing Assets/Sci-Fi Styled Modular Pack/Models/decorative_table_glass.fbx using Guid(e022ff0c9dac29d48a070accea073e45) Importer(2089858483,b0f066a214c2f5e87bad3c948f4d605d) (ScriptedImporter) -> (artifact id: 'f86a14ac2f3c84cd100e6c02fbb12cd7') in 0.003650209 seconds
Number of updated asset objects reloaded before import = 0Number of asset objects unloaded after import = 9

========================================================================
Received Import Request.
  Time since last request: 0.000033 seconds.
  path: Assets/Sci-Fi Styled Modular Pack/Models/table_2.fbx
  artifactKey: Guid(05e2bef7f8188c943aea2993fc97504b) Importer(2089858483,b0f066a214c2f5e87bad3c948f4d605d)
Start importing Assets/Sci-Fi Styled Modular Pack/Models/table_2.fbx using Guid(05e2bef7f8188c943aea2993fc97504b) Importer(2089858483,b0f066a214c2f5e87bad3c948f4d605d) (ScriptedImporter) -> (artifact id: '6a5d0cf83edcb823994e900fdb8bc8c3') in 0.003822667 seconds
Number of updated asset objects reloaded before import = 0Number of asset objects unloaded after import = 9

========================================================================
Received Import Request.
  Time since last request: 0.000043 seconds.
  path: Assets/Sci-Fi Styled Modular Pack/Models/window_big_corner_LOD1.fbx
  artifactKey: Guid(9d05b15ebc07ee144a18b52300023b0b) Importer(2089858483,b0f066a214c2f5e87bad3c948f4d605d)
Start importing Assets/Sci-Fi Styled Modular Pack/Models/window_big_corner_LOD1.fbx using Guid(9d05b15ebc07ee144a18b52300023b0b) Importer(2089858483,b0f066a214c2f5e87bad3c948f4d605d) (ScriptedImporter) -> (artifact id: 'c005eb3ad74a6b7dbc7487c50500a4e6') in 0.003704959 seconds
Number of updated asset objects reloaded before import = 0Number of asset objects unloaded after import = 11

========================================================================
Received Import Request.
  Time since last request: 0.000036 seconds.
  path: Assets/Sci-Fi Styled Modular Pack/Models/window_big_blocker_2.fbx
  artifactKey: Guid(d45302b75257c2e4cafc895bc8e34b88) Importer(2089858483,b0f066a214c2f5e87bad3c948f4d605d)
Start importing Assets/Sci-Fi Styled Modular Pack/Models/window_big_blocker_2.fbx using Guid(d45302b75257c2e4cafc895bc8e34b88) Importer(2089858483,b0f066a214c2f5e87bad3c948f4d605d) (ScriptedImporter) -> (artifact id: '36f326e79a92151ad903c3f5ec731380') in 0.003513333 seconds
Number of updated asset objects reloaded before import = 0Number of asset objects unloaded after import = 8

========================================================================
Received Import Request.
  Time since last request: 0.000040 seconds.
  path: Assets/Sci-Fi Styled Modular Pack/Models/decorative_sofa_LOD0.fbx
  artifactKey: Guid(fb39861b198df51498e189d15f1ebc9c) Importer(2089858483,b0f066a214c2f5e87bad3c948f4d605d)
Start importing Assets/Sci-Fi Styled Modular Pack/Models/decorative_sofa_LOD0.fbx using Guid(fb39861b198df51498e189d15f1ebc9c) Importer(2089858483,b0f066a214c2f5e87bad3c948f4d605d) (ScriptedImporter) -> (artifact id: '735619e09441ace822293cbe5720c5ad') in 0.004213834 seconds
Number of updated asset objects reloaded before import = 0Number of asset objects unloaded after import = 8

========================================================================
Received Import Request.
  Time since last request: 0.000036 seconds.
  path: Assets/Sci-Fi Styled Modular Pack/Prefabs/Decorative elements/Arts/art_2.prefab
  artifactKey: Guid(df1cac3988f7cf841b2b0afc88ea5e26) Importer(2089858483,b0f066a214c2f5e87bad3c948f4d605d)
Start importing Assets/Sci-Fi Styled Modular Pack/Prefabs/Decorative elements/Arts/art_2.prefab using Guid(df1cac3988f7cf841b2b0afc88ea5e26) Importer(2089858483,b0f066a214c2f5e87bad3c948f4d605d) (ScriptedImporter) -> (artifact id: '4ca6e6ae3e007ed4f078ee42364a147e') in 0.002825375 seconds
Number of updated asset objects reloaded before import = 0Number of asset objects unloaded after import = 10

========================================================================
Received Import Request.
  Time since last request: 0.000031 seconds.
  path: Assets/Sci-Fi Styled Modular Pack/Prefabs/Windows/window_big_corner_far_plug.prefab
  artifactKey: Guid(78417f9c0e3bda049a9a38dad7104d45) Importer(2089858483,b0f066a214c2f5e87bad3c948f4d605d)
Start importing Assets/Sci-Fi Styled Modular Pack/Prefabs/Windows/window_big_corner_far_plug.prefab using Guid(78417f9c0e3bda049a9a38dad7104d45) Importer(2089858483,b0f066a214c2f5e87bad3c948f4d605d) (ScriptedImporter) -> (artifact id: '53d2cbdbc85e119565d2b3b45856a846') in 0.00314225 seconds
Number of updated asset objects reloaded before import = 0Number of asset objects unloaded after import = 9

========================================================================
Received Import Request.
  Time since last request: 0.000041 seconds.
  path: Assets/Sci-Fi Styled Modular Pack/Models/window_big_no_side_full.fbx
  artifactKey: Guid(e7280697ebb11a7429fff43396523803) Importer(2089858483,b0f066a214c2f5e87bad3c948f4d605d)
Start importing Assets/Sci-Fi Styled Modular Pack/Models/window_big_no_side_full.fbx using Guid(e7280697ebb11a7429fff43396523803) Importer(2089858483,b0f066a214c2f5e87bad3c948f4d605d) (ScriptedImporter) -> (artifact id: '1536068613c93bb454bc484e1a3c04ef') in 0.003925667 seconds
Number of updated asset objects reloaded before import = 0Number of asset objects unloaded after import = 11

========================================================================
Received Import Request.
  Time since last request: 0.000041 seconds.
  path: Assets/Sci-Fi Styled Modular Pack/Prefabs/Decorative elements/console_celing.prefab
  artifactKey: Guid(104703105626daa4f8b3f24af487d01d) Importer(2089858483,b0f066a214c2f5e87bad3c948f4d605d)
Start importing Assets/Sci-Fi Styled Modular Pack/Prefabs/Decorative elements/console_celing.prefab using Guid(104703105626daa4f8b3f24af487d01d) Importer(2089858483,b0f066a214c2f5e87bad3c948f4d605d) (ScriptedImporter) -> (artifact id: '76c2685c56615a25f986ed8bf6908f4a') in 0.005146209 seconds
Number of updated asset objects reloaded before import = 0Number of asset objects unloaded after import = 10

========================================================================
Received Import Request.
  Time since last request: 0.000045 seconds.
  path: Assets/Sci-Fi Styled Modular Pack/Readme.txt
  artifactKey: Guid(ae022090ef50d414e9f79013c22b1ad6) Importer(2089858483,b0f066a214c2f5e87bad3c948f4d605d)
Start importing Assets/Sci-Fi Styled Modular Pack/Readme.txt using Guid(ae022090ef50d414e9f79013c22b1ad6) Importer(2089858483,b0f066a214c2f5e87bad3c948f4d605d) (ScriptedImporter) -> (artifact id: '511199deee5ecb54d244b9a186437003') in 0.001404333 seconds
Number of updated asset objects reloaded before import = 0Number of asset objects unloaded after import = 1

========================================================================
Received Import Request.
  Time since last request: 0.000038 seconds.
  path: Assets/Sci-Fi Styled Modular Pack/Models/double_bed.fbx
  artifactKey: Guid(b228052498f5e4047a1f0bce6249758f) Importer(2089858483,b0f066a214c2f5e87bad3c948f4d605d)
Start importing Assets/Sci-Fi Styled Modular Pack/Models/double_bed.fbx using Guid(b228052498f5e4047a1f0bce6249758f) Importer(2089858483,b0f066a214c2f5e87bad3c948f4d605d) (ScriptedImporter) -> (artifact id: '1699c3380f30725a0450191319581d89') in 0.003751084 seconds
Number of updated asset objects reloaded before import = 0Number of asset objects unloaded after import = 8

========================================================================
Received Import Request.
  Time since last request: 0.000034 seconds.
  path: Assets/Sci-Fi Styled Modular Pack/Models/projector.fbx
  artifactKey: Guid(6e13b9f43374cc8499e762339fc31b45) Importer(2089858483,b0f066a214c2f5e87bad3c948f4d605d)
Start importing Assets/Sci-Fi Styled Modular Pack/Models/projector.fbx using Guid(6e13b9f43374cc8499e762339fc31b45) Importer(2089858483,b0f066a214c2f5e87bad3c948f4d605d) (ScriptedImporter) -> (artifact id: '28d86bae83606a85f9b760612a65396f') in 0.003973541 seconds
Number of updated asset objects reloaded before import = 0Number of asset objects unloaded after import = 11

========================================================================
Received Import Request.
  Time since last request: 0.000040 seconds.
  path: Assets/Sci-Fi Styled Modular Pack/Models/Joint_T_6.fbx
  artifactKey: Guid(382e07d7d5bfdd54a942468dd962b16b) Importer(2089858483,b0f066a214c2f5e87bad3c948f4d605d)
Start importing Assets/Sci-Fi Styled Modular Pack/Models/Joint_T_6.fbx using Guid(382e07d7d5bfdd54a942468dd962b16b) Importer(2089858483,b0f066a214c2f5e87bad3c948f4d605d) (ScriptedImporter) -> (artifact id: 'f725c903e1b459a2db5179921e24bf0f') in 0.003544459 seconds
Number of updated asset objects reloaded before import = 0Number of asset objects unloaded after import = 8

========================================================================
Received Import Request.
  Time since last request: 0.000034 seconds.
  path: Assets/Sci-Fi Styled Modular Pack/Prefabs/Stairs/stairs_small_corner_no_emmision.prefab
  artifactKey: Guid(3d66cc8d7758e37499c32d6157d2e4d9) Importer(2089858483,b0f066a214c2f5e87bad3c948f4d605d)
Start importing Assets/Sci-Fi Styled Modular Pack/Prefabs/Stairs/stairs_small_corner_no_emmision.prefab using Guid(3d66cc8d7758e37499c32d6157d2e4d9) Importer(2089858483,b0f066a214c2f5e87bad3c948f4d605d) (ScriptedImporter) -> (artifact id: '9e380bf2ebad0cb616321a18aa8699d3') in 0.00310425 seconds
Number of updated asset objects reloaded before import = 0Number of asset objects unloaded after import = 9

========================================================================
Received Import Request.
  Time since last request: 0.000037 seconds.
  path: Assets/Sci-Fi Styled Modular Pack/Models/decorative_half_wall_2_LOD0.fbx
  artifactKey: Guid(2f9d1dcfed18d0741beb67e027251e64) Importer(2089858483,b0f066a214c2f5e87bad3c948f4d605d)
Start importing Assets/Sci-Fi Styled Modular Pack/Models/decorative_half_wall_2_LOD0.fbx using Guid(2f9d1dcfed18d0741beb67e027251e64) Importer(2089858483,b0f066a214c2f5e87bad3c948f4d605d) (ScriptedImporter) -> (artifact id: '0244422b0a747723c4430c08d746d924') in 0.00443075 seconds
Number of updated asset objects reloaded before import = 0Number of asset objects unloaded after import = 8

========================================================================
Received Import Request.
  Time since last request: 0.000036 seconds.
  path: Assets/Sci-Fi Styled Modular Pack/Prefabs/Extended Primitives
  artifactKey: Guid(98ec51784cf1f5c468e710b817f16923) Importer(2089858483,b0f066a214c2f5e87bad3c948f4d605d)
Start importing Assets/Sci-Fi Styled Modular Pack/Prefabs/Extended Primitives using Guid(98ec51784cf1f5c468e710b817f16923) Importer(2089858483,b0f066a214c2f5e87bad3c948f4d605d) (ScriptedImporter) -> (artifact id: '5e99149bfc90d941f2f693ff28f80bd0') in 0.001229584 seconds
Number of updated asset objects reloaded before import = 0Number of asset objects unloaded after import = 1

========================================================================
Received Import Request.
  Time since last request: 0.000042 seconds.
  path: Assets/Sci-Fi Styled Modular Pack/Prefabs/Decorative elements/Column/column_end.prefab
  artifactKey: Guid(d10d3ce46f3a5d84cbcccd4f14bf3958) Importer(2089858483,b0f066a214c2f5e87bad3c948f4d605d)
Start importing Assets/Sci-Fi Styled Modular Pack/Prefabs/Decorative elements/Column/column_end.prefab using Guid(d10d3ce46f3a5d84cbcccd4f14bf3958) Importer(2089858483,b0f066a214c2f5e87bad3c948f4d605d) (ScriptedImporter) -> (artifact id: '1815f84daa68c5ca9d46a5d20e99e448') in 0.002757459 seconds
Number of updated asset objects reloaded before import = 0Number of asset objects unloaded after import = 9

========================================================================
Received Import Request.
  Time since last request: 0.000043 seconds.
  path: Assets/Sci-Fi Styled Modular Pack/Prefabs/Decorative elements/floor_corner_ornament_pipes.prefab
  artifactKey: Guid(ae0c21b643679c045b98cb678e8abef5) Importer(2089858483,b0f066a214c2f5e87bad3c948f4d605d)
Start importing Assets/Sci-Fi Styled Modular Pack/Prefabs/Decorative elements/floor_corner_ornament_pipes.prefab using Guid(ae0c21b643679c045b98cb678e8abef5) Importer(2089858483,b0f066a214c2f5e87bad3c948f4d605d) (ScriptedImporter) -> (artifact id: 'deb05ec3dd7f5417dfaf248a33d23603') in 0.002646208 seconds
Number of updated asset objects reloaded before import = 0Number of asset objects unloaded after import = 9

========================================================================
Received Import Request.
  Time since last request: 0.000039 seconds.
  path: Assets/Sci-Fi Styled Modular Pack/Prefabs/Decorative elements/decorative_pilow.prefab
  artifactKey: Guid(d0b3c1d0dda7a1d49a1d9fa18c0dc5ce) Importer(2089858483,b0f066a214c2f5e87bad3c948f4d605d)
Start importing Assets/Sci-Fi Styled Modular Pack/Prefabs/Decorative elements/decorative_pilow.prefab using Guid(d0b3c1d0dda7a1d49a1d9fa18c0dc5ce) Importer(2089858483,b0f066a214c2f5e87bad3c948f4d605d) (ScriptedImporter) -> (artifact id: '35b68556ea3e3ac2bd47e0ef65f50a6b') in 0.002183791 seconds
Number of updated asset objects reloaded before import = 0Number of asset objects unloaded after import = 16

========================================================================
Received Import Request.
  Time since last request: 0.000040 seconds.
  path: Assets/Sci-Fi Styled Modular Pack/Prefabs/Floors/floor_3_no_clamps.prefab
  artifactKey: Guid(d4c686e5f86722a409d1d35154c22d14) Importer(2089858483,b0f066a214c2f5e87bad3c948f4d605d)
Start importing Assets/Sci-Fi Styled Modular Pack/Prefabs/Floors/floor_3_no_clamps.prefab using Guid(d4c686e5f86722a409d1d35154c22d14) Importer(2089858483,b0f066a214c2f5e87bad3c948f4d605d) (ScriptedImporter) -> (artifact id: '3144a6ee68ee6d3181d6ca76ea00598c') in 0.002894291 seconds
Number of updated asset objects reloaded before import = 0Number of asset objects unloaded after import = 9

========================================================================
Received Import Request.
  Time since last request: 0.000031 seconds.
  path: Assets/Sci-Fi Styled Modular Pack/Models/column_kneel_2.fbx
  artifactKey: Guid(b250e3bd6d5535e4798eee919e2f8cd2) Importer(2089858483,b0f066a214c2f5e87bad3c948f4d605d)
Start importing Assets/Sci-Fi Styled Modular Pack/Models/column_kneel_2.fbx using Guid(b250e3bd6d5535e4798eee919e2f8cd2) Importer(2089858483,b0f066a214c2f5e87bad3c948f4d605d) (ScriptedImporter) -> (artifact id: 'ec1aeffb632969e15bb98ee39e5912c0') in 0.003537709 seconds
Number of updated asset objects reloaded before import = 0Number of asset objects unloaded after import = 8

========================================================================
Received Import Request.
  Time since last request: 0.000041 seconds.
  path: Assets/Sci-Fi Styled Modular Pack/Example scenes/Materials/Snow.mat
  artifactKey: Guid(d6ca041d3b582d94a8f2ad86f4b1e304) Importer(2089858483,b0f066a214c2f5e87bad3c948f4d605d)
Start importing Assets/Sci-Fi Styled Modular Pack/Example scenes/Materials/Snow.mat using Guid(d6ca041d3b582d94a8f2ad86f4b1e304) Importer(2089858483,b0f066a214c2f5e87bad3c948f4d605d) (ScriptedImporter) -> (artifact id: '38051389707039f462d987f2f03685c0') in 0.095790792 seconds
Number of updated asset objects reloaded before import = 0Number of asset objects unloaded after import = 1

========================================================================
Received Import Request.
  Time since last request: 0.000052 seconds.
  path: Assets/Sci-Fi Styled Modular Pack/Models/door_2_left.fbx
  artifactKey: Guid(bb389a09b6f70f94ea04bf09f602d763) Importer(2089858483,b0f066a214c2f5e87bad3c948f4d605d)
Start importing Assets/Sci-Fi Styled Modular Pack/Models/door_2_left.fbx using Guid(bb389a09b6f70f94ea04bf09f602d763) Importer(2089858483,b0f066a214c2f5e87bad3c948f4d605d) (ScriptedImporter) -> (artifact id: '525feb2398443152fa187a11b5dbe872') in 0.008202333 seconds
Number of updated asset objects reloaded before import = 0Number of asset objects unloaded after import = 10

========================================================================
Received Import Request.
  Time since last request: 0.000043 seconds.
  path: Assets/Sci-Fi Styled Modular Pack/Textures/keyboard.png
  artifactKey: Guid(100fc9940c400c240b007aa43d269cc3) Importer(2089858483,b0f066a214c2f5e87bad3c948f4d605d)
Start importing Assets/Sci-Fi Styled Modular Pack/Textures/keyboard.png using Guid(100fc9940c400c240b007aa43d269cc3) Importer(2089858483,b0f066a214c2f5e87bad3c948f4d605d) (ScriptedImporter) -> (artifact id: '028e133a037c1d65f45da4421d27221a') in 0.005334542 seconds
Number of updated asset objects reloaded before import = 0Number of asset objects unloaded after import = 3

========================================================================
Received Import Request.
  Time since last request: 0.000043 seconds.
  path: Assets/Sci-Fi Styled Modular Pack/Models/decorative_wall_5.fbx
  artifactKey: Guid(78fd4647be0da2e4dbbb4bc3cfe6ca31) Importer(2089858483,b0f066a214c2f5e87bad3c948f4d605d)
Start importing Assets/Sci-Fi Styled Modular Pack/Models/decorative_wall_5.fbx using Guid(78fd4647be0da2e4dbbb4bc3cfe6ca31) Importer(2089858483,b0f066a214c2f5e87bad3c948f4d605d) (ScriptedImporter) -> (artifact id: '1dc8feb21962a64ff11a2a318e1fa232') in 0.0036165 seconds
Number of updated asset objects reloaded before import = 0Number of asset objects unloaded after import = 8

========================================================================
Received Import Request.
  Time since last request: 0.000030 seconds.
  path: Assets/Sci-Fi Styled Modular Pack/Prefabs/Floors/floor_6.prefab
  artifactKey: Guid(3845c7234a0ed4843ba4e38e2404f54d) Importer(2089858483,b0f066a214c2f5e87bad3c948f4d605d)
Start importing Assets/Sci-Fi Styled Modular Pack/Prefabs/Floors/floor_6.prefab using Guid(3845c7234a0ed4843ba4e38e2404f54d) Importer(2089858483,b0f066a214c2f5e87bad3c948f4d605d) (ScriptedImporter) -> (artifact id: '9adcf1dd08a3175e8c9232ae7a754b57') in 0.002792292 seconds
Number of updated asset objects reloaded before import = 0Number of asset objects unloaded after import = 9

========================================================================
Received Import Request.
  Time since last request: 0.000041 seconds.
  path: Assets/Sci-Fi Styled Modular Pack/Models/computer_station.fbx
  artifactKey: Guid(2127a279fcaa46847ac918e39e53bad8) Importer(2089858483,b0f066a214c2f5e87bad3c948f4d605d)
Start importing Assets/Sci-Fi Styled Modular Pack/Models/computer_station.fbx using Guid(2127a279fcaa46847ac918e39e53bad8) Importer(2089858483,b0f066a214c2f5e87bad3c948f4d605d) (ScriptedImporter) -> (artifact id: '20fa2a59c9de48927ef817a0821ee2f5') in 0.003372458 seconds
Number of updated asset objects reloaded before import = 0Number of asset objects unloaded after import = 9

========================================================================
Received Import Request.
  Time since last request: 0.000059 seconds.
  path: Assets/Sci-Fi Styled Modular Pack/Models/art_5.fbx
  artifactKey: Guid(e528381f299d2ce4db9f7e803942a77c) Importer(2089858483,b0f066a214c2f5e87bad3c948f4d605d)
Start importing Assets/Sci-Fi Styled Modular Pack/Models/art_5.fbx using Guid(e528381f299d2ce4db9f7e803942a77c) Importer(2089858483,b0f066a214c2f5e87bad3c948f4d605d) (ScriptedImporter) -> (artifact id: '275d1f3cd8b939c86733e7f0aa1b1122') in 0.003545541 seconds
Number of updated asset objects reloaded before import = 0Number of asset objects unloaded after import = 8

========================================================================
Received Import Request.
  Time since last request: 0.000029 seconds.
  path: Assets/Sci-Fi Styled Modular Pack/Models/Materials/base color.mat
  artifactKey: Guid(1cf3cfed14637cd42a0ad3f801ebdb71) Importer(2089858483,b0f066a214c2f5e87bad3c948f4d605d)
Start importing Assets/Sci-Fi Styled Modular Pack/Models/Materials/base color.mat using Guid(1cf3cfed14637cd42a0ad3f801ebdb71) Importer(2089858483,b0f066a214c2f5e87bad3c948f4d605d) (ScriptedImporter) -> (artifact id: '8be3c7e8757e5685aa192f6192bf83b3') in 0.001943958 seconds
Number of updated asset objects reloaded before import = 0Number of asset objects unloaded after import = 1

========================================================================
Received Import Request.
  Time since last request: 0.000040 seconds.
  path: Assets/Sci-Fi Styled Modular Pack/Prefabs/Doors/glass_panel_1_with_door.prefab
  artifactKey: Guid(ac7a01ca06ca9044eb15b32cb7a936f8) Importer(2089858483,b0f066a214c2f5e87bad3c948f4d605d)
Start importing Assets/Sci-Fi Styled Modular Pack/Prefabs/Doors/glass_panel_1_with_door.prefab using Guid(ac7a01ca06ca9044eb15b32cb7a936f8) Importer(2089858483,b0f066a214c2f5e87bad3c948f4d605d) (ScriptedImporter) -> (artifact id: 'c404d397a2d2886cc25059a5229b47dc') in 0.003907166 seconds
Number of updated asset objects reloaded before import = 0Number of asset objects unloaded after import = 31

========================================================================
Received Import Request.
  Time since last request: 0.000043 seconds.
  path: Assets/Sci-Fi Styled Modular Pack/Prefabs/Walls/decorative_wall_6.prefab
  artifactKey: Guid(f3a954679d4d04b49953424fc6bf526c) Importer(2089858483,b0f066a214c2f5e87bad3c948f4d605d)
Start importing Assets/Sci-Fi Styled Modular Pack/Prefabs/Walls/decorative_wall_6.prefab using Guid(f3a954679d4d04b49953424fc6bf526c) Importer(2089858483,b0f066a214c2f5e87bad3c948f4d605d) (ScriptedImporter) -> (artifact id: '402cd0d137ff39d6c502fee80a5aaf7f') in 0.002592709 seconds
Number of updated asset objects reloaded before import = 0Number of asset objects unloaded after import = 9

========================================================================
Received Import Request.
  Time since last request: 0.000038 seconds.
  path: Assets/Sci-Fi Styled Modular Pack/Models/desk.fbx
  artifactKey: Guid(a0d8f320763fe4945b863868635a92f5) Importer(2089858483,b0f066a214c2f5e87bad3c948f4d605d)
Start importing Assets/Sci-Fi Styled Modular Pack/Models/desk.fbx using Guid(a0d8f320763fe4945b863868635a92f5) Importer(2089858483,b0f066a214c2f5e87bad3c948f4d605d) (ScriptedImporter) -> (artifact id: '8a76024e8c5c43e785d5de3e2543dc97') in 0.003425 seconds
Number of updated asset objects reloaded before import = 0Number of asset objects unloaded after import = 9

========================================================================
Received Import Request.
  Time since last request: 0.000033 seconds.
  path: Assets/Sci-Fi Styled Modular Pack/Prefabs/Decorative elements/Tables/desk.prefab
  artifactKey: Guid(14f2f01264616214ba79f88c8f46c15f) Importer(2089858483,b0f066a214c2f5e87bad3c948f4d605d)
Start importing Assets/Sci-Fi Styled Modular Pack/Prefabs/Decorative elements/Tables/desk.prefab using Guid(14f2f01264616214ba79f88c8f46c15f) Importer(2089858483,b0f066a214c2f5e87bad3c948f4d605d) (ScriptedImporter) -> (artifact id: '13504d4254e9a8bc4f656fb7bb30a960') in 0.0037605 seconds
Number of updated asset objects reloaded before import = 0Number of asset objects unloaded after import = 10

========================================================================
Received Import Request.
  Time since last request: 0.000028 seconds.
  path: Assets/Sci-Fi Styled Modular Pack/Prefabs/Extended Primitives/Cylinder_16_extended.prefab
  artifactKey: Guid(3f6d5a55a145f4f40bebd7d054c548f0) Importer(2089858483,b0f066a214c2f5e87bad3c948f4d605d)
Start importing Assets/Sci-Fi Styled Modular Pack/Prefabs/Extended Primitives/Cylinder_16_extended.prefab using Guid(3f6d5a55a145f4f40bebd7d054c548f0) Importer(2089858483,b0f066a214c2f5e87bad3c948f4d605d) (ScriptedImporter) -> (artifact id: 'eaf14e152d0cb6d525ea6a9a2fab8d3b') in 0.002925875 seconds
Number of updated asset objects reloaded before import = 0Number of asset objects unloaded after import = 9

========================================================================
Received Import Request.
  Time since last request: 0.000045 seconds.
  path: Assets/Sci-Fi Styled Modular Pack/Animations/glass_panel_1_with_door.controller
  artifactKey: Guid(f602bc4d8fe1a744ca7ea8d4ec0871ad) Importer(2089858483,b0f066a214c2f5e87bad3c948f4d605d)
Start importing Assets/Sci-Fi Styled Modular Pack/Animations/glass_panel_1_with_door.controller using Guid(f602bc4d8fe1a744ca7ea8d4ec0871ad) Importer(2089858483,b0f066a214c2f5e87bad3c948f4d605d) (ScriptedImporter) -> (artifact id: 'f001e1b7370535ffc81919f9805ee51d') in 0.001972875 seconds
Number of updated asset objects reloaded before import = 0Number of asset objects unloaded after import = 14

========================================================================
Received Import Request.
  Time since last request: 0.000039 seconds.
  path: Assets/Sci-Fi Styled Modular Pack/Materials/comuter_wall.mat
  artifactKey: Guid(0d0f1f087865a1c47826008280428fdf) Importer(2089858483,b0f066a214c2f5e87bad3c948f4d605d)
Start importing Assets/Sci-Fi Styled Modular Pack/Materials/comuter_wall.mat using Guid(0d0f1f087865a1c47826008280428fdf) Importer(2089858483,b0f066a214c2f5e87bad3c948f4d605d) (ScriptedImporter) -> (artifact id: '91237baab0d3e11090623eca76ee7e8c') in 0.003653708 seconds
Number of updated asset objects reloaded before import = 0Number of asset objects unloaded after import = 3

========================================================================
Received Import Request.
  Time since last request: 0.000028 seconds.
  path: Assets/Sci-Fi Styled Modular Pack/Textures/computer_wall_metalic.png
  artifactKey: Guid(1b0399fc6de3a0d44bbdc4362aa0e992) Importer(2089858483,b0f066a214c2f5e87bad3c948f4d605d)
Start importing Assets/Sci-Fi Styled Modular Pack/Textures/computer_wall_metalic.png using Guid(1b0399fc6de3a0d44bbdc4362aa0e992) Importer(2089858483,b0f066a214c2f5e87bad3c948f4d605d) (ScriptedImporter) -> (artifact id: '24832464d8add47fd4c1c01609802b8d') in 0.003213916 seconds
Number of updated asset objects reloaded before import = 0Number of asset objects unloaded after import = 1

========================================================================
Received Import Request.
  Time since last request: 0.000041 seconds.
  path: Assets/Sci-Fi Styled Modular Pack/Models/decorative_plant_desk.fbx
  artifactKey: Guid(3112b0e09a01a2f4abd3ff0277d70a78) Importer(2089858483,b0f066a214c2f5e87bad3c948f4d605d)
Start importing Assets/Sci-Fi Styled Modular Pack/Models/decorative_plant_desk.fbx using Guid(3112b0e09a01a2f4abd3ff0277d70a78) Importer(2089858483,b0f066a214c2f5e87bad3c948f4d605d) (ScriptedImporter) -> (artifact id: '990aebc65f54ef102b492143d9820149') in 0.003930125 seconds
Number of updated asset objects reloaded before import = 0Number of asset objects unloaded after import = 11

========================================================================
Received Import Request.
  Time since last request: 0.000038 seconds.
  path: Assets/Sci-Fi Styled Modular Pack/Prefabs/Decorative elements/Tables/decorative_table_no_glass.prefab
  artifactKey: Guid(95d12ecd1322c574f89e881a38c01401) Importer(2089858483,b0f066a214c2f5e87bad3c948f4d605d)
Start importing Assets/Sci-Fi Styled Modular Pack/Prefabs/Decorative elements/Tables/decorative_table_no_glass.prefab using Guid(95d12ecd1322c574f89e881a38c01401) Importer(2089858483,b0f066a214c2f5e87bad3c948f4d605d) (ScriptedImporter) -> (artifact id: '5e92dfe7d5509fb6c94ee1f27cd197aa') in 0.002776125 seconds
Number of updated asset objects reloaded before import = 0Number of asset objects unloaded after import = 9

========================================================================
Received Import Request.
  Time since last request: 0.000031 seconds.
  path: Assets/Sci-Fi Styled Modular Pack/Prefabs/Machines/storage_container_big.prefab
  artifactKey: Guid(c944460b7f1a8ef47b05ebec140bdd17) Importer(2089858483,b0f066a214c2f5e87bad3c948f4d605d)
Start importing Assets/Sci-Fi Styled Modular Pack/Prefabs/Machines/storage_container_big.prefab using Guid(c944460b7f1a8ef47b05ebec140bdd17) Importer(2089858483,b0f066a214c2f5e87bad3c948f4d605d) (ScriptedImporter) -> (artifact id: '34b3358a2dfb86924e83ce186c11143b') in 0.002782417 seconds
Number of updated asset objects reloaded before import = 0Number of asset objects unloaded after import = 9

========================================================================
Received Import Request.
  Time since last request: 0.000031 seconds.
  path: Assets/Sci-Fi Styled Modular Pack/Models/decorative_half_wall_3_LOD1.fbx
  artifactKey: Guid(7cf879aac24523744a5b0aad3fea1dbf) Importer(2089858483,b0f066a214c2f5e87bad3c948f4d605d)
Start importing Assets/Sci-Fi Styled Modular Pack/Models/decorative_half_wall_3_LOD1.fbx using Guid(7cf879aac24523744a5b0aad3fea1dbf) Importer(2089858483,b0f066a214c2f5e87bad3c948f4d605d) (ScriptedImporter) -> (artifact id: '34a8e71ea0056fdfded1831d52cd8185') in 0.003575209 seconds
Number of updated asset objects reloaded before import = 0Number of asset objects unloaded after import = 8

========================================================================
Received Import Request.
  Time since last request: 0.000046 seconds.
  path: Assets/Sci-Fi Styled Modular Pack/Models/light_wall_3_blue.fbx
  artifactKey: Guid(635460dae64fc0a48b0740cfb2e4f6d9) Importer(2089858483,b0f066a214c2f5e87bad3c948f4d605d)
Start importing Assets/Sci-Fi Styled Modular Pack/Models/light_wall_3_blue.fbx using Guid(635460dae64fc0a48b0740cfb2e4f6d9) Importer(2089858483,b0f066a214c2f5e87bad3c948f4d605d) (ScriptedImporter) -> (artifact id: '4d568a3ddb79f7b6c445b70dd256b314') in 0.003653875 seconds
Number of updated asset objects reloaded before import = 0Number of asset objects unloaded after import = 9

========================================================================
Received Import Request.
  Time since last request: 0.000035 seconds.
  path: Assets/Sci-Fi Styled Modular Pack/Models/floor_2_L_LOD1.fbx
  artifactKey: Guid(cf9005bf881f9fc45af77110d87fecc6) Importer(2089858483,b0f066a214c2f5e87bad3c948f4d605d)
Start importing Assets/Sci-Fi Styled Modular Pack/Models/floor_2_L_LOD1.fbx using Guid(cf9005bf881f9fc45af77110d87fecc6) Importer(2089858483,b0f066a214c2f5e87bad3c948f4d605d) (ScriptedImporter) -> (artifact id: '0afd3c606124a69c43fab7e264a2df85') in 0.004593209 seconds
Number of updated asset objects reloaded before import = 0Number of asset objects unloaded after import = 10

========================================================================
Received Import Request.
  Time since last request: 0.000039 seconds.
  path: Assets/Sci-Fi Styled Modular Pack/Textures/base-color-normal.png
  artifactKey: Guid(ff91cef54bb04124b899f12176bee5d1) Importer(2089858483,b0f066a214c2f5e87bad3c948f4d605d)
Start importing Assets/Sci-Fi Styled Modular Pack/Textures/base-color-normal.png using Guid(ff91cef54bb04124b899f12176bee5d1) Importer(2089858483,b0f066a214c2f5e87bad3c948f4d605d) (ScriptedImporter) -> (artifact id: '6019bcb632a914fb286f90bc9d07646c') in 0.003282833 seconds
Number of updated asset objects reloaded before import = 0Number of asset objects unloaded after import = 1

========================================================================
Received Import Request.
  Time since last request: 0.000041 seconds.
  path: Assets/Sci-Fi Styled Modular Pack/Prefabs/Lights/light_celing_1.prefab
  artifactKey: Guid(9c0a6df65fcfba243abb2cf9260b869f) Importer(2089858483,b0f066a214c2f5e87bad3c948f4d605d)
Start importing Assets/Sci-Fi Styled Modular Pack/Prefabs/Lights/light_celing_1.prefab using Guid(9c0a6df65fcfba243abb2cf9260b869f) Importer(2089858483,b0f066a214c2f5e87bad3c948f4d605d) (ScriptedImporter) -> (artifact id: '91f1b8f00dbf47abf80ba19819257527') in 0.0027725 seconds
Number of updated asset objects reloaded before import = 0Number of asset objects unloaded after import = 14

========================================================================
Received Import Request.
  Time since last request: 0.000031 seconds.
  path: Assets/Sci-Fi Styled Modular Pack/Prefabs/Windows/Complete Windows/window_big.prefab
  artifactKey: Guid(964e3fd2e5ff9014ea2a3ce4b682e2c1) Importer(2089858483,b0f066a214c2f5e87bad3c948f4d605d)
Start importing Assets/Sci-Fi Styled Modular Pack/Prefabs/Windows/Complete Windows/window_big.prefab using Guid(964e3fd2e5ff9014ea2a3ce4b682e2c1) Importer(2089858483,b0f066a214c2f5e87bad3c948f4d605d) (ScriptedImporter) -> (artifact id: '508b41d014d3af5000d5134293087278') in 0.002241208 seconds
Number of updated asset objects reloaded before import = 0Number of asset objects unloaded after import = 23

========================================================================
Received Import Request.
  Time since last request: 0.000045 seconds.
  path: Assets/Sci-Fi Styled Modular Pack/Prefabs/Machines
  artifactKey: Guid(91b1e814fa6859c42893a385880afae5) Importer(2089858483,b0f066a214c2f5e87bad3c948f4d605d)
Start importing Assets/Sci-Fi Styled Modular Pack/Prefabs/Machines using Guid(91b1e814fa6859c42893a385880afae5) Importer(2089858483,b0f066a214c2f5e87bad3c948f4d605d) (ScriptedImporter) -> (artifact id: 'a1555d48677ee0936c4df0ca94e4b72f') in 0.001221709 seconds
Number of updated asset objects reloaded before import = 0Number of asset objects unloaded after import = 1

========================================================================
Received Import Request.
  Time since last request: 0.000036 seconds.
  path: Assets/Sci-Fi Styled Modular Pack/Materials/Palletes/coffee color.mat
  artifactKey: Guid(0dc773308a90b4d46b08202cbde5b80d) Importer(2089858483,b0f066a214c2f5e87bad3c948f4d605d)
Start importing Assets/Sci-Fi Styled Modular Pack/Materials/Palletes/coffee color.mat using Guid(0dc773308a90b4d46b08202cbde5b80d) Importer(2089858483,b0f066a214c2f5e87bad3c948f4d605d) (ScriptedImporter) -> (artifact id: 'c904648dc48bacb5a10f487cbee43a60') in 0.003136042 seconds
Number of updated asset objects reloaded before import = 0Number of asset objects unloaded after import = 4

========================================================================
Received Import Request.
  Time since last request: 0.000057 seconds.
  path: Assets/Sci-Fi Styled Modular Pack/Models/decorative_chair.fbx
  artifactKey: Guid(96bdbf948202cef43b00e20aa0e32a51) Importer(2089858483,b0f066a214c2f5e87bad3c948f4d605d)
Start importing Assets/Sci-Fi Styled Modular Pack/Models/decorative_chair.fbx using Guid(96bdbf948202cef43b00e20aa0e32a51) Importer(2089858483,b0f066a214c2f5e87bad3c948f4d605d) (ScriptedImporter) -> (artifact id: 'd64196f1c0de71b5272a04b57c41e53a') in 0.003345917 seconds
Number of updated asset objects reloaded before import = 0Number of asset objects unloaded after import = 8

========================================================================
Received Import Request.
  Time since last request: 0.000034 seconds.
  path: Assets/Sci-Fi Styled Modular Pack/Models/bed.fbx
  artifactKey: Guid(9f483ba0e96f1414a84ea4b0fbc13414) Importer(2089858483,b0f066a214c2f5e87bad3c948f4d605d)
Start importing Assets/Sci-Fi Styled Modular Pack/Models/bed.fbx using Guid(9f483ba0e96f1414a84ea4b0fbc13414) Importer(2089858483,b0f066a214c2f5e87bad3c948f4d605d) (ScriptedImporter) -> (artifact id: '6429629f7ee9e0b9de8be716e802d251') in 0.003842166 seconds
Number of updated asset objects reloaded before import = 0Number of asset objects unloaded after import = 8

========================================================================
Received Import Request.
  Time since last request: 0.000039 seconds.
  path: Assets/Sci-Fi Styled Modular Pack/Models/floor_2_no_lattice_LOD1.fbx
  artifactKey: Guid(3646a0c5f438c6f458c0e176c02676cb) Importer(2089858483,b0f066a214c2f5e87bad3c948f4d605d)
Start importing Assets/Sci-Fi Styled Modular Pack/Models/floor_2_no_lattice_LOD1.fbx using Guid(3646a0c5f438c6f458c0e176c02676cb) Importer(2089858483,b0f066a214c2f5e87bad3c948f4d605d) (ScriptedImporter) -> (artifact id: 'e8e34b6e4524d69cba2e200423710769') in 0.003728292 seconds
Number of updated asset objects reloaded before import = 0Number of asset objects unloaded after import = 9

========================================================================
Received Import Request.
  Time since last request: 0.000041 seconds.
  path: Assets/Sci-Fi Styled Modular Pack/Models/sing.fbx
  artifactKey: Guid(f9bde7d801e91fc4e806fa4827eb7ac2) Importer(2089858483,b0f066a214c2f5e87bad3c948f4d605d)
Start importing Assets/Sci-Fi Styled Modular Pack/Models/sing.fbx using Guid(f9bde7d801e91fc4e806fa4827eb7ac2) Importer(2089858483,b0f066a214c2f5e87bad3c948f4d605d) (ScriptedImporter) -> (artifact id: '51cdf74748ced694b0afe5c5299035bf') in 0.003428541 seconds
Number of updated asset objects reloaded before import = 0Number of asset objects unloaded after import = 8

========================================================================
Received Import Request.
  Time since last request: 0.000042 seconds.
  path: Assets/Sci-Fi Styled Modular Pack/Materials/lattice.mat
  artifactKey: Guid(0f4853191d321d748b1f95a97d7b37f4) Importer(2089858483,b0f066a214c2f5e87bad3c948f4d605d)
Start importing Assets/Sci-Fi Styled Modular Pack/Materials/lattice.mat using Guid(0f4853191d321d748b1f95a97d7b37f4) Importer(2089858483,b0f066a214c2f5e87bad3c948f4d605d) (ScriptedImporter) -> (artifact id: 'da06ad213335f7b4e0aca625a66aa247') in 0.104657209 seconds
Number of updated asset objects reloaded before import = 0Number of asset objects unloaded after import = 2

========================================================================
Received Import Request.
  Time since last request: 0.000038 seconds.
  path: Assets/Sci-Fi Styled Modular Pack/Prefabs/Stairs/stairs_big_with_emmision.prefab
  artifactKey: Guid(964ef5212b7340f4cb5eff37c56177aa) Importer(2089858483,b0f066a214c2f5e87bad3c948f4d605d)
Start importing Assets/Sci-Fi Styled Modular Pack/Prefabs/Stairs/stairs_big_with_emmision.prefab using Guid(964ef5212b7340f4cb5eff37c56177aa) Importer(2089858483,b0f066a214c2f5e87bad3c948f4d605d) (ScriptedImporter) -> (artifact id: 'a45d89d6005ebf1b8e521927bc8aacf6') in 0.003843291 seconds
Number of updated asset objects reloaded before import = 0Number of asset objects unloaded after import = 10

========================================================================
Received Import Request.
  Time since last request: 0.000036 seconds.
  path: Assets/Sci-Fi Styled Modular Pack/Prefabs/Stairs/stairs_small_no_emmision.prefab
  artifactKey: Guid(0c91b5c5fed08f94eafb357c328bca9d) Importer(2089858483,b0f066a214c2f5e87bad3c948f4d605d)
Start importing Assets/Sci-Fi Styled Modular Pack/Prefabs/Stairs/stairs_small_no_emmision.prefab using Guid(0c91b5c5fed08f94eafb357c328bca9d) Importer(2089858483,b0f066a214c2f5e87bad3c948f4d605d) (ScriptedImporter) -> (artifact id: '276f3d68b66af0420339ccd9cb6167f5') in 0.002584459 seconds
Number of updated asset objects reloaded before import = 0Number of asset objects unloaded after import = 9

========================================================================
Received Import Request.
  Time since last request: 0.000029 seconds.
  path: Assets/Sci-Fi Styled Modular Pack/Models/decorative_wall_2_LOD0.fbx
  artifactKey: Guid(add8c133b855e274f898b07a10ff3130) Importer(2089858483,b0f066a214c2f5e87bad3c948f4d605d)
Start importing Assets/Sci-Fi Styled Modular Pack/Models/decorative_wall_2_LOD0.fbx using Guid(add8c133b855e274f898b07a10ff3130) Importer(2089858483,b0f066a214c2f5e87bad3c948f4d605d) (ScriptedImporter) -> (artifact id: 'ca9c5b4018aa373aa02f6dac60a64d6d') in 0.003318042 seconds
Number of updated asset objects reloaded before import = 0Number of asset objects unloaded after import = 8

========================================================================
Received Import Request.
  Time since last request: 0.000046 seconds.
  path: Assets/Sci-Fi Styled Modular Pack/Models/vending_machine.fbx
  artifactKey: Guid(2ed87d972e014b7438ab3fcd20cdf070) Importer(2089858483,b0f066a214c2f5e87bad3c948f4d605d)
Start importing Assets/Sci-Fi Styled Modular Pack/Models/vending_machine.fbx using Guid(2ed87d972e014b7438ab3fcd20cdf070) Importer(2089858483,b0f066a214c2f5e87bad3c948f4d605d) (ScriptedImporter) -> (artifact id: '1f8b8893ad4b69776f665d86628245cf') in 0.003533958 seconds
Number of updated asset objects reloaded before import = 0Number of asset objects unloaded after import = 9

========================================================================
Received Import Request.
  Time since last request: 0.000042 seconds.
  path: Assets/Sci-Fi Styled Modular Pack/Animations/door_3_close.anim
  artifactKey: Guid(2e05ecbfd5e046e4e8c03caf97d2a1fc) Importer(2089858483,b0f066a214c2f5e87bad3c948f4d605d)
Start importing Assets/Sci-Fi Styled Modular Pack/Animations/door_3_close.anim using Guid(2e05ecbfd5e046e4e8c03caf97d2a1fc) Importer(2089858483,b0f066a214c2f5e87bad3c948f4d605d) (ScriptedImporter) -> (artifact id: '7b3576ff3a4aa56c189e919dbe0bfe06') in 0.002067083 seconds
Number of updated asset objects reloaded before import = 0Number of asset objects unloaded after import = 1

========================================================================
Received Import Request.
  Time since last request: 0.000043 seconds.
  path: Assets/Sci-Fi Styled Modular Pack/Prefabs/Walls/Half walls/decorative_half_wall_2_LOD.prefab
  artifactKey: Guid(73b9a287a502a0d44ba093849abc1ed1) Importer(2089858483,b0f066a214c2f5e87bad3c948f4d605d)
Start importing Assets/Sci-Fi Styled Modular Pack/Prefabs/Walls/Half walls/decorative_half_wall_2_LOD.prefab using Guid(73b9a287a502a0d44ba093849abc1ed1) Importer(2089858483,b0f066a214c2f5e87bad3c948f4d605d) (ScriptedImporter) -> (artifact id: '19e72f2382ddbc180dff62fc051d8904') in 0.002394375 seconds
Number of updated asset objects reloaded before import = 0Number of asset objects unloaded after import = 16

========================================================================
Received Import Request.
  Time since last request: 0.000046 seconds.
  path: Assets/Sci-Fi Styled Modular Pack/Prefabs/Walls/Simple/decorative_wall_G.prefab
  artifactKey: Guid(7f83c849ebc7c304e8ffbc4bfe60857a) Importer(2089858483,b0f066a214c2f5e87bad3c948f4d605d)
Start importing Assets/Sci-Fi Styled Modular Pack/Prefabs/Walls/Simple/decorative_wall_G.prefab using Guid(7f83c849ebc7c304e8ffbc4bfe60857a) Importer(2089858483,b0f066a214c2f5e87bad3c948f4d605d) (ScriptedImporter) -> (artifact id: 'af678dcacfbef516f0a1b3d91efea785') in 0.002819125 seconds
Number of updated asset objects reloaded before import = 0Number of asset objects unloaded after import = 9

========================================================================
Received Import Request.
  Time since last request: 0.000033 seconds.
  path: Assets/Sci-Fi Styled Modular Pack/Models/glass_panel_1_corner.fbx
  artifactKey: Guid(87697a119091a8042b8edd7358266a70) Importer(2089858483,b0f066a214c2f5e87bad3c948f4d605d)
Start importing Assets/Sci-Fi Styled Modular Pack/Models/glass_panel_1_corner.fbx using Guid(87697a119091a8042b8edd7358266a70) Importer(2089858483,b0f066a214c2f5e87bad3c948f4d605d) (ScriptedImporter) -> (artifact id: '771d22f11588caf4f86a2f50a76955b0') in 0.003656041 seconds
Number of updated asset objects reloaded before import = 0Number of asset objects unloaded after import = 9

========================================================================
Received Import Request.
  Time since last request: 0.000040 seconds.
  path: Assets/Sci-Fi Styled Modular Pack/Prefabs/Decorative elements/console.prefab
  artifactKey: Guid(d78f2ba16003e6e4681b4702d6dcb72e) Importer(2089858483,b0f066a214c2f5e87bad3c948f4d605d)
Start importing Assets/Sci-Fi Styled Modular Pack/Prefabs/Decorative elements/console.prefab using Guid(d78f2ba16003e6e4681b4702d6dcb72e) Importer(2089858483,b0f066a214c2f5e87bad3c948f4d605d) (ScriptedImporter) -> (artifact id: '4091f3f6464ec51ab0083211d874e613') in 0.002832416 seconds
Number of updated asset objects reloaded before import = 0Number of asset objects unloaded after import = 10

========================================================================
Received Import Request.
  Time since last request: 0.000041 seconds.
  path: Assets/Sci-Fi Styled Modular Pack/Models/column_middle.fbx
  artifactKey: Guid(6c1e1578589b5f84c82931f52c63f41d) Importer(2089858483,b0f066a214c2f5e87bad3c948f4d605d)
Start importing Assets/Sci-Fi Styled Modular Pack/Models/column_middle.fbx using Guid(6c1e1578589b5f84c82931f52c63f41d) Importer(2089858483,b0f066a214c2f5e87bad3c948f4d605d) (ScriptedImporter) -> (artifact id: '2d613242ef4ddc660c568e2998138bad') in 0.003582083 seconds
Number of updated asset objects reloaded before import = 0Number of asset objects unloaded after import = 8

========================================================================
Received Import Request.
  Time since last request: 0.000039 seconds.
  path: Assets/Sci-Fi Styled Modular Pack/Animations/door_2_opened.anim
  artifactKey: Guid(cebc898aaa1dfd04e98ce52f6f10d01b) Importer(2089858483,b0f066a214c2f5e87bad3c948f4d605d)
Start importing Assets/Sci-Fi Styled Modular Pack/Animations/door_2_opened.anim using Guid(cebc898aaa1dfd04e98ce52f6f10d01b) Importer(2089858483,b0f066a214c2f5e87bad3c948f4d605d) (ScriptedImporter) -> (artifact id: '7252c289e20b7a4528d90056321d2e7b') in 0.001789916 seconds
Number of updated asset objects reloaded before import = 0Number of asset objects unloaded after import = 1

========================================================================
Received Import Request.
  Time since last request: 0.000044 seconds.
  path: Assets/Sci-Fi Styled Modular Pack/Prefabs/Windows/window_small.prefab
  artifactKey: Guid(243f4abba039a1846ad345848e88725c) Importer(2089858483,b0f066a214c2f5e87bad3c948f4d605d)
Start importing Assets/Sci-Fi Styled Modular Pack/Prefabs/Windows/window_small.prefab using Guid(243f4abba039a1846ad345848e88725c) Importer(2089858483,b0f066a214c2f5e87bad3c948f4d605d) (ScriptedImporter) -> (artifact id: '19c109ffde351ec79cc7121d42551456') in 0.006223917 seconds
Number of updated asset objects reloaded before import = 0Number of asset objects unloaded after import = 10

========================================================================
Received Import Request.
  Time since last request: 0.000024 seconds.
  path: Assets/Sci-Fi Styled Modular Pack/Animations/door_2_close.anim
  artifactKey: Guid(b06aa8b1533418b46be1e3c548d78ff5) Importer(2089858483,b0f066a214c2f5e87bad3c948f4d605d)
Start importing Assets/Sci-Fi Styled Modular Pack/Animations/door_2_close.anim using Guid(b06aa8b1533418b46be1e3c548d78ff5) Importer(2089858483,b0f066a214c2f5e87bad3c948f4d605d) (ScriptedImporter) -> (artifact id: 'f15140187260eaa547a8650f71e76aec') in 0.001684334 seconds
Number of updated asset objects reloaded before import = 0Number of asset objects unloaded after import = 1

========================================================================
Received Import Request.
  Time since last request: 0.000038 seconds.
  path: Assets/Sci-Fi Styled Modular Pack/Models/decorative_wall_3_LOD0.fbx
  artifactKey: Guid(6503a922a0ea44849b460610b2ab6d83) Importer(2089858483,b0f066a214c2f5e87bad3c948f4d605d)
Start importing Assets/Sci-Fi Styled Modular Pack/Models/decorative_wall_3_LOD0.fbx using Guid(6503a922a0ea44849b460610b2ab6d83) Importer(2089858483,b0f066a214c2f5e87bad3c948f4d605d) (ScriptedImporter) -> (artifact id: '0eb3a625f0179e2ee3b8a28ef56f7ae0') in 0.003704417 seconds
Number of updated asset objects reloaded before import = 0Number of asset objects unloaded after import = 8

========================================================================
Received Import Request.
  Time since last request: 0.000036 seconds.
  path: Assets/Sci-Fi Styled Modular Pack/Prefabs/Joints/Joint_Y_6.prefab
  artifactKey: Guid(a7e2f529ec077f5449e53f9dd39452fe) Importer(2089858483,b0f066a214c2f5e87bad3c948f4d605d)
Start importing Assets/Sci-Fi Styled Modular Pack/Prefabs/Joints/Joint_Y_6.prefab using Guid(a7e2f529ec077f5449e53f9dd39452fe) Importer(2089858483,b0f066a214c2f5e87bad3c948f4d605d) (ScriptedImporter) -> (artifact id: '54fe52b1470ece7f74613041f49b6534') in 0.003971084 seconds
Number of updated asset objects reloaded before import = 0Number of asset objects unloaded after import = 9

========================================================================
Received Import Request.
  Time since last request: 0.000038 seconds.
  path: Assets/Sci-Fi Styled Modular Pack/Models/light_wall_1.fbx
  artifactKey: Guid(7f4bb4ae1f8094c47abdd09a12d0a39c) Importer(2089858483,b0f066a214c2f5e87bad3c948f4d605d)
Start importing Assets/Sci-Fi Styled Modular Pack/Models/light_wall_1.fbx using Guid(7f4bb4ae1f8094c47abdd09a12d0a39c) Importer(2089858483,b0f066a214c2f5e87bad3c948f4d605d) (ScriptedImporter) -> (artifact id: '328e0f5ea49350547e02b1b1ef70a8f5') in 0.00382 seconds
Number of updated asset objects reloaded before import = 0Number of asset objects unloaded after import = 9

========================================================================
Received Import Request.
  Time since last request: 0.000045 seconds.
  path: Assets/Sci-Fi Styled Modular Pack/Animations/glass_door_opened.anim
  artifactKey: Guid(131b4130ff95e2741a8a06898318756f) Importer(2089858483,b0f066a214c2f5e87bad3c948f4d605d)
Start importing Assets/Sci-Fi Styled Modular Pack/Animations/glass_door_opened.anim using Guid(131b4130ff95e2741a8a06898318756f) Importer(2089858483,b0f066a214c2f5e87bad3c948f4d605d) (ScriptedImporter) -> (artifact id: '34ce27ef02378640926bc90bca22f26b') in 0.001877459 seconds
Number of updated asset objects reloaded before import = 0Number of asset objects unloaded after import = 1

========================================================================
Received Import Request.
  Time since last request: 0.000047 seconds.
  path: Assets/Sci-Fi Styled Modular Pack/Models/console_screen.fbx
  artifactKey: Guid(2ca85bdcc81d8d24ba87f0f1135cf8fe) Importer(2089858483,b0f066a214c2f5e87bad3c948f4d605d)
Start importing Assets/Sci-Fi Styled Modular Pack/Models/console_screen.fbx using Guid(2ca85bdcc81d8d24ba87f0f1135cf8fe) Importer(2089858483,b0f066a214c2f5e87bad3c948f4d605d) (ScriptedImporter) -> (artifact id: 'f4cb05ab039e8f5c997b3ed60b29ceb6') in 0.003573291 seconds
Number of updated asset objects reloaded before import = 0Number of asset objects unloaded after import = 9

========================================================================
Received Import Request.
  Time since last request: 0.000049 seconds.
  path: Assets/Sci-Fi Styled Modular Pack/Models/window_big_no_side_LOD0.fbx
  artifactKey: Guid(862c6dc08cc4469469af563072669281) Importer(2089858483,b0f066a214c2f5e87bad3c948f4d605d)
Start importing Assets/Sci-Fi Styled Modular Pack/Models/window_big_no_side_LOD0.fbx using Guid(862c6dc08cc4469469af563072669281) Importer(2089858483,b0f066a214c2f5e87bad3c948f4d605d) (ScriptedImporter) -> (artifact id: 'e2c858126e6b2bb47ae152914e22efa7') in 0.004184166 seconds
Number of updated asset objects reloaded before import = 0Number of asset objects unloaded after import = 11

========================================================================
Received Import Request.
  Time since last request: 0.000047 seconds.
  path: Assets/Sci-Fi Styled Modular Pack/Prefabs/Decorative elements/Tables/desk_no_computer.prefab
  artifactKey: Guid(861fea087c7148246939515a3d957d2e) Importer(2089858483,b0f066a214c2f5e87bad3c948f4d605d)
Start importing Assets/Sci-Fi Styled Modular Pack/Prefabs/Decorative elements/Tables/desk_no_computer.prefab using Guid(861fea087c7148246939515a3d957d2e) Importer(2089858483,b0f066a214c2f5e87bad3c948f4d605d) (ScriptedImporter) -> (artifact id: '3bdd0ea02fa9ee7098bc437f482d1926') in 0.002680042 seconds
Number of updated asset objects reloaded before import = 0Number of asset objects unloaded after import = 9

========================================================================
Received Import Request.
  Time since last request: 0.000031 seconds.
  path: Assets/Sci-Fi Styled Modular Pack/Models/floor_corner_ornament_pipes_corner.fbx
  artifactKey: Guid(b22ce922b3b4aae46bfa2eeeea927f6d) Importer(2089858483,b0f066a214c2f5e87bad3c948f4d605d)
Start importing Assets/Sci-Fi Styled Modular Pack/Models/floor_corner_ornament_pipes_corner.fbx using Guid(b22ce922b3b4aae46bfa2eeeea927f6d) Importer(2089858483,b0f066a214c2f5e87bad3c948f4d605d) (ScriptedImporter) -> (artifact id: '6e91ac3b4d5625374b2b885267a7c255') in 0.00339525 seconds
Number of updated asset objects reloaded before import = 0Number of asset objects unloaded after import = 8

========================================================================
Received Import Request.
  Time since last request: 0.000043 seconds.
  path: Assets/Sci-Fi Styled Modular Pack/Prefabs/Decorative elements/Column/column_kneel.prefab
  artifactKey: Guid(1acf2995551e93f4fb86449e38b67314) Importer(2089858483,b0f066a214c2f5e87bad3c948f4d605d)
Start importing Assets/Sci-Fi Styled Modular Pack/Prefabs/Decorative elements/Column/column_kneel.prefab using Guid(1acf2995551e93f4fb86449e38b67314) Importer(2089858483,b0f066a214c2f5e87bad3c948f4d605d) (ScriptedImporter) -> (artifact id: '07fb63d54b55178e9148b26fc44a858d') in 0.002720167 seconds
Number of updated asset objects reloaded before import = 0Number of asset objects unloaded after import = 9

========================================================================
Received Import Request.
  Time since last request: 0.000043 seconds.
  path: Assets/Sci-Fi Styled Modular Pack/Models/torpedo_docking_station_2_side.fbx
  artifactKey: Guid(3766aa24a4449cc479232884d95db281) Importer(2089858483,b0f066a214c2f5e87bad3c948f4d605d)
Start importing Assets/Sci-Fi Styled Modular Pack/Models/torpedo_docking_station_2_side.fbx using Guid(3766aa24a4449cc479232884d95db281) Importer(2089858483,b0f066a214c2f5e87bad3c948f4d605d) (ScriptedImporter) -> (artifact id: '28ee9e0d8c6284aaa094b44207da1193') in 0.003668875 seconds
Number of updated asset objects reloaded before import = 0Number of asset objects unloaded after import = 8

========================================================================
Received Import Request.
  Time since last request: 0.000025 seconds.
  path: Assets/Sci-Fi Styled Modular Pack/Prefabs/Walls/decorative_wall_4_computer.prefab
  artifactKey: Guid(897c9b0e5e04118499e0903c7754628f) Importer(2089858483,b0f066a214c2f5e87bad3c948f4d605d)
Start importing Assets/Sci-Fi Styled Modular Pack/Prefabs/Walls/decorative_wall_4_computer.prefab using Guid(897c9b0e5e04118499e0903c7754628f) Importer(2089858483,b0f066a214c2f5e87bad3c948f4d605d) (ScriptedImporter) -> (artifact id: '8c3658a2746cba0045e6561709d53246') in 0.003437042 seconds
Number of updated asset objects reloaded before import = 0Number of asset objects unloaded after import = 16

========================================================================
Received Import Request.
  Time since last request: 0.000036 seconds.
  path: Assets/Sci-Fi Styled Modular Pack/Prefabs/Walls/glass_panel_1.prefab
  artifactKey: Guid(a5cd29a93d7ae2d488fa0376d0d08462) Importer(2089858483,b0f066a214c2f5e87bad3c948f4d605d)
Start importing Assets/Sci-Fi Styled Modular Pack/Prefabs/Walls/glass_panel_1.prefab using Guid(a5cd29a93d7ae2d488fa0376d0d08462) Importer(2089858483,b0f066a214c2f5e87bad3c948f4d605d) (ScriptedImporter) -> (artifact id: '1f9342818de356c9fcc6a3d7ad02de04') in 0.002811334 seconds
Number of updated asset objects reloaded before import = 0Number of asset objects unloaded after import = 10

========================================================================
Received Import Request.
  Time since last request: 0.000044 seconds.
  path: Assets/Sci-Fi Styled Modular Pack/Prefabs/Machines/container_big.prefab
  artifactKey: Guid(9d79238e340446545b920b58f2cd9574) Importer(2089858483,b0f066a214c2f5e87bad3c948f4d605d)
Start importing Assets/Sci-Fi Styled Modular Pack/Prefabs/Machines/container_big.prefab using Guid(9d79238e340446545b920b58f2cd9574) Importer(2089858483,b0f066a214c2f5e87bad3c948f4d605d) (ScriptedImporter) -> (artifact id: '4086fb027081a9d96f5c3b621b8706ba') in 0.002807209 seconds
Number of updated asset objects reloaded before import = 0Number of asset objects unloaded after import = 9

========================================================================
Received Import Request.
  Time since last request: 0.000044 seconds.
  path: Assets/Sci-Fi Styled Modular Pack/Prefabs/Decorative elements/Tables/decorative_table_small_no_glass.prefab
  artifactKey: Guid(26af61b285562a24abea55bb623bf8c1) Importer(2089858483,b0f066a214c2f5e87bad3c948f4d605d)
Start importing Assets/Sci-Fi Styled Modular Pack/Prefabs/Decorative elements/Tables/decorative_table_small_no_glass.prefab using Guid(26af61b285562a24abea55bb623bf8c1) Importer(2089858483,b0f066a214c2f5e87bad3c948f4d605d) (ScriptedImporter) -> (artifact id: '26224c41c5ac53dd14475ee99b8c331d') in 0.002995834 seconds
Number of updated asset objects reloaded before import = 0Number of asset objects unloaded after import = 10

========================================================================
Received Import Request.
  Time since last request: 0.000029 seconds.
  path: Assets/Sci-Fi Styled Modular Pack/Prefabs/Corridors
  artifactKey: Guid(b96310b789269854c9e8eaca0597493b) Importer(2089858483,b0f066a214c2f5e87bad3c948f4d605d)
Start importing Assets/Sci-Fi Styled Modular Pack/Prefabs/Corridors using Guid(b96310b789269854c9e8eaca0597493b) Importer(2089858483,b0f066a214c2f5e87bad3c948f4d605d) (ScriptedImporter) -> (artifact id: 'bc6dc2c0979debab4b2b548e9f1de4ff') in 0.0012625 seconds
Number of updated asset objects reloaded before import = 0Number of asset objects unloaded after import = 1

========================================================================
Received Import Request.
  Time since last request: 0.000043 seconds.
  path: Assets/Sci-Fi Styled Modular Pack/Prefabs/Decorative elements/cabinet_L.prefab
  artifactKey: Guid(04ced07fc5a1dbb45906c40768747c8a) Importer(2089858483,b0f066a214c2f5e87bad3c948f4d605d)
Start importing Assets/Sci-Fi Styled Modular Pack/Prefabs/Decorative elements/cabinet_L.prefab using Guid(04ced07fc5a1dbb45906c40768747c8a) Importer(2089858483,b0f066a214c2f5e87bad3c948f4d605d) (ScriptedImporter) -> (artifact id: '32cf4e31342bc475ed46ec5a8e0d4844') in 0.00288775 seconds
Number of updated asset objects reloaded before import = 0Number of asset objects unloaded after import = 9

========================================================================
Received Import Request.
  Time since last request: 0.000034 seconds.
  path: Assets/Sci-Fi Styled Modular Pack/Example scenes
  artifactKey: Guid(c3044d2c539506749a9607c66c189c14) Importer(2089858483,b0f066a214c2f5e87bad3c948f4d605d)
Start importing Assets/Sci-Fi Styled Modular Pack/Example scenes using Guid(c3044d2c539506749a9607c66c189c14) Importer(2089858483,b0f066a214c2f5e87bad3c948f4d605d) (ScriptedImporter) -> (artifact id: 'c0b16174e358c5111fbdd934207886a3') in 0.001226209 seconds
Number of updated asset objects reloaded before import = 0Number of asset objects unloaded after import = 1

========================================================================
Received Import Request.
  Time since last request: 0.000041 seconds.
  path: Assets/Sci-Fi Styled Modular Pack/Models/cabinet.fbx
  artifactKey: Guid(dd8d5ab829c8a6c48aafbfe7a869bb4b) Importer(2089858483,b0f066a214c2f5e87bad3c948f4d605d)
Start importing Assets/Sci-Fi Styled Modular Pack/Models/cabinet.fbx using Guid(dd8d5ab829c8a6c48aafbfe7a869bb4b) Importer(2089858483,b0f066a214c2f5e87bad3c948f4d605d) (ScriptedImporter) -> (artifact id: '19597d91b3099230fff719a7767069cc') in 0.0035545 seconds
Number of updated asset objects reloaded before import = 0Number of asset objects unloaded after import = 8

========================================================================
Received Import Request.
  Time since last request: 0.000046 seconds.
  path: Assets/Sci-Fi Styled Modular Pack/Models/decorative_wall_4_computer_LOD0.fbx
  artifactKey: Guid(f6910e490da85c643b2e09c71b8b5a8d) Importer(2089858483,b0f066a214c2f5e87bad3c948f4d605d)
Start importing Assets/Sci-Fi Styled Modular Pack/Models/decorative_wall_4_computer_LOD0.fbx using Guid(f6910e490da85c643b2e09c71b8b5a8d) Importer(2089858483,b0f066a214c2f5e87bad3c948f4d605d) (ScriptedImporter) -> (artifact id: '0253ab3af3a3b5d085ba8d270fc1f1de') in 0.003909375 seconds
Number of updated asset objects reloaded before import = 0Number of asset objects unloaded after import = 11

========================================================================
Received Import Request.
  Time since last request: 0.000036 seconds.
  path: Assets/Sci-Fi Styled Modular Pack/Models/decorative_plant.fbx
  artifactKey: Guid(77481a7c618d8c14cbf3663b6c659704) Importer(2089858483,b0f066a214c2f5e87bad3c948f4d605d)
Start importing Assets/Sci-Fi Styled Modular Pack/Models/decorative_plant.fbx using Guid(77481a7c618d8c14cbf3663b6c659704) Importer(2089858483,b0f066a214c2f5e87bad3c948f4d605d) (ScriptedImporter) -> (artifact id: '8817addfbb0fd2bdfbcbd863e00acb8a') in 0.003893417 seconds
Number of updated asset objects reloaded before import = 0Number of asset objects unloaded after import = 11

========================================================================
Received Import Request.
  Time since last request: 0.000034 seconds.
  path: Assets/Sci-Fi Styled Modular Pack/Models/frame_door_2.fbx
  artifactKey: Guid(4145d79a2e7614c449cbb67181a01886) Importer(2089858483,b0f066a214c2f5e87bad3c948f4d605d)
Start importing Assets/Sci-Fi Styled Modular Pack/Models/frame_door_2.fbx using Guid(4145d79a2e7614c449cbb67181a01886) Importer(2089858483,b0f066a214c2f5e87bad3c948f4d605d) (ScriptedImporter) -> (artifact id: '66f27bb23ee684cd5d71470655fbcf32') in 0.004086333 seconds
Number of updated asset objects reloaded before import = 0Number of asset objects unloaded after import = 10

========================================================================
Received Import Request.
  Time since last request: 0.000030 seconds.
  path: Assets/Sci-Fi Styled Modular Pack/Models/decorative_half_wall_3_LOD0.fbx
  artifactKey: Guid(ce40e961651af434ca660d2d087505cb) Importer(2089858483,b0f066a214c2f5e87bad3c948f4d605d)
Start importing Assets/Sci-Fi Styled Modular Pack/Models/decorative_half_wall_3_LOD0.fbx using Guid(ce40e961651af434ca660d2d087505cb) Importer(2089858483,b0f066a214c2f5e87bad3c948f4d605d) (ScriptedImporter) -> (artifact id: 'e2915c5a067714a793b574dd79c70ba9') in 0.004381167 seconds
Number of updated asset objects reloaded before import = 0Number of asset objects unloaded after import = 8

========================================================================
Received Import Request.
  Time since last request: 0.000040 seconds.
  path: Assets/Sci-Fi Styled Modular Pack/Prefabs/Decorative elements/bulletin_board_big.prefab
  artifactKey: Guid(9050f6c8a29d61f49ac1b3052875c968) Importer(2089858483,b0f066a214c2f5e87bad3c948f4d605d)
Start importing Assets/Sci-Fi Styled Modular Pack/Prefabs/Decorative elements/bulletin_board_big.prefab using Guid(9050f6c8a29d61f49ac1b3052875c968) Importer(2089858483,b0f066a214c2f5e87bad3c948f4d605d) (ScriptedImporter) -> (artifact id: '93f9899934ef831adba4c92a715f98d3') in 0.002719375 seconds
Number of updated asset objects reloaded before import = 0Number of asset objects unloaded after import = 9

========================================================================
Received Import Request.
  Time since last request: 0.000038 seconds.
  path: Assets/Sci-Fi Styled Modular Pack/Models/window_big_blocker_3.fbx
  artifactKey: Guid(79a7cafaae76eae45b2823cb5d3a37b7) Importer(2089858483,b0f066a214c2f5e87bad3c948f4d605d)
Start importing Assets/Sci-Fi Styled Modular Pack/Models/window_big_blocker_3.fbx using Guid(79a7cafaae76eae45b2823cb5d3a37b7) Importer(2089858483,b0f066a214c2f5e87bad3c948f4d605d) (ScriptedImporter) -> (artifact id: '071b5bee54273f1d7ee00ebd6820c67d') in 0.003461792 seconds
Number of updated asset objects reloaded before import = 0Number of asset objects unloaded after import = 8

========================================================================
Received Import Request.
  Time since last request: 0.000039 seconds.
  path: Assets/Sci-Fi Styled Modular Pack/Models/floor_3_LOD0.fbx
  artifactKey: Guid(098298ac5885d644b88e23acae396497) Importer(2089858483,b0f066a214c2f5e87bad3c948f4d605d)
Start importing Assets/Sci-Fi Styled Modular Pack/Models/floor_3_LOD0.fbx using Guid(098298ac5885d644b88e23acae396497) Importer(2089858483,b0f066a214c2f5e87bad3c948f4d605d) (ScriptedImporter) -> (artifact id: '5267900640002d78fccbda42ced06db4') in 0.003472083 seconds
Number of updated asset objects reloaded before import = 0Number of asset objects unloaded after import = 8

========================================================================
Received Import Request.
  Time since last request: 0.000041 seconds.
  path: Assets/Sci-Fi Styled Modular Pack/Models/Cube_1x2_extended.fbx
  artifactKey: Guid(4ea7f4ce4710e444abbd19154bbe29b8) Importer(2089858483,b0f066a214c2f5e87bad3c948f4d605d)
Start importing Assets/Sci-Fi Styled Modular Pack/Models/Cube_1x2_extended.fbx using Guid(4ea7f4ce4710e444abbd19154bbe29b8) Importer(2089858483,b0f066a214c2f5e87bad3c948f4d605d) (ScriptedImporter) -> (artifact id: '2685cf420753ac80143aeea8cd44e3dd') in 0.00359675 seconds
Number of updated asset objects reloaded before import = 0Number of asset objects unloaded after import = 8

========================================================================
Received Import Request.
  Time since last request: 0.000029 seconds.
  path: Assets/Sci-Fi Styled Modular Pack/Models/window_big_no_side.fbx
  artifactKey: Guid(fb216cfa51ba6e34c91a5a29b50e2ab2) Importer(2089858483,b0f066a214c2f5e87bad3c948f4d605d)
Start importing Assets/Sci-Fi Styled Modular Pack/Models/window_big_no_side.fbx using Guid(fb216cfa51ba6e34c91a5a29b50e2ab2) Importer(2089858483,b0f066a214c2f5e87bad3c948f4d605d) (ScriptedImporter) -> (artifact id: '527066361736d8e0f9366b8f55a2509e') in 0.003896959 seconds
Number of updated asset objects reloaded before import = 0Number of asset objects unloaded after import = 11

========================================================================
Received Import Request.
  Time since last request: 0.000035 seconds.
  path: Assets/Sci-Fi Styled Modular Pack/Textures/lattice-emision-mask.png
  artifactKey: Guid(a2439a5526984d64c804eae4d1d65b8a) Importer(2089858483,b0f066a214c2f5e87bad3c948f4d605d)
Start importing Assets/Sci-Fi Styled Modular Pack/Textures/lattice-emision-mask.png using Guid(a2439a5526984d64c804eae4d1d65b8a) Importer(2089858483,b0f066a214c2f5e87bad3c948f4d605d) (ScriptedImporter) -> (artifact id: 'd2122c6e7666f1dda281738717d201bd') in 0.003551083 seconds
Number of updated asset objects reloaded before import = 0Number of asset objects unloaded after import = 1

========================================================================
Received Import Request.
  Time since last request: 0.000044 seconds.
  path: Assets/Sci-Fi Styled Modular Pack/Prefabs/Machines/generator.prefab
  artifactKey: Guid(562f0bb8ba91fe844baf976e5806516d) Importer(2089858483,b0f066a214c2f5e87bad3c948f4d605d)
Start importing Assets/Sci-Fi Styled Modular Pack/Prefabs/Machines/generator.prefab using Guid(562f0bb8ba91fe844baf976e5806516d) Importer(2089858483,b0f066a214c2f5e87bad3c948f4d605d) (ScriptedImporter) -> (artifact id: 'ca5e7a46dcaef5cf08b5c1a64b2ddbf4') in 0.002734708 seconds
Number of updated asset objects reloaded before import = 0Number of asset objects unloaded after import = 9

========================================================================
Received Import Request.
  Time since last request: 0.000038 seconds.
  path: Assets/Sci-Fi Styled Modular Pack/Materials/hologram.mat
  artifactKey: Guid(e305453a48fa58446882f6671dfa0d58) Importer(2089858483,b0f066a214c2f5e87bad3c948f4d605d)
Start importing Assets/Sci-Fi Styled Modular Pack/Materials/hologram.mat using Guid(e305453a48fa58446882f6671dfa0d58) Importer(2089858483,b0f066a214c2f5e87bad3c948f4d605d) (ScriptedImporter) -> (artifact id: 'b68d90e10076c36f302b30597a903e85') in 0.106056292 seconds
Number of updated asset objects reloaded before import = 0Number of asset objects unloaded after import = 2

========================================================================
Received Import Request.
  Time since last request: 1.369129 seconds.
  path: Assets/Sci-Fi Styled Modular Pack
  artifactKey: Guid(c852910dc196e4a8e9badc3d2cededff) Importer(815301076,1909f56bfc062723c751e8b465ee728b)
Start importing Assets/Sci-Fi Styled Modular Pack using Guid(c852910dc196e4a8e9badc3d2cededff) Importer(815301076,1909f56bfc062723c751e8b465ee728b) (PreviewImporter) -> (artifact id: '456341308df759bf3ae137a0e7b2df3a') in 0.000309 seconds
Number of updated asset objects reloaded before import = 0Number of asset objects unloaded after import = 0

========================================================================
Received Import Request.
  Time since last request: 1.614694 seconds.
  path: Assets/Sci-Fi Styled Modular Pack/Example scenes
  artifactKey: Guid(c3044d2c539506749a9607c66c189c14) Importer(815301076,1909f56bfc062723c751e8b465ee728b)
Start importing Assets/Sci-Fi Styled Modular Pack/Example scenes using Guid(c3044d2c539506749a9607c66c189c14) Importer(815301076,1909f56bfc062723c751e8b465ee728b) (PreviewImporter) -> (artifact id: '558f343b2976df6dfa1f37bbc1a18273') in 0.000290167 seconds
Number of updated asset objects reloaded before import = 0Number of asset objects unloaded after import = 0

========================================================================
Received Import Request.
  Time since last request: 0.878349 seconds.
  path: Assets/Sci-Fi Styled Modular Pack/Example scenes/outpost on desert.unity
  artifactKey: Guid(b42ca4c5c936383429d2318c931f7ad2) Importer(815301076,1909f56bfc062723c751e8b465ee728b)
Start importing Assets/Sci-Fi Styled Modular Pack/Example scenes/outpost on desert.unity using Guid(b42ca4c5c936383429d2318c931f7ad2) Importer(815301076,1909f56bfc062723c751e8b465ee728b) (PreviewImporter) -> (artifact id: 'abd11bd78368bfe666b570aa0dd785fe') in 0.00031675 seconds
Number of updated asset objects reloaded before import = 0Number of asset objects unloaded after import = 0

========================================================================
Received Import Request.
  Time since last request: 3.642602 seconds.
  path: Assets/Sci-Fi Styled Modular Pack/Example scenes/outpost on desert/ReflectionProbe-0.exr
  artifactKey: Guid(3f3fb63738c614a56a685165c73d85b2) Importer(2089858483,b0f066a214c2f5e87bad3c948f4d605d)
Start importing Assets/Sci-Fi Styled Modular Pack/Example scenes/outpost on desert/ReflectionProbe-0.exr using Guid(3f3fb63738c614a56a685165c73d85b2) Importer(2089858483,b0f066a214c2f5e87bad3c948f4d605d) (ScriptedImporter) -> (artifact id: '7cfd9484e6e748a00d734f6a099716e8') in 0.004367917 seconds
Number of updated asset objects reloaded before import = 0Number of asset objects unloaded after import = 1

========================================================================
Received Prepare
Begin MonoManager ReloadAssembly
[Licensing::Client] Successfully resolved entitlement details
Thread 0x16fedf000 may have been prematurely finalized
Symbol file LoadedFromMemory is not a mono symbol file
- Loaded All Assemblies, in  0.454 seconds
Script 'CharacterController' has the same name as built-in Unity component.
AddComponent and GetComponent will not work with this script.
'Packages/com.meta.xr.sdk.core/Editor/RuntimeOptimizer/RuntimeOptimizerNetworking.cs' contains partial class of Unity.Object, exactly 1 of the partial classes needs to be in a file with the same filename. This is to know the one that can be referenced from ie. GameObjects
'Packages/com.meta.xr.sdk.core/Editor/BuildingBlocks/BlocksWindow.cs' contains partial class of Unity.Object, exactly 1 of the partial classes needs to be in a file with the same filename. This is to know the one that can be referenced from ie. GameObjects
'Packages/com.meta.xr.sdk.core/Editor/RuntimeOptimizer/RuntimeOptimizerStyles.cs' contains partial class of Unity.Object, exactly 1 of the partial classes needs to be in a file with the same filename. This is to know the one that can be referenced from ie. GameObjects
'Packages/com.meta.xr.sdk.core/Editor/RuntimeOptimizer/RuntimeOptimizer.cs' contains partial class of Unity.Object, exactly 1 of the partial classes needs to be in a file with the same filename. This is to know the one that can be referenced from ie. GameObjects
'Packages/com.meta.xr.sdk.core/Editor/BuildingBlocks/BlocksWindowDetailsExtension.cs' contains partial class of Unity.Object, exactly 1 of the partial classes needs to be in a file with the same filename. This is to know the one that can be referenced from ie. GameObjects
'Packages/com.meta.xr.sdk.core/Editor/BuildingBlocks/BlocksWindowCollectionsPageExtension.cs' contains partial class of Unity.Object, exactly 1 of the partial classes needs to be in a file with the same filename. This is to know the one that can be referenced from ie. GameObjects
Refreshing native plugins compatible for Editor in 3.00 ms, found 18 plugins.
Native extension for iOS target not found
Native extension for Android target not found
Native extension for OSXStandalone target not found
[Package Manager] Failed to launch server process. Reason: Unity was launched with the -noUpm command-line argument
[Package Manager] Unable to send message (not connected to server process).
[Package Manager] Cannot connect to Unity Package Manager local server
Refreshing native plugins compatible for Editor in 3.02 ms, found 18 plugins.
[Package Manager] Failed to launch server process. Reason: Unity was launched with the -noUpm command-line argument
[Package Manager] Unable to send message (not connected to server process).
[Package Manager] Cannot connect to Unity Package Manager local server
[Package Manager] Failed to launch server process. Reason: Unity was launched with the -noUpm command-line argument
[Package Manager] Unable to send message (not connected to server process).
[Package Manager] Cannot connect to Unity Package Manager local server
[Package Manager] Failed to launch server process. Reason: Unity was launched with the -noUpm command-line argument
[Package Manager] Unable to send message (not connected to server process).
[Package Manager] Cannot connect to Unity Package Manager local server
ScheduleIndexationOnStartup MainProcess:False IndexOnStartup:True
Mono: successfully reloaded assembly
[Package Manager] Failed to launch server process. Reason: Unity was launched with the -noUpm command-line argument
[Package Manager] Unable to send message (not connected to server process).
[Package Manager] Cannot connect to Unity Package Manager local server
- Finished resetting the current domain, in  0.586 seconds
Domain Reload Profiling: 1043ms
	BeginReloadAssembly (95ms)
		ExecutionOrderSort (0ms)
		DisableScriptedObjects (3ms)
		BackupInstance (0ms)
		ReleaseScriptingObjects (0ms)
		CreateAndSetChildDomain (31ms)
	RebuildCommonClasses (18ms)
	RebuildNativeTypeToScriptingClass (7ms)
	initialDomainReloadingComplete (11ms)
	LoadAllAssembliesAndSetupDomain (326ms)
		LoadAssemblies (214ms)
		RebuildTransferFunctionScriptingTraits (0ms)
		AnalyzeDomain (133ms)
			TypeCache.Refresh (8ms)
				TypeCache.ScanAssembly (0ms)
			BuildScriptInfoCaches (112ms)
			ResolveRequiredComponents (10ms)
	FinalizeReload (586ms)
		ReleaseScriptCaches (0ms)
		RebuildScriptCaches (0ms)
		SetupLoadedEditorAssemblies (487ms)
			LogAssemblyErrors (0ms)
			InitializePlatformSupportModulesInManaged (9ms)
			SetLoadedEditorAssemblies (4ms)
			BeforeProcessingInitializeOnLoad (87ms)
			ProcessInitializeOnLoadAttributes (291ms)
			ProcessInitializeOnLoadMethodAttributes (95ms)
			AfterProcessingInitializeOnLoad (1ms)
			EditorAssembliesLoaded (0ms)
		ExecutionOrderSort2 (0ms)
		AwakeInstancesAfterBackupRestoration (5ms)
WARNING: Shader Unsupported: 'Universal Render Pipeline/VR/SpatialMapping/Wireframe' - All subshaders removed
WARNING: Shader Did you use #pragma only_renderers and omit this platform?
WARNING: Shader If subshaders removal was intentional, you may have forgotten turning Fallback off?
WARNING: Shader Unsupported: 'Universal Render Pipeline/VR/SpatialMapping/Wireframe' - All subshaders removed
WARNING: Shader Did you use #pragma only_renderers and omit this platform?
WARNING: Shader If subshaders removal was intentional, you may have forgotten turning Fallback off?
Refreshing native plugins compatible for Editor in 3.82 ms, found 18 plugins.
Preloading 1 native plugins for Editor in 0.34 ms.
Unloading 22 Unused Serialized files (Serialized files now loaded: 0)
Unloading 10036 unused Assets / (5.1 MB). Loaded Objects now: 10940.
Memory consumption went from 209.4 MB to 204.2 MB.
Total: 9.777667 ms (FindLiveObjects: 0.463583 ms CreateObjectMapping: 0.266958 ms MarkObjects: 7.514417 ms  DeleteObjects: 1.532500 ms)

Prepare: number of updated asset objects reloaded= 0
Shader 'Meta/MRUK/Scene/HighlightsAndShadows': fallback shader 'Off' not found
Shader 'Oculus/OVRMRCameraFrameLit': fallback shader 'Alpha-Diffuse' not found
========================================================================
Received Prepare
WARNING: Shader Unsupported: 'Universal Render Pipeline/VR/SpatialMapping/Wireframe' - All subshaders removed
WARNING: Shader Did you use #pragma only_renderers and omit this platform?
WARNING: Shader If subshaders removal was intentional, you may have forgotten turning Fallback off?
WARNING: Shader Unsupported: 'Universal Render Pipeline/VR/SpatialMapping/Wireframe' - All subshaders removed
WARNING: Shader Did you use #pragma only_renderers and omit this platform?
WARNING: Shader If subshaders removal was intentional, you may have forgotten turning Fallback off?
Refreshing native plugins compatible for Editor in 3.94 ms, found 18 plugins.
Preloading 1 native plugins for Editor in 0.35 ms.
Unloading 22 Unused Serialized files (Serialized files now loaded: 0)
Unloading 22 unused Assets / (1.9 MB). Loaded Objects now: 10940.
Memory consumption went from 178.5 MB to 176.6 MB.
Total: 8.059375 ms (FindLiveObjects: 0.237708 ms CreateObjectMapping: 0.079500 ms MarkObjects: 7.558209 ms  DeleteObjects: 0.183542 ms)

Prepare: number of updated asset objects reloaded= 0
Shader 'Meta/MRUK/Scene/HighlightsAndShadows': fallback shader 'Off' not found
Shader 'Oculus/OVRMRCameraFrameLit': fallback shader 'Alpha-Diffuse' not found
========================================================================
Received Import Request.
  Time since last request: 62.834768 seconds.
  path: Assets/Sci-Fi Styled Modular Pack/Example scenes/outpost with snow.unity
  artifactKey: Guid(e8cf1d29775c7e24f9dd35148a6437c0) Importer(815301076,1909f56bfc062723c751e8b465ee728b)
Start importing Assets/Sci-Fi Styled Modular Pack/Example scenes/outpost with snow.unity using Guid(e8cf1d29775c7e24f9dd35148a6437c0) Importer(815301076,1909f56bfc062723c751e8b465ee728b) (PreviewImporter) -> (artifact id: 'e4576b324c51d3fc32b5a81e64358ba2') in 0.001094042 seconds
Number of updated asset objects reloaded before import = 0Number of asset objects unloaded after import = 0

========================================================================
Received Import Request.
  Time since last request: 137.437119 seconds.
  path: Assets/StreamingAssets
  artifactKey: Guid(25df75b2345584c92b3152beafe38b2d) Importer(2089858483,b0f066a214c2f5e87bad3c948f4d605d)
Start importing Assets/StreamingAssets using Guid(25df75b2345584c92b3152beafe38b2d) Importer(2089858483,b0f066a214c2f5e87bad3c948f4d605d) (ScriptedImporter) -> (artifact id: '85a7c5e1be79e6cd48711af36e445acf') in 0.02726975 seconds
Number of updated asset objects reloaded before import = 0Number of asset objects unloaded after import = 1

========================================================================
Received Import Request.
  Time since last request: 0.000087 seconds.
  path: Assets/Sci-Fi Styled Modular Pack/Example scenes/Materials/Sand.mat
  artifactKey: Guid(d7ecd8db85bf61440b7ca5d302afd010) Importer(2089858483,b0f066a214c2f5e87bad3c948f4d605d)
Start importing Assets/Sci-Fi Styled Modular Pack/Example scenes/Materials/Sand.mat using Guid(d7ecd8db85bf61440b7ca5d302afd010) Importer(2089858483,b0f066a214c2f5e87bad3c948f4d605d) (ScriptedImporter) -> (artifact id: 'cd9d2d2e70e6b968f4474545454c031c') in 0.021638 seconds
Number of updated asset objects reloaded before import = 0Number of asset objects unloaded after import = 1

========================================================================
Received Import Request.
  Time since last request: 0.000038 seconds.
  path: Assets/Sci-Fi Styled Modular Pack/Example scenes/outpost with snow/ReflectionProbe-0.exr
  artifactKey: Guid(f6a2d75b23e0a48a79d762406661458a) Importer(2089858483,b0f066a214c2f5e87bad3c948f4d605d)
Start importing Assets/Sci-Fi Styled Modular Pack/Example scenes/outpost with snow/ReflectionProbe-0.exr using Guid(f6a2d75b23e0a48a79d762406661458a) Importer(2089858483,b0f066a214c2f5e87bad3c948f4d605d) (ScriptedImporter) -> (artifact id: '10ef4c7a1a556f5274a0bcf44738cb43') in 0.021211583 seconds
Number of updated asset objects reloaded before import = 0Number of asset objects unloaded after import = 1

========================================================================
Received Import Request.
  Time since last request: 0.000039 seconds.
  path: Assets/Sci-Fi Styled Modular Pack/Materials/Palletes/base color.mat
  artifactKey: Guid(10de6384af0c3b54e8166f9c3f936e88) Importer(2089858483,b0f066a214c2f5e87bad3c948f4d605d)
Start importing Assets/Sci-Fi Styled Modular Pack/Materials/Palletes/base color.mat using Guid(10de6384af0c3b54e8166f9c3f936e88) Importer(2089858483,b0f066a214c2f5e87bad3c948f4d605d) (ScriptedImporter) -> (artifact id: '5ac34386a7675c510bf5d76d8b1316d8') in 0.006093042 seconds
Number of updated asset objects reloaded before import = 0Number of asset objects unloaded after import = 4

========================================================================
Received Import Request.
  Time since last request: 0.000075 seconds.
  path: Assets/Sci-Fi Styled Modular Pack/Materials/nature_root.mat
  artifactKey: Guid(00fc27719fc29924b9a34aab914dc83a) Importer(2089858483,b0f066a214c2f5e87bad3c948f4d605d)
Start importing Assets/Sci-Fi Styled Modular Pack/Materials/nature_root.mat using Guid(00fc27719fc29924b9a34aab914dc83a) Importer(2089858483,b0f066a214c2f5e87bad3c948f4d605d) (ScriptedImporter) -> (artifact id: '509d1b44edc692a840b318ec62fb8c34') in 0.002453791 seconds
Number of updated asset objects reloaded before import = 0Number of asset objects unloaded after import = 1

========================================================================
Received Import Request.
  Time since last request: 0.000054 seconds.
  path: Assets/Sci-Fi Styled Modular Pack/Materials/lattice floor.mat
  artifactKey: Guid(62dcf96e239eb0d4db44cbe622abf152) Importer(2089858483,b0f066a214c2f5e87bad3c948f4d605d)
Start importing Assets/Sci-Fi Styled Modular Pack/Materials/lattice floor.mat using Guid(62dcf96e239eb0d4db44cbe622abf152) Importer(2089858483,b0f066a214c2f5e87bad3c948f4d605d) (ScriptedImporter) -> (artifact id: '657ccba7e5f95b39d8f26a0fe1e2ee5a') in 0.003127042 seconds
Number of updated asset objects reloaded before import = 0Number of asset objects unloaded after import = 2

========================================================================
Received Import Request.
  Time since last request: 0.000054 seconds.
  path: Assets/Sci-Fi Styled Modular Pack/Materials/comuter_wall.mat
  artifactKey: Guid(0d0f1f087865a1c47826008280428fdf) Importer(2089858483,b0f066a214c2f5e87bad3c948f4d605d)
Start importing Assets/Sci-Fi Styled Modular Pack/Materials/comuter_wall.mat using Guid(0d0f1f087865a1c47826008280428fdf) Importer(2089858483,b0f066a214c2f5e87bad3c948f4d605d) (ScriptedImporter) -> (artifact id: 'aa67ceae510c77358316d159919a95de') in 0.006629833 seconds
Number of updated asset objects reloaded before import = 0Number of asset objects unloaded after import = 3

========================================================================
Received Import Request.
  Time since last request: 0.000049 seconds.
  path: Assets/Sci-Fi Styled Modular Pack/Materials/projector_warning.mat
  artifactKey: Guid(51d587eafcd13384bafd060c5bc7cb82) Importer(2089858483,b0f066a214c2f5e87bad3c948f4d605d)
Start importing Assets/Sci-Fi Styled Modular Pack/Materials/projector_warning.mat using Guid(51d587eafcd13384bafd060c5bc7cb82) Importer(2089858483,b0f066a214c2f5e87bad3c948f4d605d) (ScriptedImporter) -> (artifact id: '8cf8bc0669f738ba1677a2c5b5201e02') in 0.003731834 seconds
Number of updated asset objects reloaded before import = 0Number of asset objects unloaded after import = 2

========================================================================
Received Import Request.
  Time since last request: 0.000047 seconds.
  path: Assets/Sci-Fi Styled Modular Pack/Example scenes/outpost on desert.unity
  artifactKey: Guid(b42ca4c5c936383429d2318c931f7ad2) Importer(2089858483,b0f066a214c2f5e87bad3c948f4d605d)
Start importing Assets/Sci-Fi Styled Modular Pack/Example scenes/outpost on desert.unity using Guid(b42ca4c5c936383429d2318c931f7ad2) Importer(2089858483,b0f066a214c2f5e87bad3c948f4d605d) (ScriptedImporter) -> (artifact id: '07b3120ae38b64bb94c3f72decb2a9b1') in 0.008622 seconds
Number of updated asset objects reloaded before import = 0Number of asset objects unloaded after import = 1

========================================================================
Received Import Request.
  Time since last request: 0.000037 seconds.
  path: Assets/Sci-Fi Styled Modular Pack/Example scenes/outpost with snowSettings.lighting
  artifactKey: Guid(18d22664e76b54ac3aa482661c1882d7) Importer(2089858483,b0f066a214c2f5e87bad3c948f4d605d)
Start importing Assets/Sci-Fi Styled Modular Pack/Example scenes/outpost with snowSettings.lighting using Guid(18d22664e76b54ac3aa482661c1882d7) Importer(2089858483,b0f066a214c2f5e87bad3c948f4d605d) (ScriptedImporter) -> (artifact id: '56aeea74d6497e532c0ac150b72782db') in 0.00634875 seconds
Number of updated asset objects reloaded before import = 0Number of asset objects unloaded after import = 1

========================================================================
Received Import Request.
  Time since last request: 0.000034 seconds.
  path: Assets/Sci-Fi Styled Modular Pack/Materials/screen.mat
  artifactKey: Guid(bf1464b84bb76b44abb088d5a41acfee) Importer(2089858483,b0f066a214c2f5e87bad3c948f4d605d)
Start importing Assets/Sci-Fi Styled Modular Pack/Materials/screen.mat using Guid(bf1464b84bb76b44abb088d5a41acfee) Importer(2089858483,b0f066a214c2f5e87bad3c948f4d605d) (ScriptedImporter) -> (artifact id: 'c64ceaa2c3325fad26902c69ed7ed692') in 0.002456208 seconds
Number of updated asset objects reloaded before import = 0Number of asset objects unloaded after import = 1

========================================================================
Received Import Request.
  Time since last request: 0.000060 seconds.
  path: Assets/Sci-Fi Styled Modular Pack/Example scenes/outpost with snow.unity
  artifactKey: Guid(e8cf1d29775c7e24f9dd35148a6437c0) Importer(2089858483,b0f066a214c2f5e87bad3c948f4d605d)
Start importing Assets/Sci-Fi Styled Modular Pack/Example scenes/outpost with snow.unity using Guid(e8cf1d29775c7e24f9dd35148a6437c0) Importer(2089858483,b0f066a214c2f5e87bad3c948f4d605d) (ScriptedImporter) -> (artifact id: '9bd3af9eb3fba39d12199bd387568df6') in 0.007239375 seconds
Number of updated asset objects reloaded before import = 0Number of asset objects unloaded after import = 1

========================================================================
Received Import Request.
  Time since last request: 0.000043 seconds.
  path: Assets/Sci-Fi Styled Modular Pack/Example scenes/Materials/Snow.mat
  artifactKey: Guid(d6ca041d3b582d94a8f2ad86f4b1e304) Importer(2089858483,b0f066a214c2f5e87bad3c948f4d605d)
Start importing Assets/Sci-Fi Styled Modular Pack/Example scenes/Materials/Snow.mat using Guid(d6ca041d3b582d94a8f2ad86f4b1e304) Importer(2089858483,b0f066a214c2f5e87bad3c948f4d605d) (ScriptedImporter) -> (artifact id: '363d9bb6908bba5c2072268086d4ff94') in 0.001943167 seconds
Number of updated asset objects reloaded before import = 0Number of asset objects unloaded after import = 1

========================================================================
Received Import Request.
  Time since last request: 0.000083 seconds.
  path: Assets/Sci-Fi Styled Modular Pack/Materials/window.mat
  artifactKey: Guid(6df5b81390f2c8d4d967baea2b0a190e) Importer(2089858483,b0f066a214c2f5e87bad3c948f4d605d)
Start importing Assets/Sci-Fi Styled Modular Pack/Materials/window.mat using Guid(6df5b81390f2c8d4d967baea2b0a190e) Importer(2089858483,b0f066a214c2f5e87bad3c948f4d605d) (ScriptedImporter) -> (artifact id: 'd3a2acdff98aa647cd16fd541582a367') in 0.644859292 seconds
Number of updated asset objects reloaded before import = 0Number of asset objects unloaded after import = 4

========================================================================
Received Import Request.
  Time since last request: 0.000050 seconds.
  path: Assets/Sci-Fi Styled Modular Pack/Example scenes/outpost on desertSettings.lighting
  artifactKey: Guid(877da0243b7dc473ab7175d241a60e9c) Importer(2089858483,b0f066a214c2f5e87bad3c948f4d605d)
Start importing Assets/Sci-Fi Styled Modular Pack/Example scenes/outpost on desertSettings.lighting using Guid(877da0243b7dc473ab7175d241a60e9c) Importer(2089858483,b0f066a214c2f5e87bad3c948f4d605d) (ScriptedImporter) -> (artifact id: '78d78415386b8b9d3990f4f711f854a1') in 0.002767167 seconds
Number of updated asset objects reloaded before import = 0Number of asset objects unloaded after import = 1

========================================================================
Received Import Request.
  Time since last request: 0.000051 seconds.
  path: Assets/Sci-Fi Styled Modular Pack/Materials/nature_ground.mat
  artifactKey: Guid(71c78677fdc08394da7fd716fb41a991) Importer(2089858483,b0f066a214c2f5e87bad3c948f4d605d)
Start importing Assets/Sci-Fi Styled Modular Pack/Materials/nature_ground.mat using Guid(71c78677fdc08394da7fd716fb41a991) Importer(2089858483,b0f066a214c2f5e87bad3c948f4d605d) (ScriptedImporter) -> (artifact id: '96e07dc79806d655606ebd627bc23051') in 0.00213725 seconds
Number of updated asset objects reloaded before import = 0Number of asset objects unloaded after import = 1

========================================================================
Received Import Request.
  Time since last request: 4.072491 seconds.
  path: Assets/Sci-Fi Styled Modular Pack/Materials/glass.mat
  artifactKey: Guid(2ce01831e9f3ae441bb48623e5fbe0c0) Importer(2089858483,b0f066a214c2f5e87bad3c948f4d605d)
Start importing Assets/Sci-Fi Styled Modular Pack/Materials/glass.mat using Guid(2ce01831e9f3ae441bb48623e5fbe0c0) Importer(2089858483,b0f066a214c2f5e87bad3c948f4d605d) (ScriptedImporter) -> (artifact id: 'd47a4c251a4935186cb389169a7665ce') in 0.00679375 seconds
Number of updated asset objects reloaded before import = 0Number of asset objects unloaded after import = 1

========================================================================
Received Import Request.
  Time since last request: 0.000116 seconds.
  path: Assets/Sci-Fi Styled Modular Pack/Example scenes/Materials/Sand.mat
  artifactKey: Guid(d7ecd8db85bf61440b7ca5d302afd010) Importer(2089858483,b0f066a214c2f5e87bad3c948f4d605d)
Start importing Assets/Sci-Fi Styled Modular Pack/Example scenes/Materials/Sand.mat using Guid(d7ecd8db85bf61440b7ca5d302afd010) Importer(2089858483,b0f066a214c2f5e87bad3c948f4d605d) (ScriptedImporter) -> (artifact id: 'ca2d453401cfb1509dc5aecef79ce00d') in 0.002959917 seconds
Number of updated asset objects reloaded before import = 0Number of asset objects unloaded after import = 1

========================================================================
Received Import Request.
  Time since last request: 0.000075 seconds.
  path: Assets/Sci-Fi Styled Modular Pack/Materials/Palletes/base color.mat
  artifactKey: Guid(10de6384af0c3b54e8166f9c3f936e88) Importer(2089858483,b0f066a214c2f5e87bad3c948f4d605d)
Start importing Assets/Sci-Fi Styled Modular Pack/Materials/Palletes/base color.mat using Guid(10de6384af0c3b54e8166f9c3f936e88) Importer(2089858483,b0f066a214c2f5e87bad3c948f4d605d) (ScriptedImporter) -> (artifact id: 'bec7c2c2130d33ae2263f6ee65cd3ff3') in 0.005529541 seconds
Number of updated asset objects reloaded before import = 0Number of asset objects unloaded after import = 4

========================================================================
Received Import Request.
  Time since last request: 0.000042 seconds.
  path: Assets/Sci-Fi Styled Modular Pack/Materials/comuter_wall.mat
  artifactKey: Guid(0d0f1f087865a1c47826008280428fdf) Importer(2089858483,b0f066a214c2f5e87bad3c948f4d605d)
Start importing Assets/Sci-Fi Styled Modular Pack/Materials/comuter_wall.mat using Guid(0d0f1f087865a1c47826008280428fdf) Importer(2089858483,b0f066a214c2f5e87bad3c948f4d605d) (ScriptedImporter) -> (artifact id: '41fc74dcae749d2b0c5c733880a76dfe') in 0.004373042 seconds
Number of updated asset objects reloaded before import = 0Number of asset objects unloaded after import = 3

========================================================================
Received Import Request.
  Time since last request: 0.000057 seconds.
  path: Assets/Sci-Fi Styled Modular Pack/Materials/screen.mat
  artifactKey: Guid(bf1464b84bb76b44abb088d5a41acfee) Importer(2089858483,b0f066a214c2f5e87bad3c948f4d605d)
Start importing Assets/Sci-Fi Styled Modular Pack/Materials/screen.mat using Guid(bf1464b84bb76b44abb088d5a41acfee) Importer(2089858483,b0f066a214c2f5e87bad3c948f4d605d) (ScriptedImporter) -> (artifact id: '8e4dfaf8ef3a8bee7d0df09fa6f0ed2d') in 0.002543416 seconds
Number of updated asset objects reloaded before import = 0Number of asset objects unloaded after import = 1

========================================================================
Received Import Request.
  Time since last request: 0.000049 seconds.
  path: Assets/Sci-Fi Styled Modular Pack/Materials/white emision.mat
  artifactKey: Guid(6b6dfd77776c54a4781ec8cab4d87860) Importer(2089858483,b0f066a214c2f5e87bad3c948f4d605d)
Start importing Assets/Sci-Fi Styled Modular Pack/Materials/white emision.mat using Guid(6b6dfd77776c54a4781ec8cab4d87860) Importer(2089858483,b0f066a214c2f5e87bad3c948f4d605d) (ScriptedImporter) -> (artifact id: 'ea410b1e0d8e2b0bb1763be23e754bc6') in 0.002987667 seconds
Number of updated asset objects reloaded before import = 0Number of asset objects unloaded after import = 1

========================================================================
Received Import Request.
  Time since last request: 0.000058 seconds.
  path: Assets/Sci-Fi Styled Modular Pack/Materials/nature_ground.mat
  artifactKey: Guid(71c78677fdc08394da7fd716fb41a991) Importer(2089858483,b0f066a214c2f5e87bad3c948f4d605d)
Start importing Assets/Sci-Fi Styled Modular Pack/Materials/nature_ground.mat using Guid(71c78677fdc08394da7fd716fb41a991) Importer(2089858483,b0f066a214c2f5e87bad3c948f4d605d) (ScriptedImporter) -> (artifact id: '37c7876657b65eca4229376e0f3d54c5') in 0.002619167 seconds
Number of updated asset objects reloaded before import = 0Number of asset objects unloaded after import = 1

========================================================================
Received Import Request.
  Time since last request: 0.000054 seconds.
  path: Assets/Sci-Fi Styled Modular Pack/Models/Materials/base color.mat
  artifactKey: Guid(1cf3cfed14637cd42a0ad3f801ebdb71) Importer(2089858483,b0f066a214c2f5e87bad3c948f4d605d)
Start importing Assets/Sci-Fi Styled Modular Pack/Models/Materials/base color.mat using Guid(1cf3cfed14637cd42a0ad3f801ebdb71) Importer(2089858483,b0f066a214c2f5e87bad3c948f4d605d) (ScriptedImporter) -> (artifact id: 'f5c74f58559c27c4c3aa015fe7eba267') in 0.002993542 seconds
Number of updated asset objects reloaded before import = 0Number of asset objects unloaded after import = 1

========================================================================
Received Import Request.
  Time since last request: 424.208690 seconds.
  path: Assets/Sci-Fi Styled Modular Pack/Materials/nature_leaves.mat
  artifactKey: Guid(5d84bcb5cc458944085f3169d277536d) Importer(2089858483,b0f066a214c2f5e87bad3c948f4d605d)
Start importing Assets/Sci-Fi Styled Modular Pack/Materials/nature_leaves.mat using Guid(5d84bcb5cc458944085f3169d277536d) Importer(2089858483,b0f066a214c2f5e87bad3c948f4d605d) (ScriptedImporter) -> (artifact id: '83aadfec068973427a80914beaded868') in 0.030685125 seconds
Number of updated asset objects reloaded before import = 0Number of asset objects unloaded after import = 2

========================================================================
Received Import Request.
  Time since last request: 0.000055 seconds.
  path: Assets/Sci-Fi Styled Modular Pack/Materials/hologram_particle.mat
  artifactKey: Guid(d37e8378fe566f84a8b75b0083ec4838) Importer(2089858483,b0f066a214c2f5e87bad3c948f4d605d)
Start importing Assets/Sci-Fi Styled Modular Pack/Materials/hologram_particle.mat using Guid(d37e8378fe566f84a8b75b0083ec4838) Importer(2089858483,b0f066a214c2f5e87bad3c948f4d605d) (ScriptedImporter) -> (artifact id: 'acbc893c79f224b26295e957ff29ad80') in 0.002557542 seconds
Number of updated asset objects reloaded before import = 0Number of asset objects unloaded after import = 1

========================================================================
Received Import Request.
  Time since last request: 0.000029 seconds.
  path: Assets/Sci-Fi Styled Modular Pack/Example scenes/Materials/Sand.mat
  artifactKey: Guid(d7ecd8db85bf61440b7ca5d302afd010) Importer(2089858483,b0f066a214c2f5e87bad3c948f4d605d)
Start importing Assets/Sci-Fi Styled Modular Pack/Example scenes/Materials/Sand.mat using Guid(d7ecd8db85bf61440b7ca5d302afd010) Importer(2089858483,b0f066a214c2f5e87bad3c948f4d605d) (ScriptedImporter) -> (artifact id: 'f996a51296603df5a18eb40240c50a57') in 0.0023085 seconds
Number of updated asset objects reloaded before import = 0Number of asset objects unloaded after import = 1

========================================================================
Received Import Request.
  Time since last request: 0.000028 seconds.
  path: Assets/Sci-Fi Styled Modular Pack/Materials/Palletes/base color.mat
  artifactKey: Guid(10de6384af0c3b54e8166f9c3f936e88) Importer(2089858483,b0f066a214c2f5e87bad3c948f4d605d)
Start importing Assets/Sci-Fi Styled Modular Pack/Materials/Palletes/base color.mat using Guid(10de6384af0c3b54e8166f9c3f936e88) Importer(2089858483,b0f066a214c2f5e87bad3c948f4d605d) (ScriptedImporter) -> (artifact id: '0a34059ddef784b590c22a4fdec9f98e') in 0.006206083 seconds
Number of updated asset objects reloaded before import = 0Number of asset objects unloaded after import = 4

========================================================================
Received Import Request.
  Time since last request: 0.000038 seconds.
  path: Assets/Sci-Fi Styled Modular Pack/Materials/lattice floor.mat
  artifactKey: Guid(62dcf96e239eb0d4db44cbe622abf152) Importer(2089858483,b0f066a214c2f5e87bad3c948f4d605d)
Start importing Assets/Sci-Fi Styled Modular Pack/Materials/lattice floor.mat using Guid(62dcf96e239eb0d4db44cbe622abf152) Importer(2089858483,b0f066a214c2f5e87bad3c948f4d605d) (ScriptedImporter) -> (artifact id: 'c1c3b089f6251900563bb44dfd637143') in 0.003010833 seconds
Number of updated asset objects reloaded before import = 0Number of asset objects unloaded after import = 2

========================================================================
Received Import Request.
  Time since last request: 0.000061 seconds.
  path: Assets/Sci-Fi Styled Modular Pack/Materials/projector_warning.mat
  artifactKey: Guid(51d587eafcd13384bafd060c5bc7cb82) Importer(2089858483,b0f066a214c2f5e87bad3c948f4d605d)
Start importing Assets/Sci-Fi Styled Modular Pack/Materials/projector_warning.mat using Guid(51d587eafcd13384bafd060c5bc7cb82) Importer(2089858483,b0f066a214c2f5e87bad3c948f4d605d) (ScriptedImporter) -> (artifact id: '6c3c86e6f36e1b6a53d44ef6c6a5a0bb') in 0.002918709 seconds
Number of updated asset objects reloaded before import = 0Number of asset objects unloaded after import = 2

========================================================================
Received Import Request.
  Time since last request: 0.000047 seconds.
  path: Assets/Sci-Fi Styled Modular Pack/Materials/screen.mat
  artifactKey: Guid(bf1464b84bb76b44abb088d5a41acfee) Importer(2089858483,b0f066a214c2f5e87bad3c948f4d605d)
Start importing Assets/Sci-Fi Styled Modular Pack/Materials/screen.mat using Guid(bf1464b84bb76b44abb088d5a41acfee) Importer(2089858483,b0f066a214c2f5e87bad3c948f4d605d) (ScriptedImporter) -> (artifact id: 'a6af984d2472485dbc435c1ea9dd8653') in 0.002348125 seconds
Number of updated asset objects reloaded before import = 0Number of asset objects unloaded after import = 1

========================================================================
Received Import Request.
  Time since last request: 0.000044 seconds.
  path: Assets/Sci-Fi Styled Modular Pack/Materials/window.mat
  artifactKey: Guid(6df5b81390f2c8d4d967baea2b0a190e) Importer(2089858483,b0f066a214c2f5e87bad3c948f4d605d)
Start importing Assets/Sci-Fi Styled Modular Pack/Materials/window.mat using Guid(6df5b81390f2c8d4d967baea2b0a190e) Importer(2089858483,b0f066a214c2f5e87bad3c948f4d605d) (ScriptedImporter) -> (artifact id: '4e997bda041aaffa720763f7ff0452c9') in 0.005191125 seconds
Number of updated asset objects reloaded before import = 0Number of asset objects unloaded after import = 4

